{"id":1006,"created":1449242768,"modified":1449242768,"data":{"arcane_focus_component":"0","area":null,"casting_time":"1 standard action","corrupt_component":"0","description_html":"\u003cp\u003eAn invisible force, not unlike an unseen servant, comes into being where the caster wishes.\u003cbr /\u003eOn the caster\u0026#39;s turn, this force steals objects from others as she inaudibly directs it to (a free action).\u003cbr /\u003eA phantasmal thief can only steal from creatures.\u003cbr /\u003eIt cannot break into locked chests or steal unattended objects.\u003cbr /\u003eA phantasmal thief has a Hide modifier of +20 (useful against those who can see invisible creatures) and a Move Silently modifier of +20.\u003cbr /\u003eIf a phantasmal thief goes undetected, it can steal any object a creature possesses but is not holding or wearing.\u003cbr /\u003eEven objects in a bag of holding can be stolen.\u003cbr /\u003eIt can only steal objects, bring objects to the caster, or put them back where they came from.\u003cbr /\u003eIt can take no other actions.\u003cbr /\u003eA phantasmal thief needs 1 round to steal an object and another round to bring it to the caster.\u003cbr /\u003eA phantasmal thief can only hold one object at a time, and the object becomes invisible in its grasp.\u003cbr /\u003eThe thief cannot take an item if it is detected by the creature it\u0026#39;s trying to steal from (with a Listen or Spot check).\u003cbr /\u003eHowever, the thief can repeat the attempt in the next round.\u003cbr /\u003eIt cannot be harmed in any way, although it can be dispelled.\u003cbr /\u003eA phantasmal thief can steal an object from a creature\u0026#39;s hand by making a successful disarm attempt.\u003cbr /\u003eIt does this as if it had the Improved Disarm feat and a +20 Strength modifier.\u003cbr /\u003eIf a phantasmal thief is used in this way, it disappears after it brings the stolen object to the caster.\u003cbr /\u003eMaterial Component: A spool of green thread.\u003c/p\u003e","descriptors":"","divine_focus_component":"0","duration":"1 round/level","effect":"One object","id":1006,"material_component":"1","meta_breath_component":"0","name":"Phantasmal Thief","page":null,"rulebook":"Draconomicon","saving_throw":"None","school":"Conjuration","somatic_component":"1","spell_range":"Close (25 ft. + 5 ft./2 levels)","spell_resistance":"No","subschool":"Creation","target":null,"true_name_component":"0","verbal_component":"1","xp_component":"0"}}