{"id":1025,"created":1449242768,"modified":1449242768,"data":{"arcane_focus_component":"0","area":null,"casting_time":null,"corrupt_component":"0","description_html":"\u003cp\u003eAs breath flare, except that targets that fail their saving throws against your breath weapon are permanently blinded, rather than dazzled.\u003c/p\u003e","descriptors":"Light","divine_focus_component":"0","duration":null,"effect":null,"id":1025,"material_component":"0","meta_breath_component":"0","name":"Blinding Breath","page":null,"rulebook":"Draconomicon","saving_throw":null,"school":"Transmutation","somatic_component":"0","spell_range":null,"spell_resistance":null,"subschool":"","target":null,"true_name_component":"0","verbal_component":"0","xp_component":"0"}}