{"id":1030,"created":1449242769,"modified":1449242769,"data":{"arcane_focus_component":"1","area":null,"casting_time":"1 standard action","corrupt_component":"0","description_html":"\u003cp\u003eAt one point during the duration of this spell, you can attempt to alter the outcome of a game of chance.\u003cbr /\u003eThis spell can only affect nonmagical games, such as those using cards or dice.\u003cbr /\u003eIt cannot affect a game involving magic, nor a magic item involved in a game of chance (such as a deck of many things).\u003cbr /\u003eWhenever a roll is made to determine the outcome of the game, a character under the effect of this spell may demand\u003cbr /\u003ea reroll and take the better of the two rolls.\u003cbr /\u003eFor example, Darkon is playing a game that he has a 1 in 4 chance of winning.\u003cbr /\u003eThe DM secretly rolls 1d4 and tells the player that Darkon lost.\u003cbr /\u003eBecause Darkon is under the effect of a cheat spell, the player can have the DM reroll.\u003cbr /\u003eThe spell alters probability, so there is no subterfuge that another character could notice (except for the casting of the spell itself ).\u003cbr /\u003eFocus: A pair of dice made from human bones.\u003c/p\u003e","descriptors":"Evil","divine_focus_component":"0","duration":"1 minute/level or until used","effect":null,"id":1030,"material_component":"0","meta_breath_component":"0","name":"Cheat","page":null,"rulebook":"Draconomicon","saving_throw":"None","school":"Transmutation","somatic_component":"1","spell_range":"Personal","spell_resistance":"No","subschool":"","target":"You","true_name_component":"0","verbal_component":"1","xp_component":"0"}}