{"id":1050,"created":1449242769,"modified":1449242769,"data":{"arcane_focus_component":"0","area":null,"casting_time":"1 standard action","corrupt_component":"0","description_html":"\u003cp\u003eThe creature you touch becomes more agile in the air, able to make quicker turns, and more maneuverable when flying.\u003cbr /\u003eThe target must be capable of flight using wings.\u003cbr /\u003eThe creature\u0026#39;s maneuverability improves by one step\u0026#8212;\u003cbr /\u003efrom clumsy to poor, poor to average, average to good, or good to perfect.\u003cbr /\u003eA single creature cannot benefit from multiple applications of this spell at one time.\u003c/p\u003e","descriptors":"","divine_focus_component":"0","duration":"1 minute/level","effect":null,"id":1050,"material_component":"0","meta_breath_component":"0","name":"Wings of Air","page":null,"rulebook":"Draconomicon","saving_throw":"None (harmless)","school":"Transmutation","somatic_component":"0","spell_range":"Touch","spell_resistance":"No (harmless)","subschool":"","target":"Winged creature touched","true_name_component":"0","verbal_component":"1","xp_component":"0"}}