{"id":1054,"created":1449242769,"modified":1449242769,"data":{"arcane_focus_component":"0","area":null,"casting_time":"1 full round","corrupt_component":"0","description_html":"\u003cp\u003eThe very ground erupts in a shower of stone and dirt, accompanied by a thunderclap.\u003cbr /\u003eStanding in the center of the damaged ground is a creature of stone, wood, and plant parts resembling the regal form of a guardian dragon.\u003cbr /\u003eThis spell summons one twilight guardian (see page 121) to fight for you.\u003cbr /\u003eThe spell functions like a summon nature\u0026#39;s ally spell, but with one exception.\u003cbr /\u003eAt any time, a summoned twilight guardian can sacrifice itself by simply touching you (a standard action); the twilight guardian is immediately destroyed, and you gain a number of hit points equal to 1/2 the twilight guardian\u0026#39;s remaining hit points before its sacrifice.\u003cbr /\u003eSpecial: A character who learns this spell gains a +1 competence bonus on Knowledge (nature) checks.\u003c/p\u003e","descriptors":"","divine_focus_component":"0","duration":"1 round/level","effect":"One twilight guardian","id":1054,"material_component":"0","meta_breath_component":"0","name":"Call of the Twilight Defender","page":null,"rulebook":"Dragon Magic","saving_throw":"None","school":"Conjuration","somatic_component":"0","spell_range":"Close (25 ft. + 5 ft./2 levels)","spell_resistance":"No","subschool":"Summoning","target":null,"true_name_component":"0","verbal_component":"1","xp_component":"0"}}