{"id":1056,"created":1449242769,"modified":1449242769,"data":{"arcane_focus_component":"0","area":"Cone-shaped emanation","casting_time":"1 standard action","corrupt_component":"0","description_html":"\u003cp\u003eThis spell functions like detect evil, except that you detect the auras of creatures of the dragon type or the dragonblood subtype (see page 4). The amount of information revealed depends on how long you study a particular area or subject.\u003cbr /\u003e1st Round: Presence or absence of dragonblooded creatures.\u003cbr /\u003e2nd Round:Number of dragonblooded in the area, and the power of the most potent aura.\u003cbr /\u003e3rd Round: The power and location of each aura. If an aura is outside your line of sight, you learn its direction but not its exact location.\u003cbr /\u003eIf an aura is within your line of sight, you can make a Knowledge (arcana) check (DC 10 + target\u0026#39;s HD) to determine whether the aura is of the dragon type or the dragonblood subtype.\u003cbr /\u003eAura Power: The power of a dragonblooded creature\u0026#39;s aura depends on its Hit Dice and the strength of its connection to dragons; see the accompanying table. If a creature\u0026#39;s aura falls into more than one category, the spell indicates the stronger of the two.\u003c/p\u003e","descriptors":"","divine_focus_component":"0","duration":"Concentration, up to 10 min./level (D)","effect":"","id":1056,"material_component":"0","meta_breath_component":"0","name":"Detect Dragonblood","page":66,"rulebook":"Dragon Magic","saving_throw":"None","school":"Divination","somatic_component":"1","spell_range":"60 ft.","spell_resistance":"No","subschool":"","target":"","true_name_component":"0","verbal_component":"1","xp_component":"0"}}