{"id":1068,"created":1449242769,"modified":1449242769,"data":{"arcane_focus_component":"0","area":null,"casting_time":"1 standard action","corrupt_component":"0","description_html":"\u003cp\u003eA burst of white-hot fire springs into existence around you, swirling and twisting dangerously.\u003cbr /\u003eThis spell surrounds you with white-hot flames.\u003cbr /\u003eAt the end of each of your turns, any enemy adjacent to you or sharing your space takes 1d6 points of fire damage.\u003cbr /\u003eYour melee attacks deal an extra 1d6 points of fire damage.\u003cbr /\u003eSpecial: A red dragon capable of casting 5th-level sorcerer spells can cast this spell as a swift action.\u003c/p\u003e","descriptors":"Fire","divine_focus_component":"0","duration":"1 round/level","effect":null,"id":1068,"material_component":"0","meta_breath_component":"0","name":"Wreath of Flames","page":null,"rulebook":"Dragon Magic","saving_throw":null,"school":"Evocation","somatic_component":"1","spell_range":"Personal","spell_resistance":null,"subschool":"","target":"You","true_name_component":"0","verbal_component":"1","xp_component":"0"}}