{"id":1086,"created":1449242770,"modified":1449242770,"data":{"arcane_focus_component":"0","area":null,"casting_time":"1 standard action","corrupt_component":"0","description_html":"\u003cp\u003eTranslucent, catlike eyes appear over your own, flaring brightly for a moment before fading to invisibility.\u003cbr /\u003eThis spell calls upon the primal forces of creation to grant you the senses of your primitive ancestors.\u003cbr /\u003eYou gain low-light vision and a +5 competence bonus on Listen and Spot checks.\u003cbr /\u003eIf primal senses is active on you at the same time as primal hunter, primal instinct, or primal speed, you gain uncanny dodge (as the barbarian class feature).\u003cbr /\u003eIf all four of these spells are active on you at the same time, you gain improved uncanny dodge (as the barbarian class feature; your barbarian level for the purpose of being flanked equals your caster level).\u003cbr /\u003eSpecial: If you are of the dragonblood subtype (see page 4), you also gain blindsense out to 10 feet.\u003c/p\u003e","descriptors":"","divine_focus_component":"0","duration":"24 hours","effect":null,"id":1086,"material_component":"0","meta_breath_component":"0","name":"Primal Senses","page":null,"rulebook":"Dragon Magic","saving_throw":null,"school":"Transmutation","somatic_component":"1","spell_range":"Personal","spell_resistance":null,"subschool":"","target":"You","true_name_component":"0","verbal_component":"1","xp_component":"0"}}