{"id":1088,"created":1449242770,"modified":1449242770,"data":{"arcane_focus_component":"0","area":null,"casting_time":"1 standard action","corrupt_component":"0","description_html":"\u003cp\u003eA wreath of crackling energy encircles your body, twisting madly around you before sinking into your skin in an unsettling fashion.\u003cbr /\u003eThis spell infuses your body with energy drawn from the primal forces of chaos.\u003cbr /\u003eYou gain a +5 competence bonus on Escape Artist checks, as well on grapple checks to resist or escape a grapple.\u003cbr /\u003eYour natural weapons are treated as chaotic-aligned for the purpose of overcoming damage reduction.\u003cbr /\u003eRegardless of your normal alignment, you are considered chaotic-aligned for the purpose of effects that rely on alignment (such as protection from chaos or chaos hammer).\u003cbr /\u003eIf soul of anarchy and soul of light are active on you at the same time, you gain damage reduction 3/evil or lawful.\u003cbr /\u003eIf soul of anarchy and soul of shadow are active on you at the same time, you gain damage reduction 3/good or lawful.\u003cbr /\u003eSoul of anarchy counters and dispels soul of order, and vice versa.\u003cbr /\u003eSpecial: A chaotic-aligned dragon capable of casting 4th-level sorcerer spells can cast this spell as a swift action.\u003c/p\u003e","descriptors":"Chaotic","divine_focus_component":"0","duration":"1 hour","effect":null,"id":1088,"material_component":"0","meta_breath_component":"0","name":"Soul of Anarchy","page":null,"rulebook":"Dragon Magic","saving_throw":null,"school":"Transmutation","somatic_component":"1","spell_range":"Personal","spell_resistance":null,"subschool":"","target":"You","true_name_component":"0","verbal_component":"1","xp_component":"0"}}