{"id":1091,"created":1449242770,"modified":1449242770,"data":{"arcane_focus_component":"0","area":null,"casting_time":"1 standard action","corrupt_component":"0","description_html":"\u003cp\u003eFlecks of darkness whirl in your eyes, and your shadow seems to grow and writhe, echoing darkness within you.\u003cbr /\u003eThis spell infuses your body with energy drawn from the Negative Energy Plane.\u003cbr /\u003eWhenever you cast or are the target of an inflict spell, you can choose for the spell to deal a number of extra points of damage equal to twice the spell\u0026#39;s level.\u003cbr /\u003e(Only undead casters typically choose for such spells to \u0026quot;deal\u0026quot; extra damage to them).\u003cbr /\u003eIf you cast such a spell that deals at least 10 points of damage to any one target, it also removes the fatigued condition from you (or reduces exhaustion to fatigue).\u003cbr /\u003eIf soul of shadow and soul of anarchy are active on you at the same time, you gain damage reduction 3/good or lawful.\u003cbr /\u003eIf soul of shadow and soul of order are active on you at the same time, you gain damage reduction 3/chaotic or good.\u003cbr /\u003eSoul of shadow counters and dispels soul of light, and vice versa.\u003cbr /\u003eSpecial: An evil-aligned dragon capable of casting 5th-level sorcerer spells can cast this spell as a swift action.\u003c/p\u003e","descriptors":"Evil","divine_focus_component":"0","duration":"1 hour","effect":null,"id":1091,"material_component":"0","meta_breath_component":"0","name":"Soul of Shadow","page":null,"rulebook":"Dragon Magic","saving_throw":null,"school":"Transmutation","somatic_component":"1","spell_range":"Personal","spell_resistance":null,"subschool":"","target":"You","true_name_component":"0","verbal_component":"1","xp_component":"0"}}