{"id":1094,"created":1449242770,"modified":1449242770,"data":{"arcane_focus_component":"0","area":"","casting_time":"1 round","corrupt_component":"0","description_html":"\u003cp\u003eAs you speak the ancient words, the torrent of rage begins to drain from the eyes of the dragon before you.\u003c/p\u003e\u003c/b\u003e\u003c/b\u003e\u003cp\u003eThis spell helps calm the effects, of the Dracorage. It instantaneously restores 5 points of Wisdom damage resulting from the Dracorage (but not other sources) and returns the dragon\u0026#39;s negative attitude toward nondragons one step closer in the positive direction (from unfriendly to indifferent, for example).\u003c/p\u003e\u003c/b\u003e\u003c/b\u003e\u003cp\u003eIn addition, the spell also protects the dragon from having to make another save against the Dracorage for a number of days equal to the caster\u0026#39;s level (maximum 20 days).\u003c/p\u003e\u003c/b\u003e\u003c/b\u003e\u003cp\u003eThis spell counters or dispels aggravate Dracorage.\u003c/p\u003e\u003c/b\u003e\u003c/b\u003e\u003cp\u003eOrigin: The abate Dracorage spell was rediscovered by the song dragon, Karasendrieth the Dragon Bard, while carrying out research at the Ilmatari Monastery of the Yellow Rose.\u003c/p\u003e","descriptors":"","divine_focus_component":"0","duration":"1 day/level; see text","effect":"","id":1094,"material_component":"0","meta_breath_component":"0","name":"Abate Dracorage","page":null,"rulebook":"Dragons of Faerun","saving_throw":"Will negates (harmless)","school":"Abjuration","somatic_component":"1","spell_range":"Close (25 ft. + 5 ft./2 levels)","spell_resistance":"Yes (harmless)","subschool":"","target":"One dragon","true_name_component":"0","verbal_component":"1","xp_component":"0"}}