{"id":1096,"created":1449242770,"modified":1449242770,"data":{"arcane_focus_component":"0","area":null,"casting_time":"1 standard action","corrupt_component":"0","description_html":"\u003cp\u003eYou cup your hands as if to catch the light and then bend them outward, causing the air in front of the recipient\u0026#39;s eyes to take on a shimmery, reflective quality.\u003cbr /\u003eThis spell creates a mirrorlike area around the recipient\u0026#39;s eyes.\u003cbr /\u003eThis effect moves with the recipient and does not affect his vision.\u003cbr /\u003eIf the recipient is subjected to a gaze attack while the spell lasts, there is a 50% chance that he does not need to attempt a saving throw against the attack (just as if the recipient had averted his eyes).\u003cbr /\u003eThe foe with the gaze attack does not have concealment from the recipient (see Gaze Attacks, \u003cspan class=\"caps\"\u003eDMG\u003c/span\u003e 294).\u003cbr /\u003eThe recipient gets no additional protection from averting his eyes while the spell lasts, though he can shut his eyes and entirely avoid the gaze.\u003c/p\u003e","descriptors":"","divine_focus_component":"0","duration":"10 min./level","effect":null,"id":1096,"material_component":"0","meta_breath_component":"0","name":"Gaze Screen","page":null,"rulebook":"Dragons of Faerun","saving_throw":"Will negates (harmless)","school":"Abjuration","somatic_component":"1","spell_range":"Touch","spell_resistance":"Yes (harmless)","subschool":"","target":"1 living creature","true_name_component":"0","verbal_component":"1","xp_component":"0"}}