{"id":1111,"created":1449242770,"modified":1449242770,"data":{"arcane_focus_component":"0","area":null,"casting_time":"1 standard action","corrupt_component":"0","description_html":"\u003cp\u003eThe object begins to darken, imbued with the malice of the Dark Lady.\u003cbr /\u003eThe touched object radiates darkness with all the properties of a.\u003cbr /\u003edeeper darkness spell, except that evil dragons and dragonblood creatures can see normally.\u003cbr /\u003eThe darkness from this spell also has a number of additional qualities:\u003cbr /\u003eFirst, the darkened area acts as a desecrate spell.\u003cbr /\u003eSecond, a good dragon or dragonblood creature cannot enter the area of darkness unless it makes a Will save.\u003cbr /\u003eIf it makes the saving throw, it can enter the area, but each round that it remains in the area of darkness, it takes 2d6 points of damage and is dazed.\u003cbr /\u003eA successful Will save halves the damage and negates the daze effect.\u003cbr /\u003eThird, shadow of the Dark Queen counters and dispels light of Xymor, and it also counters and dispels any light spell of equal or lower level, including daylight and light.\u003cbr /\u003eSpecial: Divine spellcasters who derive their power from Tiamat cast this spell at +1 caster level.\u003c/p\u003e","descriptors":"Evil","divine_focus_component":"0","duration":"2 rounds/level","effect":null,"id":1111,"material_component":"0","meta_breath_component":"0","name":"Shadow of the Dark Queen","page":null,"rulebook":"Dragons of Faerun","saving_throw":"Will partial; see text","school":"Evocation","somatic_component":"1","spell_range":"Touch","spell_resistance":"Yes","subschool":"","target":"One touched object","true_name_component":"0","verbal_component":"1","xp_component":"0"}}