{"id":1112,"created":1449242770,"modified":1449242770,"data":{"arcane_focus_component":"0","area":"Cylinder 10 ft. wide, 25 ft. long","casting_time":"1 standard action","corrupt_component":"0","description_html":"\u003cp\u003eTiny pinpricks tingle over your entire body as if a swarm of needles is trying to emerge from beneath your flesh.\u003cbr /\u003eAs you complete the incantation, daggerlike shards of force burst forth from your skin.\u003cbr /\u003eYou create a brief maelstrom of daggerlike, flying darts of force that spin, slice, and rebound within the area.\u003cbr /\u003eAll within the area take 1d6 points of force damage per caster level (maximum 10d6).\u003cbr /\u003eThe name is a misnomer, since the spell creates neither steel nor a true sting.\u003cbr /\u003eOrigin: This spell was created decades ago by Rythtalies of Amn, who patterned it after the blade barrier spell employed by a cleric of Bhaal.\u003cbr /\u003eHe then taught it to Jalanvaloss.\u003c/p\u003e","descriptors":"Force","divine_focus_component":"0","duration":"Instantaneous","effect":null,"id":1112,"material_component":"0","meta_breath_component":"0","name":"Steelsting","page":null,"rulebook":"Dragons of Faerun","saving_throw":"Reflex half","school":"Evocation","somatic_component":"0","spell_range":"Medium (100 ft. + 10 ft./levels)","spell_resistance":"Yes","subschool":"","target":null,"true_name_component":"0","verbal_component":"1","xp_component":"0"}}