{"id":1115,"created":1449242770,"modified":1449242770,"data":{"arcane_focus_component":"0","area":null,"casting_time":"1 standard action","corrupt_component":"0","description_html":"\u003cp\u003eThe creature looks confused as it exhales a much smaller breath weapon than expected.\u003cbr /\u003eThe targeted creature\u0026#39;s breath weapon loses 1 die of damage per caster level.\u003cbr /\u003eThis spell cannot reduce the target\u0026#39;s breath weapon to less than 1 die of damage.\u003cbr /\u003eSpecial: If you sprinkle ashes of an object damaged or destroyed by the breath weapon of the type of dragon being targeted (worth at least 100 gp), the caster level of the spell increases by two.\u003c/p\u003e","descriptors":"","divine_focus_component":"0","duration":"10 min./level","effect":null,"id":1115,"material_component":"0","meta_breath_component":"0","name":"Diminish Breath Weapon","page":null,"rulebook":"Dragons of Faerun","saving_throw":"Will negates","school":"Transmutation","somatic_component":"0","spell_range":"Close (25 ft. + 5 ft./2 levels)","spell_resistance":"Yes","subschool":"","target":"One creature","true_name_component":"0","verbal_component":"1","xp_component":"0"}}