{"id":112,"created":1449242750,"modified":1449242750,"data":{"arcane_focus_component":"0","area":null,"casting_time":"1 round","corrupt_component":"0","description_html":"\u003cp\u003eIf the target of this spell has lost a valuable item as the result of the spell soul\u0026#39;s treasure lost (described in the Book of Vile Darkness), this spell restores that item.\u003cbr /\u003eThis spell must be cast within 4 hours of the destruction of the item.\u003cbr /\u003eUpon completion of the casting, the disintegrated item\u003cbr /\u003ereturns to the possession of the original owner in the condition it was in before being disintegrated.\u003cbr /\u003eSacrifice: 1d4 points of Constitution drain.\u003c/p\u003e","descriptors":"","divine_focus_component":"0","duration":"Instantaneous","effect":null,"id":112,"material_component":"0","meta_breath_component":"0","name":"Restore Soul's Treasure","page":null,"rulebook":"Book of Exalted Deeds","saving_throw":"None","school":"Transmutation","somatic_component":"0","spell_range":"Close (25 ft. + 5 ft./2 levels)","spell_resistance":"No","subschool":"","target":"Disintegrated remains of one item","true_name_component":"0","verbal_component":"0","xp_component":"0"}}