{"id":1120,"created":1449242771,"modified":1449242771,"data":{"arcane_focus_component":"0","area":null,"casting_time":"1 full round","corrupt_component":"0","description_html":"\u003cp\u003eThe air wavers and shimmers, finally coalescing into a large cube of glistening ooze.\u003cbr /\u003eEngulfing terror creates a gelatinous cube (MM 201) in a space you designate.\u003cbr /\u003eThe space must be large enough to accommodate the creature.\u003cbr /\u003eIf not, the spell automatically fails.\u003cbr /\u003eUpon appearing, the cube acts on your turn, attacking the nearest living creature each round.\u003cbr /\u003eYou have no control over it and cannot direct it.\u003cbr /\u003eThe gelatinous cube remains until it is destroyed or has no remaining targets to attack, at which point it moves away in a random direction.\u003c/p\u003e","descriptors":"","divine_focus_component":"0","duration":"1 round/level","effect":"One gelatinous cube","id":1120,"material_component":"0","meta_breath_component":"0","name":"Engulfing Terror","page":null,"rulebook":"Drow of the Underdark","saving_throw":"None","school":"Conjuration","somatic_component":"1","spell_range":"Close (25 ft. + 5 ft./2 levels)","spell_resistance":"No","subschool":"Creation","target":null,"true_name_component":"0","verbal_component":"1","xp_component":"0"}}