{"id":114,"created":1449242750,"modified":1449242750,"data":{"arcane_focus_component":"0","area":null,"casting_time":"1 standard action","corrupt_component":"0","description_html":"\u003cp\u003eThis spell allows the target to treat all of its natural attacks as silvered weapons.\u003cbr /\u003eThe spell affects slam attacks, fist or claw attacks, bite attacks, and any other natural weapons the target creature possesses.\u003cbr /\u003eThe spell does not change an unarmed strike\u0026#39;s damage from nonlethal damage to lethal damage, however.\u003cbr /\u003eSilvered claws can be made permanent with a permanency spell.\u003c/p\u003e","descriptors":"","divine_focus_component":"1","duration":"1 minute/level","effect":null,"id":114,"material_component":"0","meta_breath_component":"0","name":"Silvered Claws","page":null,"rulebook":"Book of Exalted Deeds","saving_throw":"Will negates (harmless)","school":"Transmutation","somatic_component":"1","spell_range":"Touch","spell_resistance":"Yes (harmless)","subschool":"","target":"One living creature touched","true_name_component":"0","verbal_component":"1","xp_component":"0"}}