{"id":1147,"created":1449242771,"modified":1449242771,"data":{"arcane_focus_component":"0","area":null,"casting_time":"I standard action","corrupt_component":"0","description_html":"\u003cp\u003eThe ground trembles as you cast this spell.\u003cbr /\u003eSuddenly, a yawning rift filled with black fire splits the ground, threatening to devour all.\u003cbr /\u003eThis spell creates a rectangular rift in the ground.\u003cbr /\u003eYou designate where the rift opens, but it must be in a straight line on relatively level ground.\u003cbr /\u003eThroughout the spell\u0026#39;s duration, any conjuration spells with the evil descriptor that are cast within 60 feet of the rift function at caster level +2.\u003cbr /\u003eYou cannot make the rift open beneath a fixed structure such as a tower, castle wall, or Daern\u0026#39;s instant fortress.\u003cbr /\u003eHowever, you can make it open underneath a wagon, tent, or similarly mobile object or lightweight structure.\u003cbr /\u003eUntended objects wholly or partly in squares occupied by the rift fall in, taking 6d6 points of damage from the fall.\u003cbr /\u003eAny creature standing wholly or partly in the area where the rift opens must succeed on a Reflex saving throw or fall into it as well, taking a like amount of damage.\u003cbr /\u003eA successful save indicates that the creature avoids falling in by moving to the nearest safe square(s).\u003cbr /\u003eAnything that falls into the rift is scorched by black fire that deals 6d6 points of fire damage per round and 6d6 points of divine energy damage per round.\u003cbr /\u003eEnergy resistance or immunity does not protect against the divine energy damage.\u003cbr /\u003eOn the second and third rounds of the spell\u0026#39;s duration, black fire continues to fill the rift.\u003cbr /\u003eIn addition, the rift sprouts black fiery tentacles that reach out to all creatures within 60 feet of the rift\u0026#39;s edge.\u003cbr /\u003eSuch creatures are entitled to a Reflex save each round to avoid the fiery tendrils; a creature that fails its save is lashed for 3d6 points of fire damage and 3d6 points of divine energy damage.\u003cbr /\u003eAt the end of the spell\u0026#39;s duration, the rift closes.\u003cbr /\u003eAnything still trapped inside the rift when it closes plane shifts (as the spell) to a random layer of the Abyss.\u003cbr /\u003eAll that remains of the rift is a permanent scar on the ground where it formed.\u003cbr /\u003eMaterial Component: A miniature adamantine and gem-studded pickaxe worth at least 1,000 gp.\u003c/p\u003e","descriptors":"Evil","divine_focus_component":"0","duration":"3 rounds","effect":"10-ft.-wide, 60-ft.-deep rift, up to 5 ft. long per caster level","id":1147,"material_component":"1","meta_breath_component":"0","name":"Abyssal Rift","page":null,"rulebook":"Fiendish Codex I: Hordes of the Abyss","saving_throw":"Reflex negates; see text","school":"Conjuration","somatic_component":"1","spell_range":"Long (400 ft. + 40 ft./level)","spell_resistance":"Yes","subschool":"Calling","target":null,"true_name_component":"0","verbal_component":"1","xp_component":"0"}}