{"id":1161,"created":1449242771,"modified":1449242771,"data":{"arcane_focus_component":"0","area":null,"casting_time":"1 standard action","corrupt_component":"0","description_html":"\u003cp\u003eYour flesh becomes thick and leathery like a demon\u0026#39;s.\u003cbr /\u003eThis spell grants you a +1 enhancement bonus to your natural armor for every five caster levels you possess (minimum +1, maximum +4).\u003cbr /\u003eA creature without natural armor has an effective natural armor bonus of +0.\u003c/p\u003e","descriptors":"Evil","divine_focus_component":"0","duration":"1 minute/level","effect":null,"id":1161,"material_component":"0","meta_breath_component":"0","name":"Demonflesh","page":null,"rulebook":"Fiendish Codex I: Hordes of the Abyss","saving_throw":null,"school":"Transmutation","somatic_component":"1","spell_range":"Personal","spell_resistance":null,"subschool":"","target":"You","true_name_component":"0","verbal_component":"1","xp_component":"0"}}