{"id":117,"created":1449242750,"modified":1449242750,"data":{"arcane_focus_component":"0","area":null,"casting_time":"1 round","corrupt_component":"0","description_html":"\u003cp\u003eThis spell instantly relieves the negative effects of hunger and thirst and allows the targets to go without food or water for the duration of the spell, suffering no ill effects from the deprivation.\u003cbr /\u003eAn affected creature can eat or drink normally without difficulty.\u003cbr /\u003eWhen the spell ends, the creatures must resume normal eating and drinking habits, but do not feel any adverse effects from the missed meals.\u003cbr /\u003eThe size of the creature is not a factor; a Tiny lizard and a Colossal dragon are both fully nourished by the spell.\u003cbr /\u003eMaterial Component: A flask of warm wine and a loaf of bread.\u003c/p\u003e","descriptors":"","divine_focus_component":"0","duration":"6 hours/level","effect":null,"id":117,"material_component":"1","meta_breath_component":"0","name":"Sustain","page":null,"rulebook":"Book of Exalted Deeds","saving_throw":"None","school":"Transmutation","somatic_component":"1","spell_range":"Touch","spell_resistance":"Yes (harmless)","subschool":"","target":"Up to one living creature touched/two levels","true_name_component":"0","verbal_component":"1","xp_component":"0"}}