{"id":1172,"created":1449242772,"modified":1449242772,"data":{"arcane_focus_component":"0","area":null,"casting_time":"1 swift action","corrupt_component":"0","description_html":"\u003cp\u003eYou intone profane words of prayer and run your fingers across your face.\u003cbr /\u003eAs they pass, your features soften, becoming attractive and appealing.\u003cbr /\u003eYou feel a powerful confidence building inside you.\u003cbr /\u003eYou gain a +4 profane bonus to Charisma, adding the usual benefits to Charisma-based skill checks and other uses of the Charisma modifier.\u003cbr /\u003eIf you have levels in a noncleric spellcasting class that relies on Charisma, this spell does not grant additional bonus spells, though it could increase the save DCs for spells you cast from that class.\u003cbr /\u003eIn addition, for the duration of this spell, your type changes to outsider, making you immune to spells and effects that specifically target humanoids, such as charm person and hold person.\u003c/p\u003e","descriptors":"Evil","divine_focus_component":"0","duration":"1 min./level","effect":null,"id":1172,"material_component":"0","meta_breath_component":"0","name":"Devil's Ego","page":null,"rulebook":"Fiendish Codex II: Tyrants of the Nine Hells","saving_throw":null,"school":"Transmutation","somatic_component":"1","spell_range":"Personal","spell_resistance":null,"subschool":"","target":"You","true_name_component":"0","verbal_component":"1","xp_component":"0"}}