{"id":1180,"created":1449242772,"modified":1449242772,"data":{"arcane_focus_component":"0","area":null,"casting_time":"1 standard action","corrupt_component":"0","description_html":"\u003cp\u003eUpon the casting of this spell, the target\u0026#39;s flesh transforms, assuming a dull metallic hue.\u003cbr /\u003eIts eyes erupt with unholy flame, and when it opens its mouth, you see the fires of Hell roiling within.\u003cbr /\u003eA creature affected by investiture of the hellfire engine gains all the benefits described under the iron body spell (PH 245), except that its flesh transforms into living cold iron.\u003cbr /\u003eIts unarmed natural attacks count as cold iron for the purpose of overcoming damage reduction.\u003cbr /\u003eIn addition, the subject can breathe a 30-foot cone of hellfire that deals 8d10 points damage.\u003cbr /\u003eThis damage is not fire damage, and is not subject to being reduced by resistance to fire-based attacks, such as that granted by protection from energy (fire), fire shield (chill shield),\u003cbr /\u003eand similar magic.\u003cbr /\u003eAll creatures in the area are entitled to a Reflex save against the spell\u0026#39;s DC for half damage.\u003cbr /\u003eThe subject must wait 1d4 rounds between each use of this breath weapon.\u003cbr /\u003eThe subject also gains resistance to fire 20.\u003cbr /\u003eThis resistance stacks with the resistance granted by other evil investiture spells (but not with multiple castings of investiture of the chain devil).\u003cbr /\u003eWhile this spell is in effect, magic weapons with the evil outsider bane special ability have full effect against the subject of the investiture.\u003cbr /\u003eAfter the spell\u0026#39;s duration expires (or if it is dispelled or ended through some other means), the subject is fatigued for 1 minute.\u003cbr /\u003eMaterial Component: A fist-sized chunk of brimstone.\u003c/p\u003e","descriptors":"Evil, Investiture","divine_focus_component":"0","duration":"1 minute/level","effect":null,"id":1180,"material_component":"1","meta_breath_component":"0","name":"Investiture of the Hellfire Engine","page":null,"rulebook":"Fiendish Codex II: Tyrants of the Nine Hells","saving_throw":"Will negates (harmless); see text","school":"Transmutation","somatic_component":"1","spell_range":"Close (25 ft. + 5 ft./2 levels)","spell_resistance":"Yes (harmless)","subschool":"","target":"One living creature","true_name_component":"0","verbal_component":"1","xp_component":"0"}}