{"id":1184,"created":1449242772,"modified":1449242772,"data":{"arcane_focus_component":"0","area":null,"casting_time":"1 standard action","corrupt_component":"0","description_html":"\u003cp\u003eA moan precedes the transformation that results when you imbue the target with the baleful power of a narzugon.\u003cbr /\u003eYou bind the dread essence of a narzugon to a target creature, filling it with the misery and horror that defines the devil\u0026#39;s existence.\u003cbr /\u003eThe subject of this spell can use a baleful gaze as a standard action.\u003cbr /\u003eThe gaze affects a single creature within 20 feet.\u003cbr /\u003eThat creature must succeed on a Will save against the spell\u0026#39;s save DC or be immobilized for 1 round as if affected by a hold monster spell.\u003cbr /\u003eBaatezu are immune to this gaze attack.\u003cbr /\u003eOnce a creature has successfully resisted this effect, it cannot be affected by this gaze from the same creature for 24 hours.\u003cbr /\u003eThe subject also gains resistance to fire 10.\u003cbr /\u003eThis resistance stacks with the resistance granted by other evil investiture spells (but not with multiple castings of investiture of the narzugon).\u003cbr /\u003eWhile this spell is in effect, magic weapons with the evil outsider bane special ability have full effect against the subject of the investiture.\u003cbr /\u003eAfter the spell\u0026#39;s duration expires (or if it is dispelled or ended through some other means), the subject is fatigued for 1 minute.\u003cbr /\u003eMaterial Component: A fist-sized chunk of brimstone.\u003c/p\u003e","descriptors":"Evil, Investiture","divine_focus_component":"0","duration":"1 minute/level","effect":null,"id":1184,"material_component":"1","meta_breath_component":"0","name":"Investiture of the Narzugon","page":null,"rulebook":"Fiendish Codex II: Tyrants of the Nine Hells","saving_throw":"Will negates (harmless); see text","school":"Transmutation","somatic_component":"1","spell_range":"Close (25 ft. + 5 ft./2 levels)","spell_resistance":"Yes (harmless)","subschool":"","target":"One living creature","true_name_component":"0","verbal_component":"1","xp_component":"0"}}