{"id":119,"created":1449242750,"modified":1449242750,"data":{"arcane_focus_component":"0","area":null,"casting_time":"1 standard action","corrupt_component":"0","description_html":"\u003cp\u003eThis spell grants one weapon the properties of an adamantine weapon.\u003cbr /\u003eThe weapon gains a +1 enhancement bonus on attack rolls (as though it was a masterwork weapon) and bypasses hardness when striking objects or sundering weapons, ignoring hardness less than 20.\u003cbr /\u003eThe affected weapon also has one-third more hit points than normal for the duration of the spell.\u003cbr /\u003eYou can\u0026#39;t cast this spell on a natural weapon, such as an unarmed strike.\u003cbr /\u003eA monk\u0026#39;s unarmed strike is considered a weapon, and thus it can be enhanced by this spell.\u003cbr /\u003eIf the weapon is made of another special material (cold iron or silver, for example), it loses the benefits of its original special material for the spell\u0026#39;s duration.\u003cbr /\u003eTouch of adamantine cannot be made permanent with a permanency spell.\u003c/p\u003e","descriptors":"","divine_focus_component":"0","duration":"1 minute/level","effect":null,"id":119,"material_component":"0","meta_breath_component":"0","name":"Touch of Adamantine","page":null,"rulebook":"Book of Exalted Deeds","saving_throw":"Will negates (object, harmless)","school":"Transmutation","somatic_component":"1","spell_range":"Touch","spell_resistance":"Yes (object, harmless)","subschool":"","target":"Weapon touched","true_name_component":"0","verbal_component":"1","xp_component":"0"}}