{"id":1194,"created":1449242772,"modified":1449242772,"data":{"arcane_focus_component":"0","area":null,"casting_time":"1 action/bomb","corrupt_component":"0","description_html":"\u003cp\u003eYou turn up to five gems into bombs you (and only you) can lob at enemies.\u003cbr /\u003eYou must hold the gems in your hand when casting the spell.\u003cbr /\u003eTogether, the bombs are capable of dealing 1d8 points of force damage per two caster levels (maximum of 5d8), divided up among the gems as you wish.\u003cbr /\u003eA 10th-level cleric could create one 5d8 bomb, a 3d8 and 2d8 bomb, five 1d8 bombs, or any combination of five dice of damage and up to five gems.\u003cbr /\u003eYou can toss the bombs up to 100 feet with a range increment of 20 feet.\u003cbr /\u003eA ranged touch attack roll is required to strike the intended target.\u003cbr /\u003eA creature struck can attempt a Reflex save for half damage.\u003cbr /\u003eTossing a gembomb counts as an attack for you, so you usually cannot toss one during the turn that you cast the spell.\u003cbr /\u003eYou can only toss one bomb at a time, but you can toss more than one each round if you have multiple attacks.\u003cbr /\u003eMaterial Components:Up to five gems worth at least 1 gp each\u003c/p\u003e","descriptors":"Force","divine_focus_component":"0","duration":"10 minutes/level or until used","effect":null,"id":1194,"material_component":"1","meta_breath_component":"0","name":"Gembomb","page":null,"rulebook":"Forgotten Realms Campaign Setting","saving_throw":"Reflex half (see text)","school":"Conjuration","somatic_component":"1","spell_range":"Touch","spell_resistance":"Yes","subschool":"Creation","target":"Up to 5 touched gems worth at least 1 gp each","true_name_component":"0","verbal_component":"1","xp_component":"0"}}