{"id":1201,"created":1449242772,"modified":1449242772,"data":{"arcane_focus_component":"1","area":null,"casting_time":"At least 10 minutes (see text)","corrupt_component":"0","description_html":"\u003cp\u003eThis powerful variant of the contingency spell automatically transfers you and everything you carry or touch (except for other creatures or objects that weigh more than 50 pounds) to a locale you name.\u003cbr /\u003eWhen casting Elminster\u0026#39;s evasion, you must specify the locale and detail up to six specific conditions that trigger the spell.\u003cbr /\u003eWhen any of these situations occurs, your body, mind, and soul are whisked away to the location.\u003cbr /\u003eThe location can be any place you have visited, even on another plane.\u003cbr /\u003eAlso when casting the spell, you cast teleport without error and one or two other spells that are to take effect when you arrive at your destination.\u003cbr /\u003eThe 10-minute casting time is the minimum total for all castings.\u003cbr /\u003eIf the companion spells have combined casting times longer than 10 minutes, use the combined casting times instead.\u003cbr /\u003eThe teleport without error spell whisks you through the Astral Plane to your destination, so anything that prevents astral travel also foils Elminster\u0026#39;s evasion.\u003cbr /\u003eThe spells to be brought into effect by the evasion must be ones that affect your person (feather fall, levitate, fly, teleport, and so on) and be of a spell level no higher than one-third of your caster level (maximum 6th level).\u003cbr /\u003eThe conditions you specify to bring the spell into effect must be clear, although they can be general (see the contingency spell, in Chapter 11 of the Player\u0026#39;s Handbook).\u003cbr /\u003eThe spell pulls together your mind, body, and soul if they have been separated.\u003cbr /\u003eFor example, if your soul is trapped in a magic jar when the evasion is triggered, your soul returns to your body.\u003cbr /\u003e(This breaks the magic jar spell).\u003cbr /\u003eIf your body or soul has been magically trapped (for example with a binding, imprisonment, or trap the soul spell),\u003cbr /\u003eyou must succeed at a caster level check (DC 11 + the caster level of the person who cast the trapping spell).\u003cbr /\u003eIf you succeed, the trapping spell is broken and the evasion works.\u003cbr /\u003eIf you fail, the evasion fails.\u003cbr /\u003eIf you\u0026#39;re dead when you arrive at your destination, your soul immediately departs just as though you died at your destination.\u003cbr /\u003eMaterial Components: Those of the companion spells, plus quicksilver; an eyelash of an ogre mage, ki-rin, or similar spell-using creature; and some of your own blood, freshly drawn.\u003cbr /\u003eDrawing the blood deals 1d4 points of temporary Constitution damage.\u003cbr /\u003eFocus: A statuette of you carved from ivory and decorated with gems (worth at least 1,500 gp).\u003cbr /\u003eYou must carry the focus for the evasion to function.\u003cbr /\u003eXP Cost: 5,000 XP.\u003c/p\u003e","descriptors":"","divine_focus_component":"0","duration":"Until discharged","effect":null,"id":1201,"material_component":"1","meta_breath_component":"0","name":"Elminster's Evasion","page":null,"rulebook":"Forgotten Realms Campaign Setting","saving_throw":null,"school":"Evocation","somatic_component":"1","spell_range":"Personal","spell_resistance":null,"subschool":"","target":"You","true_name_component":"0","verbal_component":"1","xp_component":"1"}}