{"id":1203,"created":1449242772,"modified":1449242772,"data":{"arcane_focus_component":"0","area":null,"casting_time":"1 action","corrupt_component":"0","description_html":"\u003cp\u003eYou literally strip the flesh from a corporeal creature\u0026#39;s body.\u003cbr /\u003eEach round, the target suffers pain and psychological trauma that literally undermines the spirit.\u003cbr /\u003eThe assault deals 2d6 points of damage and 1d6 points of temporary Charisma and Constitution damage.\u003cbr /\u003eA Fortitude save negates the temporary Charisma and Constitution damage and reduces the normal damage by half.\u003cbr /\u003eThe target can make a saving throw each round to reduce the damage in that round.\u003cbr /\u003eFlensing has no effect on creatures in gaseous form or on incorporeal creatures.\u003cbr /\u003eMaterial Component: An onion.\u003c/p\u003e","descriptors":"","divine_focus_component":"0","duration":"Up to 4 rounds (see text)","effect":null,"id":1203,"material_component":"1","meta_breath_component":"0","name":"Flensing","page":null,"rulebook":"Forgotten Realms Campaign Setting","saving_throw":"Fortitude partial (see text)","school":"Evocation","somatic_component":"1","spell_range":"Close (25 ft. + 5 ft./2 levels)","spell_resistance":"Yes","subschool":"","target":"One corporeal creature","true_name_component":"0","verbal_component":"1","xp_component":"0"}}