{"id":1204,"created":1449242772,"modified":1449242772,"data":{"arcane_focus_component":"1","area":"See text","casting_time":"1 action","corrupt_component":"0","description_html":"\u003cp\u003eYou emit a thunderous, devastating yell.\u003cbr /\u003eThe primary area affected is 5 feet high and 5 feet wide, extending out from you to the limit of the spell\u0026#39;s range.\u003cbr /\u003eStone, crystal, and metal objects in the area take 20d6 points of damage.\u003cbr /\u003eCreatures holding vulnerable objects can attempt Reflex saves to negate the damage.\u003cbr /\u003eObjects that survive the spell\u0026#39;s primary effect are not subject to the secondary effect.\u003cbr /\u003eThe spell\u0026#39;s secondary effect is a cone of sound.\u003cbr /\u003eCreatures within the cone take 10d6 points of damage, and are stunned for 1 round and deafened for 4d6 rounds.\u003cbr /\u003eA successful Fortitude save negates the stunning and halves both the damage and the duration of the deafness.\u003cbr /\u003eAny brittle or crystalline object or crystalline creature takes 1d6 points of damage per caster level (maximum 20d6).\u003cbr /\u003eCreatures holding fragile objects can negate damage to them with successful Reflex saves.\u003cbr /\u003eThe great shout spell cannot penetrate the spell silence.\u003cbr /\u003eFocus: A small metal or ivory horn.\u003c/p\u003e","descriptors":"Sonic","divine_focus_component":"0","duration":"Instantaneous","effect":null,"id":1204,"material_component":"0","meta_breath_component":"0","name":"Great Shout","page":null,"rulebook":"Forgotten Realms Campaign Setting","saving_throw":"See text","school":"Evocation","somatic_component":"1","spell_range":"Close (25 ft. + 5 ft./2 levels)","spell_resistance":"Yes (object)","subschool":"","target":null,"true_name_component":"0","verbal_component":"1","xp_component":"0"}}