{"id":1208,"created":1449242772,"modified":1449242772,"data":{"arcane_focus_component":"0","area":"Cone","casting_time":"1 action","corrupt_component":"0","description_html":"\u003cp\u003eA cone of fiery white moonlight springs from your hand.\u003cbr /\u003eLiving creatures in the area feel an unnatural chill and take 1d8 points of damage per two caster levels, to a maximum of 10d8.\u003cbr /\u003eUndead and shapechangers take double damage.\u003cbr /\u003eThis application of the spell allows a Reflex save for half damage.\u003cbr /\u003eAll magical auras within the cone glow with a faint blue light for 1 round per caster level.\u003cbr /\u003eDisguised, shapechanged, or polymorphed creatures and objects in the spell\u0026#39;s area at the time the spell is cast must make Will saves or immediately return to their normal forms.\u003cbr /\u003eEven if the save succeeds, they remain covered in ghostly white outlines that show their true forms for 1 round per caster level.\u003cbr /\u003eThe entire area covered by the cone glows silver white for 1 round per caster level.\u003cbr /\u003eThis radiance is as bright as the light of a full moon and negates electricity for 1 round per caster level unless the creature generating it makes a caster level check against a DC equal to the caster\u0026#39;s level.\u003cbr /\u003eIf an electricity effect is generated outside the glowing cone, the cone blocks the electricity effect if the caster level check fails.\u003cbr /\u003eIf an electricity effect is generated inside the glowing cone, the cone completely negates the electricity effect if the caster level check fails.\u003c/p\u003e","descriptors":"Light","divine_focus_component":"1","duration":"Instantaneous (see text)","effect":null,"id":1208,"material_component":"0","meta_breath_component":"0","name":"Moonfire","page":null,"rulebook":"Forgotten Realms Campaign Setting","saving_throw":"Reflex half (see text)","school":"Evocation","somatic_component":"1","spell_range":"Close (25 ft. + 5 ft./2 levels)","spell_resistance":"Yes","subschool":"","target":null,"true_name_component":"0","verbal_component":"1","xp_component":"0"}}