{"id":1209,"created":1449242772,"modified":1449242772,"data":{"arcane_focus_component":"0","area":"","casting_time":"1 action","corrupt_component":"0","description_html":"\u003cp\u003eA flurry of magic snowballs erupts from a point you select.\u003cbr /\u003eThe swarm of snowballs deals 2d6 points of cold damage to creatures and objects within the burst.\u003cbr /\u003eFor every two caster levels beyond 3rd, the snowballs deal an extra die of damage, to a maximum of 5d6 at 9th level or higher.\u003cbr /\u003eMaterial Component: A piece of ice or a small white rock chip.\u003c/p\u003e","descriptors":"Cold","divine_focus_component":"0","duration":"Instantaneous","effect":"10-ft.-radius burst","id":1209,"material_component":"1","meta_breath_component":"0","name":"Snilloc's Snowball Swarm","page":null,"rulebook":"Forgotten Realms Campaign Setting","saving_throw":"Reflex half","school":"Evocation","somatic_component":"1","spell_range":"Medium (100 ft. + 10 ft./level)","spell_resistance":"Yes","subschool":"","target":"","true_name_component":"0","verbal_component":"1","xp_component":"0"}}