{"id":1215,"created":1449242772,"modified":1449242772,"data":{"arcane_focus_component":"0","area":"5-foot radius burst","casting_time":"1 action","corrupt_component":"0","description_html":"\u003cp\u003eYou cause a multitude of ribbonlike shadows to instantaneously explode outward from the target point.\u003cbr /\u003eCreatures in the area take 2 points of temporary Strength damage, are dazed for 1 round, and suffer a -2 morale penalty on saving throws against fear spells and effects.\u003cbr /\u003eThe fear penalty ends when the shadow spray spell does, but the temporary Strength damage is instantaneous.\u003cbr /\u003eMaterial Component: A handful of black ribbons.\u003c/p\u003e","descriptors":"","divine_focus_component":"0","duration":"1 round/level","effect":"","id":1215,"material_component":"1","meta_breath_component":"0","name":"Shadow Spray","page":null,"rulebook":"Forgotten Realms Campaign Setting","saving_throw":"Fortitude negates (see text)","school":"Illusion","somatic_component":"1","spell_range":"Medium (100 ft. + 10 ft./level)","spell_resistance":"Yes","subschool":"Shadow","target":"","true_name_component":"0","verbal_component":"1","xp_component":"0"}}