{"id":1219,"created":1449242773,"modified":1449242773,"data":{"arcane_focus_component":"0","area":null,"casting_time":"1 action","corrupt_component":"0","description_html":"\u003cp\u003eYou gain the ability to step into fires and move from fire to fire.\u003cbr /\u003eThe fires you enter and move between must be at least as big around as you are.\u003cbr /\u003eFire elementals and other fire creatures are not \u0026quot;fires\u0026quot; for purposes of fire stride, nor are sources of great heat such as pools of lava.\u003cbr /\u003eOnce in a fire, you can transport yourself to any other sufficiently large fire within long range (400 ft. + 40 ft./level), and you instantly know the locations of all suitable fires within range.\u003cbr /\u003eEach transport counts as a full move action.\u003cbr /\u003eWith each casting of the spell, you can transport yourself one time per caster level.\u003cbr /\u003eIf a fire\u0026#39;s location doesn\u0026#39;t offer enough space for you (for example, a fire contained inside a furnace too small to hold you or a fire already occupied by a big cauldron), it is not a viable destination and you don\u0026#39;t sense its location.\u003cbr /\u003eIf a fire rests on a surface that can\u0026#39;t support you, it is still a viable destination and you suffer the appropriate consequences if you transport yourself to it.\u003cbr /\u003eFor example, if you transport yourself into a fire burning in a pit full of oil, you fall into the oil when you arrive there.\u003cbr /\u003eThe spell provides no protection against fire, so it is advisable to obtain such protection before using the spell.\u003c/p\u003e","descriptors":"Teleportation","divine_focus_component":"0","duration":"10 minutes/level or until expended (see text)","effect":null,"id":1219,"material_component":"0","meta_breath_component":"0","name":"Fire Stride","page":null,"rulebook":"Forgotten Realms Campaign Setting","saving_throw":null,"school":"Transmutation","somatic_component":"1","spell_range":"Personal","spell_resistance":null,"subschool":"","target":"You","true_name_component":"0","verbal_component":"1","xp_component":"0"}}