{"id":1220,"created":1449242773,"modified":1449242773,"data":{"arcane_focus_component":"0","area":"","casting_time":"15 minutes","corrupt_component":"0","description_html":"\u003cp\u003eAs anyspell, except you can read and prepare any arcane spell of up to 5th level, and the prepared spell occupies your 6th-level domain spell slot.\u003c/p\u003e","descriptors":"","divine_focus_component":"1","duration":"Instantaneous","effect":"","id":1220,"material_component":"0","meta_breath_component":"0","name":"Anyspell, Greater","page":null,"rulebook":"Forgotten Realms Campaign Setting","saving_throw":"","school":"Transmutation","somatic_component":"1","spell_range":"Personal","spell_resistance":"","subschool":"","target":"You","true_name_component":"0","verbal_component":"1","xp_component":"0"}}