{"id":1250,"created":1449242773,"modified":1449242773,"data":{"arcane_focus_component":"0","area":null,"casting_time":"1 standard action","corrupt_component":"0","description_html":"\u003cp\u003eYou gain the ability to instantly teleport from one area of slush, snow, or ice to any other area of slush, snow, or ice up to the distance indicated on the table below.\u003cbr /\u003eTransport distance is based upon the substance touched at the point of departure, not at the point of arrival.\u003cbr /\u003eYou may wait to travel in this manner up to the duration of the spell, holding the charge, but immediately upon arriving at the destination point, the spell ends.\u003c/p\u003e","descriptors":"Cold","divine_focus_component":"1","duration":"1 hour/level or until expended; see text","effect":null,"id":1250,"material_component":"0","meta_breath_component":"0","name":"Frostfell Slide","page":null,"rulebook":"Frostburn","saving_throw":null,"school":"Conjuration","somatic_component":"1","spell_range":"Personal","spell_resistance":null,"subschool":"Teleportation","target":"You","true_name_component":"0","verbal_component":"1","xp_component":"0"}}