{"id":1253,"created":1449242773,"modified":1449242773,"data":{"arcane_focus_component":"1","area":null,"casting_time":"10 minutes","corrupt_component":"0","description_html":"\u003cp\u003eYou create a huge castle of ice and snow, fully formed with walls, towers, gates, and battlements and magical wards.\u003cbr /\u003eThe castle includes a single main gate and a sally port, a drawbridge, a 30-foot diameter central tower made of blue ice (see page 80), and one additional tower per 6 levels of the caster.\u003cbr /\u003eThe size of the castle is determined by the location of the towers, which enclose an open courtyard.\u003cbr /\u003eThe maximum perimeter of the structure is 20 feet per caster level.\u003cbr /\u003eIn addition, you can place any or all of the following three magical effects in the castle.\u003cbr /\u003e1. Icicle spells in two areas (typically in the gatehouse and in the central tower).\u003cbr /\u003eSaving Throw: See text.\u003cbr /\u003eSpell Resistance: No.\u003cbr /\u003e2. Ice slick spells triggered an intruder steps on the tower stairs.\u003cbr /\u003eSaving Throw: See text.\u003cbr /\u003eSpell Resistance: No.\u003cbr /\u003e3. Obscuring snow in any corridors or rooms, obscuring all sight, including darkvision, beyond 5 feet.\u003cbr /\u003eA creature within 5 feet has concealment (attacks have a 20% miss chance).\u003cbr /\u003eCreatures father away have total concealment (50% miss chance, and the attacker cannot use sight to locate the target).\u003cbr /\u003eSaving Throw: None.\u003cbr /\u003eSpell Resistance: No.\u003cbr /\u003eThe castle can be created around living creatures, and in this case it rises up from the earth and snow around them.\u003cbr /\u003eIt cannot be \u0026quot;dropped\u0026quot; onto creatures as an offensive spell.\u003cbr /\u003eThe caster may choose to be lifted onto the roof of the central tower by centering the spell on himself.\u003cbr /\u003eIf the castle is summoned on relatively level ground, a moat of icy water 20 feet wide surrounds the castle.\u003cbr /\u003eIf summoned on sharply sloping ground, an icy crevasse 20 feet wide and 50 feet deep surrounds the castle.\u003cbr /\u003eThe castle melts slowly whenever the temperature rises above freezing; an ice castle takes 1d6 points of damage each round in a place with temperatures above freezing.\u003cbr /\u003eWhen struck by fire spells, the castle is damaged normally.\u003cbr /\u003eThe castle has 200 hit points per 5-foot section and a hardness of 0.\u003cbr /\u003eThe central tower is made of blue ice which has 300 hit points per 5-foot section and a hardness of 10 Creatures can hit the castle automatically.\u003cbr /\u003eFire, including a fireball spell and red dragon breath, can melt the ice castle, and it deals full damage to the structure (instead of the normal half damage taken by objects).\u003cbr /\u003eSuddenly melting an ice castle creates a great cloud of steamy fog that lasts for 10 minutes.\u003cbr /\u003eArcane Focus: A piece of blue ice carved to resemble the desired castle worth 2,000 gp.\u003c/p\u003e","descriptors":"Cold","divine_focus_component":"0","duration":"24 hours","effect":"Fortress of ice and snow","id":1253,"material_component":"0","meta_breath_component":"0","name":"Ice Castle","page":null,"rulebook":"Frostburn","saving_throw":"No","school":"Conjuration","somatic_component":"1","spell_range":"Medium (100 ft. + 10 ft./level)","spell_resistance":"No","subschool":"Creation","target":null,"true_name_component":"0","verbal_component":"1","xp_component":"0"}}