{"id":1260,"created":1449242773,"modified":1449242773,"data":{"arcane_focus_component":"0","area":"20-ft. square of snow/level","casting_time":"1 round","corrupt_component":"0","description_html":"\u003cp\u003eImmediately after casting this spell, ice trees erupt from frostfell regions within the spell\u0026#39;s area.\u003cbr /\u003eThe ice trees resemble any type of tree designated by the caster (deciduous, evergreen, oak, or others).\u003cbr /\u003eTrees have 5-footdiameter trunks and rise to a height of 15 feet.\u003cbr /\u003eThree trees appear in each 20-foot-square frostfell region in the area.\u003cbr /\u003eIce Tree: 5 feet thick; hardness 8; hp 80; break DC 45; Climb DC 20.\u003c/p\u003e","descriptors":"Cold","divine_focus_component":"1","duration":"Permanent","effect":null,"id":1260,"material_component":"0","meta_breath_component":"0","name":"Raise Ice Forest","page":null,"rulebook":"Frostburn","saving_throw":"None","school":"Conjuration","somatic_component":"1","spell_range":"Long (400 ft. + 40 ft./level)","spell_resistance":"No","subschool":"Creation","target":null,"true_name_component":"0","verbal_component":"1","xp_component":"0"}}