{"id":1269,"created":1449242774,"modified":1449242774,"data":{"arcane_focus_component":"0","area":"10 ft.-radius/level spread","casting_time":"1 round","corrupt_component":"0","description_html":"\u003cp\u003eThis spell may only be cast outside.\u003cbr /\u003eImmediately upon completion of the spell, an avalanche of ice and snow falls out of the sky, dealing 8d6 points of crushing damage and potentially burying Large or smaller creatures within the area.\u003cbr /\u003eCreatures making their Reflex saving throws take half damage and are not buried.\u003cbr /\u003eThose that fail their saves are buried and take an additional 1d6 points of nonlethal damage per minute while still buried.\u003cbr /\u003eIf such a creature falls unconscious while buried, it must make a DC 15 Constitution check.\u003cbr /\u003eIf that check fails, it takes 1d6 points of lethal damage each minute thereafter until freed or dead.\u003cbr /\u003eThe ice and snow remains until melted by natural or unnatural means.\u003cbr /\u003eA rapid melting of the ice and snow could cause a flash flood (see Freezing and Thawing, page 10).\u003cbr /\u003eA 9th-level caster buries Large or smaller creatures.\u003cbr /\u003eAt 12th level, the maximum size of a creature increases to Huge.\u003cbr /\u003eAt 15th, Gargantuan creatures are also buried, and at 18th level, a creature of up to Colossal size is buried by the snow.\u003c/p\u003e","descriptors":"Cold","divine_focus_component":"0","duration":"Instantaneous","effect":null,"id":1269,"material_component":"0","meta_breath_component":"0","name":"Call Avalanche","page":null,"rulebook":"Frostburn","saving_throw":"Reflex half; see text","school":"Evocation","somatic_component":"1","spell_range":"Long (400 ft. + 40 ft./level)","spell_resistance":"No","subschool":"","target":null,"true_name_component":"0","verbal_component":"1","xp_component":"0"}}