{"id":1285,"created":1449242774,"modified":1449242774,"data":{"arcane_focus_component":"0","area":null,"casting_time":"1 standard action","corrupt_component":"0","description_html":"\u003cp\u003eCold energy spreads out in all directions from the point of origin, dealing 3d12 points of frostburn damage +1 point per caster level (maximum +20) to nearby enemies.\u003cbr /\u003eLike other frostburn spells, mass frostburn cures cold subtype creatures in its area rather than damaging them.\u003c/p\u003e","descriptors":"Cold","divine_focus_component":"1","duration":"Instantaneous","effect":null,"id":1285,"material_component":"0","meta_breath_component":"0","name":"Frostburn, Mass","page":null,"rulebook":"Frostburn","saving_throw":"Fortitude half","school":"Necromancy","somatic_component":"1","spell_range":"Close (25 ft. + 5 ft./2 levels)","spell_resistance":"Yes","subschool":"","target":"One creature/level, no two of which can be more than 30 ft. apart","true_name_component":"0","verbal_component":"1","xp_component":"0"}}