{"id":1301,"created":1449242774,"modified":1449242774,"data":{"arcane_focus_component":"0","area":null,"casting_time":"1 standard action","corrupt_component":"0","description_html":"\u003cp\u003eThe targeted weapon becomes brittle, reducing its hardness by 5 for the duration of the spell, thereby increasing the effectiveness of sunder attempts against the weapon.\u003cbr /\u003eIn addition, rolling a 1 on an attack with the targeted weapon causes it to take damage equivalent to the amount it would have dealt on a successful hit.\u003c/p\u003e","descriptors":"Cold","divine_focus_component":"0","duration":"1 round/level","effect":null,"id":1301,"material_component":"0","meta_breath_component":"0","name":"Brumal Stiffening","page":null,"rulebook":"Frostburn","saving_throw":"Reflex negates","school":"Transmutation","somatic_component":"1","spell_range":"Close (25 ft. + 5 ft./2 levels)","spell_resistance":"Yes","subschool":"","target":"One weapon","true_name_component":"0","verbal_component":"1","xp_component":"0"}}