{"id":1304,"created":1449242774,"modified":1449242774,"data":{"arcane_focus_component":"0","area":"One 20-ft.-by-20-ft. square of snow/level","casting_time":"1 standard action","corrupt_component":"0","description_html":"\u003cp\u003eAn area of fallen snow designated by you becomes hard and crumbly, generating a loud crunch when stepped upon.\u003cbr /\u003eCreatures take a -20 penalty on Move Silently checks when traveling through crunchy snow.\u003c/p\u003e","descriptors":"Cold","divine_focus_component":"0","duration":"1 hour/level","effect":null,"id":1304,"material_component":"0","meta_breath_component":"0","name":"Crunchy Snow","page":null,"rulebook":"Frostburn","saving_throw":"None","school":"Transmutation","somatic_component":"1","spell_range":"Medium (100 ft. + 10 ft./level)","spell_resistance":"No","subschool":"","target":null,"true_name_component":"0","verbal_component":"1","xp_component":"0"}}