{"id":1309,"created":1449242774,"modified":1449242774,"data":{"arcane_focus_component":"0","area":null,"casting_time":"1 standard action","corrupt_component":"0","description_html":"\u003cp\u003eThe target gains buoyancy and can float on water for the duration of the spell.\u003cbr /\u003eIt cannot swim below the surface of the water.\u003cbr /\u003eCreatures that must breathe water can still do so, but cannot swim under the surface.\u003cbr /\u003eIf the target is underwater at the time this spell is cast, it rises toward the surface at a speed of 30 feet.\u003cbr /\u003eMaterial Component: An ice cube dropped into water.\u003c/p\u003e","descriptors":"","divine_focus_component":"0","duration":"1 min./level","effect":null,"id":1309,"material_component":"1","meta_breath_component":"0","name":"Float","page":null,"rulebook":"Frostburn","saving_throw":"Fortitude negates","school":"Transmutation","somatic_component":"1","spell_range":"Long (400 ft. + 40 ft./level)","spell_resistance":"Yes","subschool":"","target":"One Large or smaller creature or object","true_name_component":"0","verbal_component":"1","xp_component":"0"}}