{"id":1326,"created":1449242775,"modified":1449242775,"data":{"arcane_focus_component":"0","area":"10-ft. cube/level (S)","casting_time":"1 round","corrupt_component":"0","description_html":"\u003cp\u003eYou imbue an area with a combination of cold and negative energies that suppresses flame.\u003cbr /\u003eIllumination emitted by fire (torches, continual flame, and so on) is reduced by half.\u003cbr /\u003eFor example, a hooded lantern within the area of a suppress flame spell clearly illuminates a 15-foot radius (instead of a 30-foot radius) and provides shadowy illumination in a 30-foot radius (instead of a 60-foot radius).\u003cbr /\u003eIn addition, all damage caused by fire, including all fire spells and spell-like effects, is reduced to 1 point per die.\u003cbr /\u003eSo, a fireball cast by a 10th-level wizard would deal 10 points of fire damage to those who fail their Reflex save or 5 points of fire damage to those who make their Reflex save, rather than 10d6 points of fire damage or half that amount, respectively, outside the confines of a suppress flame spell.\u003cbr /\u003eA caster can make a caster level check (DC 10 + the suppress flame\u0026#39;s caster level) to cause normal amounts of damage from fire spells.\u003cbr /\u003eA new caster level check must be made for each spell cast.\u003cbr /\u003eColdfire Component: Ten ounces of coldfire.\u003c/p\u003e","descriptors":"Cold","divine_focus_component":"0","duration":"1 hour/level","effect":null,"id":1326,"material_component":"0","meta_breath_component":"0","name":"Suppress Flame","page":null,"rulebook":"Frostburn","saving_throw":"None","school":"Transmutation","somatic_component":"1","spell_range":"Medium (100 ft. + 10 ft./level)","spell_resistance":"No","subschool":"","target":null,"true_name_component":"0","verbal_component":"1","xp_component":"0"}}