{"id":1332,"created":1449242775,"modified":1449242775,"data":{"arcane_focus_component":"0","area":null,"casting_time":"1 action","corrupt_component":"0","description_html":"\u003cp\u003eIf the nonhumanoid subject creature dies while this spell is in effect, the creature\u0026#39;s soul does not immediately enter the realm of the dead, and it can instead attempt to enter the Material Plane as a ghost, just as if it were a type of creature (humanoid) normally capable of such.\u003cbr /\u003eOnce the creature becomes a ghost, it can remain so until the spell duration expires, at which time it immediately passes through the Veil of Souls to the True Afterlife.\u003cbr /\u003eThe creature may willingly do this before the duration expires.\u003c/p\u003e","descriptors":"Ectomancy","divine_focus_component":"0","duration":"1 hour/level or until discharged","effect":null,"id":1332,"material_component":"0","meta_breath_component":"0","name":"Ghost Lock","page":null,"rulebook":"Ghostwalk","saving_throw":"None","school":"Abjuration","somatic_component":"1","spell_range":"Close (25 ft. + 5 ft./2 levels)","spell_resistance":"No","subschool":"","target":"One willing nonhumanoid","true_name_component":"0","verbal_component":"1","xp_component":"0"}}