{"id":1338,"created":1449242775,"modified":1449242775,"data":{"arcane_focus_component":"0","area":null,"casting_time":"1 action","corrupt_component":"0","description_html":"\u003cp\u003eYou create raw ectoplasm.\u003cbr /\u003eThe ectoplasm forms from your hands, eyes, or mouth, and may be pale gray, light blue, light green, or pale yellow.\u003cbr /\u003eYou may create sticky or slippery ectoplasm.\u003cbr /\u003eThe ectoplasm does not vanish until the spell duration has expired, but if the spell is dispelled and the ectoplasm has been in existence for more than 10 minutes, it vanishes instantly.\u003c/p\u003e","descriptors":"Ectomancy","divine_focus_component":"0","duration":"10 minutes/level","effect":"1 lb. of raw ectoplasm/level","id":1338,"material_component":"0","meta_breath_component":"0","name":"Create Ectoplasm","page":null,"rulebook":"Ghostwalk","saving_throw":"None","school":"Conjuration","somatic_component":"1","spell_range":"Touch","spell_resistance":"No","subschool":"Creation","target":null,"true_name_component":"0","verbal_component":"1","xp_component":"0"}}