{"id":1348,"created":1449242775,"modified":1449242775,"data":{"arcane_focus_component":"0","area":null,"casting_time":"1 action","corrupt_component":"0","description_html":"\u003cp\u003eThis spell creates an anchored plane of ectoplasm or a hemisphere of ectoplasm, depending upon the version selected.\u003cbr /\u003eA wall of ectoplasm cannot form in an area occupied by physical objects or creatures.\u003cbr /\u003eIts surface must be smooth and unbroken when created.\u003cbr /\u003eThe ectoplasm is semisolid (not raw)\u0026#8212;about the consistency of packed snow\u0026#8212;and retains its shape rather than collapsing into a formless mass.\u003cbr /\u003eBecause ectoplasm is a ghost touch material, it is an impenetrable barrier to incorporeal creatures (although they may attack the wall or go around it).\u003cbr /\u003eThe ectoplasm is opaque and blocks line of effect.\u003cbr /\u003eEctoplasm Plane: A sheet of ectoplasm appears.\u003cbr /\u003eThe wall is 1 inch thick per caster level and covers up to a 10-foot-square per caster level (so a 6th-level wizard could create a wall of ectoplasm 30 feet long and 20 feet high, a wall 60 feet long and 10 feet high, and so on).\u003cbr /\u003eThe plane can be oriented in any fashion as long as it is anchored.\u003cbr /\u003eA vertical wall need be anchored only on the floor, while a horizontal or slanting wall must be anchored on two opposite sides.\u003cbr /\u003eThe wall is primarily defensive in nature and is used to stop pursuers from following you and the like.\u003cbr /\u003eEach 10-foot square of wall has hardness 0 and 2 hit points per inch of thickness.\u003cbr /\u003eCreatures can hit the wall without making an attack roll.\u003cbr /\u003eA section of wall whose hit points drop to 0 is breached.\u003cbr /\u003eA creature can break through the wall with a Strength check (DC 12 + caster level).\u003cbr /\u003eHemisphere: The wall takes the form of a hemisphere whose maximum radius is 3 feet +1 foot per caster level.\u003cbr /\u003eThus, a 7th-level caster can create a hemisphere 10 feet in radius.\u003cbr /\u003eIt is as hard to break through as the ectoplasm plane variation.\u003cbr /\u003eYou can create the hemisphere so that it traps one or more creatures, though these creatures get a Reflex saving throw to avoid being trapped.\u003cbr /\u003eMaterial Component: A cube of resin and a drop of oil.\u003c/p\u003e","descriptors":"Ectomancy","divine_focus_component":"0","duration":"1 minute/level","effect":"Anchored plane of ectoplasm, up to one 10-ft. square/level, or hemisphere of ectoplasm with a radius of up to 3 ft. + 1 ft./level","id":1348,"material_component":"1","meta_breath_component":"0","name":"Wall of Ectoplasm","page":null,"rulebook":"Ghostwalk","saving_throw":"See text","school":"Conjuration","somatic_component":"1","spell_range":"Medium (100 ft. + 10 ft./level)","spell_resistance":"Yes","subschool":"Creation","target":null,"true_name_component":"0","verbal_component":"1","xp_component":"0"}}