{"id":1349,"created":1449242775,"modified":1449242775,"data":{"arcane_focus_component":"0","area":"Quarter-circle emanating from you to the extreme of the range","casting_time":"1 action","corrupt_component":"0","description_html":"\u003cp\u003eYou detect ghosts.\u003cbr /\u003eThe amount of information revealed depends on how long you study a particular area or subject.\u003cbr /\u003e1st Round: Presence or absence of ghosts.\u003cbr /\u003e2nd Round:Number of different ghosts.\u003cbr /\u003e3rd Round: The location of each ghost.\u003c/p\u003e","descriptors":"Ectomancy","divine_focus_component":"0","duration":"Concentration, up to 1 minute/level (D)","effect":null,"id":1349,"material_component":"0","meta_breath_component":"0","name":"Detect Ghost","page":null,"rulebook":"Ghostwalk","saving_throw":"None","school":"Divination","somatic_component":"1","spell_range":"60 ft.","spell_resistance":"No","subschool":"","target":null,"true_name_component":"0","verbal_component":"1","xp_component":"0"}}