{"id":138,"created":1449242750,"modified":1449242750,"data":{"arcane_focus_component":"0","area":null,"casting_time":"1 action","corrupt_component":"0","description_html":"\u003cp\u003eThe subject\u0026#39;s lungs fill with water if the subject fails a Fortitude saving throw.\u003cbr /\u003eTo avoid drowning, the subject can hold his breath (see The Drowning Rule in Chapter 3 of the \u003cspan class=\"caps\"\u003eDUNGEON\u003c/span\u003e MASTER\u0026#39;s Guide).\u003cbr /\u003eThe subject gains a new save (to expel the water) every 2 rounds after the first.\u003cbr /\u003eWhile holding his breath with water-filled lungs, a character cannot talk or cast spells with verbal components, and he takes a -2 circumstance penalty on attack rolls, saving throws, ability checks, and skill checks.\u003c/p\u003e","descriptors":"Evil","divine_focus_component":"0","duration":"Instantaneous","effect":null,"id":138,"material_component":"0","meta_breath_component":"0","name":"Drown","page":null,"rulebook":"Book of Vile Darkness","saving_throw":"Fortitude negates","school":"Conjuration","somatic_component":"0","spell_range":"Medium (100 ft. + 10 ft./level)","spell_resistance":"Yes","subschool":"Creation","target":"One humanoid","true_name_component":"0","verbal_component":"1","xp_component":"0"}}