{"id":1386,"created":1449242776,"modified":1449242776,"data":{"arcane_focus_component":"0","area":null,"casting_time":"1 action","corrupt_component":"0","description_html":"\u003cp\u003eThe target creature is enveloped in a violet haze that forces it to manifest fully for the duration of the spell.\u003cbr /\u003eForced manifestation counters and dispels forced incorporeality.\u003c/p\u003e","descriptors":"Ectomancy","divine_focus_component":"0","duration":"1 round/level","effect":null,"id":1386,"material_component":"0","meta_breath_component":"0","name":"Forced Manifestation","page":null,"rulebook":"Ghostwalk","saving_throw":"Will negates","school":"Transmutation","somatic_component":"1","spell_range":"Medium (100 ft. + 10 ft./level)","spell_resistance":"Yes","subschool":"","target":"One ghost or naturally incorporeal undead","true_name_component":"0","verbal_component":"1","xp_component":"0"}}