{"id":1387,"created":1449242776,"modified":1449242776,"data":{"arcane_focus_component":"0","area":null,"casting_time":"1 action","corrupt_component":"0","description_html":"\u003cp\u003eYou give a weapon the ghost bane property in addition to any other properties it has.\u003cbr /\u003eAgainst ghosts, your weapon\u0026#39;s enhancement bonus (if any) is 2 higher than normal and it deals an extra 2d6 points of damage.\u003cbr /\u003eThe spell has no effect if cast upon a weapon that already has the ghost bane property.\u003cbr /\u003eAt caster level 9th and higher, the weapon gains a +1 enhancement bonus if it is not already a magic weapon.\u003cbr /\u003eAlternatively, you can affect up to 50 arrows, bolts, or bullets.\u003cbr /\u003eThe projectiles must be of the same type, and they have to be together, such as in the same quiver.\u003cbr /\u003eProjectiles (but not thrown weapons) lose their ghost bane property when fired.\u003cbr /\u003eAny weapon affected by this spell glows with witchlight (see the Witchlight feat).\u003c/p\u003e","descriptors":"","divine_focus_component":"1","duration":"1 hour/level","effect":null,"id":1387,"material_component":"0","meta_breath_component":"0","name":"Ghost Bane Weapon","page":null,"rulebook":"Ghostwalk","saving_throw":"Will negates (harmless, object)","school":"Transmutation","somatic_component":"1","spell_range":"Touch","spell_resistance":"Yes (harmless, object)","subschool":"","target":"Weapon touched","true_name_component":"0","verbal_component":"1","xp_component":"0"}}