{"id":1419,"created":1449242777,"modified":1449242777,"data":{"arcane_focus_component":"0","area":null,"casting_time":"1 standard action","corrupt_component":"0","description_html":"\u003cp\u003eThe subject becomes supernaturally loud, and his voice carries over long distances.\u003cbr /\u003eA creature speaking or singing with the aid of resounding voice can be heard clearly up to 100 feet away per caster level.\u003cbr /\u003eCreatures within an area of magical silence cannot hear the subject, and a subject within a silence effect cannot be heard at all.\u003cbr /\u003eResounding voice counters and dispels silence and is also countered and dispelled by silence.\u003c/p\u003e","descriptors":"Sonic","divine_focus_component":"0","duration":"1 minute/level (D)","effect":null,"id":1419,"material_component":"0","meta_breath_component":"0","name":"Resounding Voice","page":null,"rulebook":"Heroes of Battle","saving_throw":"Will negates (harmless)","school":"Transmutation","somatic_component":"1","spell_range":"Touch","spell_resistance":"Yes","subschool":"","target":"Creature touched","true_name_component":"0","verbal_component":"0","xp_component":"0"}}