{"id":1430,"created":1449242777,"modified":1449242777,"data":{"arcane_focus_component":"0","area":null,"casting_time":"1 full round","corrupt_component":"0","description_html":"\u003cp\u003eYou fall into a deep sleep while your spirit leaves your body in incorporeal form and travels to distant locations.\u003cbr /\u003eYour spirit can move 100 feet per round and can see and hear anything you could if you were in the same location.\u003cbr /\u003eThe spirit can be blocked by any spell that wards incorporeal creatures, and it can be detected and attacked in the same way as incorporeal creatures can.\u003cbr /\u003eYour spirit can do nothing but move and observe\u0026#8212;it cannot speak, attack, cast spells, or perform any other action.\u003cbr /\u003eAt the end of the spell, your spirit instantaneously returns to your body and you wake up.\u003cbr /\u003eIf your body is disturbed while your spirit is wandering, the spell ends immediately.\u003c/p\u003e","descriptors":"","divine_focus_component":"1","duration":"1 min/level (D)","effect":null,"id":1430,"material_component":"0","meta_breath_component":"0","name":"Dream Sight","page":null,"rulebook":"Heroes of Horror","saving_throw":null,"school":"Divination","somatic_component":"1","spell_range":"See text","spell_resistance":null,"subschool":"","target":"You","true_name_component":"0","verbal_component":"0","xp_component":"0"}}