{"id":1453,"created":1449242777,"modified":1449242777,"data":{"arcane_focus_component":"0","area":null,"casting_time":"1 standard action","corrupt_component":"0","description_html":"\u003cp\u003eYou are surrounded by a field of energy that negates incorporealness.\u003cbr /\u003eThe radius of the field is 5 feet per caster level.\u003cbr /\u003eAll incorporeal creatures in this field become corporeal.\u003cbr /\u003eCreatures cannot turn ethereal while in this area, and ethereal creatures cannot become nonethereal while in this field.\u003c/p\u003e","descriptors":"","divine_focus_component":"0","duration":"1 min./level (D)","effect":null,"id":1453,"material_component":"0","meta_breath_component":"0","name":"Ghost Trap","page":null,"rulebook":"Libris Mortis: The Book of the Dead","saving_throw":null,"school":"Abjuration","somatic_component":"1","spell_range":"Personal","spell_resistance":null,"subschool":"","target":"You","true_name_component":"0","verbal_component":"1","xp_component":"0"}}