{"id":1458,"created":1449242778,"modified":1449242778,"data":{"arcane_focus_component":"0","area":null,"casting_time":"1 minute","corrupt_component":"0","description_html":"\u003cp\u003eYou summon four fiendish dire bats blazing with ghoul-green light.\u003cbr /\u003eSimilar information-gathering servitors always accompany Doresain, the King of the Ghouls.\u003cbr /\u003eThe bats, called eyes of the king, send you visual information.\u003cbr /\u003eYou can summon the eyes of the king at any point you can see, but they can then travel outside your line of sight without hindrance.\u003cbr /\u003eEven while outside your line of sight, they follow your mental directions on where to explore.\u003cbr /\u003eThe eyes of the king travel together, never separating by more than 40 feet.\u003cbr /\u003eEyes of the king travel at 40 feet per round (400 feet per minute) if viewing an area ahead as a human would (primarily looking at the floor) or 10 feet per round (100 feet per minute) if examining the ceiling and walls as well as the floor ahead.\u003cbr /\u003eThey use their own senses to view their surroundings, including blindsense, which you also benefit from.\u003cbr /\u003eThe eyes of the king can travel in any direction as long as the spell lasts.\u003cbr /\u003eYou must concentrate to use eyes of the king.\u003cbr /\u003eIf you do not concentrate, the bats move to attack the closest active creature.\u003cbr /\u003eOnce concentration lapses, the spell ends 5 rounds later.\u003cbr /\u003eMaterial Component: A bit of bat fur.\u003c/p\u003e","descriptors":"","divine_focus_component":"0","duration":"Concentration + 5 rounds, up to 1 min./level (D)","effect":"Magical sensor","id":1458,"material_component":"1","meta_breath_component":"0","name":"Eyes of the King","page":null,"rulebook":"Libris Mortis: The Book of the Dead","saving_throw":"None","school":"Conjuration","somatic_component":"1","spell_range":"Unlimited","spell_resistance":"No","subschool":"Summoning","target":null,"true_name_component":"0","verbal_component":"1","xp_component":"0"}}