{"id":146,"created":1449242750,"modified":1449242750,"data":{"arcane_focus_component":"0","area":"100-ft./level radius spread, centered on caster","casting_time":"1 hour","corrupt_component":"0","description_html":"\u003cp\u003eUtterdark spreads from the caster, creating an area of cold, cloying magical darkness.\u003cbr /\u003eThis darkness is similar to that created by the deeper darkness spell, but no magical light counters or dispels it.\u003cbr /\u003eFurthermore, evil-aligned creatures can see in this darkness as if it were simply a dimly lighted area.\u003cbr /\u003eArcane Material Component: A black stick, 6 inches long, with humanoid blood smeared upon it.\u003c/p\u003e","descriptors":"Evil","divine_focus_component":"1","duration":"1 hour/level","effect":null,"id":146,"material_component":"1","meta_breath_component":"0","name":"Utterdark","page":null,"rulebook":"Book of Vile Darkness","saving_throw":"None","school":"Conjuration","somatic_component":"1","spell_range":"Close (25 ft. + 5 ft./2 levels)","spell_resistance":"No","subschool":"Creation","target":null,"true_name_component":"0","verbal_component":"1","xp_component":"0"}}