{"id":1461,"created":1449242778,"modified":1449242778,"data":{"arcane_focus_component":"0","area":"","casting_time":"","corrupt_component":"0","description_html":"\u003cp\u003eThis spell functions like summon undead I, except that you can summon one undead from the 2nd-level list or two undead of the same kind from the 1st-level list.\u003c/p\u003e","descriptors":"Evil","divine_focus_component":"0","duration":"","effect":"One or more summoned creatures, no two of which can be more than 30 ft. apart","id":1461,"material_component":"0","meta_breath_component":"0","name":"Summon Undead II","page":null,"rulebook":"Libris Mortis: The Book of the Dead","saving_throw":"","school":"Conjuration","somatic_component":"0","spell_range":"","spell_resistance":"","subschool":"Summoning","target":"","true_name_component":"0","verbal_component":"0","xp_component":"0"}}