{"id":1465,"created":1449242778,"modified":1449242778,"data":{"arcane_focus_component":"0","area":null,"casting_time":"1 standard action","corrupt_component":"0","description_html":"\u003cp\u003eA 3-foot-long column of disembodied gnashing teeth springs forth from your hand, screaming and chanting with unholy vigor.\u003cbr /\u003eYou make melee touch attacks with this blade of pain and fear.\u003cbr /\u003eThe blade deals 1d6 points of damage +1 point per two caster levels (maximum +10).\u003cbr /\u003eYour Strength modifier does not apply to the damage.\u003cbr /\u003eA creature that you successfully deal damage to must also make a saving throw or become frightened.\u003c/p\u003e","descriptors":"","divine_focus_component":"1","duration":"1 min./level (D)","effect":"Swordlike column of gnashing teeth","id":1465,"material_component":"0","meta_breath_component":"0","name":"Blade of Pain and Fear","page":null,"rulebook":"Libris Mortis: The Book of the Dead","saving_throw":"Will partial","school":"Evocation","somatic_component":"1","spell_range":"0 ft.","spell_resistance":"Yes","subschool":"","target":null,"true_name_component":"0","verbal_component":"1","xp_component":"0"}}