{"id":148,"created":1449242750,"modified":1449242750,"data":{"arcane_focus_component":"0","area":null,"casting_time":null,"corrupt_component":"0","description_html":"\u003cp\u003eAs wall of chains, except as noted above, and the wall sports loose lengths of spiked chain that strike anyone within 5 feet of the wall.\u003cbr /\u003eThose within that area take 3d6 points of damage each round.\u003c/p\u003e","descriptors":"","divine_focus_component":"0","duration":null,"effect":null,"id":148,"material_component":"0","meta_breath_component":"0","name":"Wall of Deadly Chains","page":null,"rulebook":"Book of Vile Darkness","saving_throw":"Reflex half","school":"Conjuration","somatic_component":"0","spell_range":null,"spell_resistance":null,"subschool":"Creation","target":null,"true_name_component":"0","verbal_component":"0","xp_component":"0"}}