{"id":1488,"created":1449242778,"modified":1449242778,"data":{"arcane_focus_component":"1","area":null,"casting_time":"1 standard action","corrupt_component":"0","description_html":"\u003cp\u003eThe subject develops an internal spherical sac that contains fluid or semisolid necrotic flesh.\u003cbr /\u003eThe internal cyst is noticeable as a slight bulge on the subject\u0026#39;s arm, abdomen, or face (wherever you chose to touch the target) or it is buried deeply enough in the flesh of your target that it is not immediately obvious\u0026#8212;the subject may not realize what was implanted within her.\u003cbr /\u003eFrom now on, undead foes and necromantic magic are particularly debilitating to the subject\u0026#8212;the cyst enables a sympathetic response between free-roaming external undead and itself.\u003cbr /\u003eWhenever the victim is subject to a spell or effect from the school of necromancy, she makes saving throws to resist at a -2 penalty.\u003cbr /\u003eWhenever the subject is dealt damage by the natural weapon of an undead (claw, bite, or other attack form), she takes an additional 1d6 points of damage.\u003cbr /\u003eVictims who possess necrotic cysts may elect to have some well-meaning chirurgeon remove them surgically.\u003cbr /\u003eThe procedure is a bloody, painful process that incapacitates the subject for 1 hour on a successful DC 20 Heal check, and kills the subject with an unsuccessful Heal check.\u003cbr /\u003eThe procedure takes 1 hour, and the chirurgeon can\u0026#39;t take 20 on the check.\u003cbr /\u003eProtection from evil or a similar spell prevents the necrotic cyst from forming.\u003cbr /\u003eOnce a necrotic cyst is implanted, spells that manipulate the cyst and its bearer are no longer thwarted by protection from evil.\u003cbr /\u003eFocus: Caster must possess a mother cyst (see page 28).\u003c/p\u003e","descriptors":"Evil","divine_focus_component":"0","duration":"Instantaneous","effect":null,"id":1488,"material_component":"0","meta_breath_component":"0","name":"Necrotic Cyst","page":null,"rulebook":"Libris Mortis: The Book of the Dead","saving_throw":"Fortitude negates","school":"Necromancy","somatic_component":"1","spell_range":"Touch","spell_resistance":"Yes","subschool":"","target":"Living creature touched","true_name_component":"0","verbal_component":"1","xp_component":"0"}}