{"id":1493,"created":1449242778,"modified":1449242778,"data":{"arcane_focus_component":"1","area":null,"casting_time":"1 standard action","corrupt_component":"0","description_html":"\u003cp\u003eYou cause the cyst of a subject already harboring a necrotic cyst (see spell of the same name) to physically and spiritually enlarge itself at the expense of the subject\u0026#39;s body and soul.\u003cbr /\u003eIf the subject succeeds on her saving throw, she takes 1d6 points of damage per level (maximum 25d6), and half the damage is considered vile damage (see necrotic bloat).\u003cbr /\u003eThe subject\u0026#39;s cyst-derived saving throw penalty against effects from the school of necromancy applies.\u003cbr /\u003eIf the subject fails her saving throw, the cyst expands beyond control, killing the subject and digesting her soul.\u003cbr /\u003eRaise dead, resurrection, true resurrection, wish, and miracle cannot return life to the subject once her soul is digested\u0026#8212;\u003cbr /\u003eshe is gone forever.\u003cbr /\u003eOn the round following the subject\u0026#39;s death, the cyst exits the flesh of the slain subject as a free-willed undead called a skulking cyst (see page 120).\u003cbr /\u003eFocus: Caster must possess a mother cyst (see page 28).\u003cbr /\u003eXP Cost: 1,000 XP.\u003c/p\u003e","descriptors":"Evil","divine_focus_component":"0","duration":"Instantaneous","effect":null,"id":1493,"material_component":"0","meta_breath_component":"0","name":"Necrotic Termination","page":null,"rulebook":"Libris Mortis: The Book of the Dead","saving_throw":"Fortitude partial","school":"Necromancy","somatic_component":"1","spell_range":"Medium (100 ft. + 10 ft./level)","spell_resistance":"No","subschool":"","target":"Living creature with necrotic cyst","true_name_component":"0","verbal_component":"1","xp_component":"1"}}