{"id":1505,"created":1449242779,"modified":1449242779,"data":{"arcane_focus_component":"0","area":null,"casting_time":"1 standard action","corrupt_component":"0","description_html":"\u003cp\u003eGhost touch weapon makes a weapon magically capable of dealing damage normally to incorporeal creatures, regardless of its enhancement bonus.\u003cbr /\u003e(An incorporeal creature\u0026#39;s 50% chance to avoid damage does not apply to attacks made with weapons under the effect of this spell).\u003cbr /\u003eA ranged weapon affected by this spell does not bestow the ability on its ammunition.\u003cbr /\u003eThe weapon can be picked up and moved by an incorporeal creature at any time.\u003cbr /\u003eA manifesting ghost can wield the weapon against corporeal foes.\u003cbr /\u003eEssentially, a weapon under the effect of this spell counts as either corporeal or incorporeal at any given time, whichever is more beneficial to the wielder.\u003c/p\u003e","descriptors":"","divine_focus_component":"0","duration":"10 min./level","effect":null,"id":1505,"material_component":"0","meta_breath_component":"0","name":"Ghost Touch Weapon","page":null,"rulebook":"Libris Mortis: The Book of the Dead","saving_throw":"Will negates (harmless, object)","school":"Transmutation","somatic_component":"1","spell_range":"Close (25 ft. + 5 ft./2 levels)","spell_resistance":"Yes (harmless, object)","subschool":"","target":"One weapon or fifty projectiles (all of which must be in contact with each other at the time of casting)","true_name_component":"0","verbal_component":"1","xp_component":"0"}}