{"id":1514,"created":1449242779,"modified":1449242779,"data":{"arcane_focus_component":"0","area":"See text","casting_time":"1 action","corrupt_component":"0","description_html":"\u003cp\u003eYou turn aside raw earth in a furrow in a straight line, extending from your feet to a distance of 20 feet per caster level.\u003cbr /\u003eThe furrow measures 1 foot deep by 6 inches wide.\u003cbr /\u003eThe furrow ceases if it connects with a wall, large boulder, or other solid object greater than its own width.\u003cbr /\u003eMedium-size and smaller creatures standing directly in the furrow\u0026#39;s path must make a Balance check against the caster\u0026#39;s save DC to retain their footing; otherwise they fall prone to the ground.\u003cbr /\u003eCreatures burrowing or buried in the earth along the furrow\u0026#39;s line suffer 4d4 points of damage.\u003cbr /\u003eNetherese clerics utilized this spell to turn earth at a fast rate in preparation for planting crops.\u003cbr /\u003eIts use enabled them to plant large tracts of land quickly and efficiently.\u003cbr /\u003eMaterial Component: A handful of dried corn.\u003c/p\u003e","descriptors":"Earth","divine_focus_component":"0","duration":"Permanent","effect":null,"id":1514,"material_component":"1","meta_breath_component":"0","name":"Phantom Plow","page":null,"rulebook":"Lords of Darkness","saving_throw":"See text","school":"Evocation","somatic_component":"1","spell_range":"See text","spell_resistance":"No","subschool":"","target":null,"true_name_component":"0","verbal_component":"1","xp_component":"0"}}