{"id":1520,"created":1449242779,"modified":1449242779,"data":{"arcane_focus_component":"0","area":null,"casting_time":"1 action","corrupt_component":"0","description_html":"\u003cp\u003eYou create a fanged, biting mouth in the palm of your hand.\u003cbr /\u003eWhen you lay your hand upon a creature, the mouth deals\u003cbr /\u003e1d8 points of damage.\u003cbr /\u003eIf the target makes a successful Reflex save, he takes only half damage.\u003cbr /\u003eIf the target fails his Reflex save, you may start a grapple as a free action without provoking an attack of opportunity.\u003cbr /\u003eIf you establish a hold, the fanged mouth sinks its teeth into the target\u0026#39;s flesh and continues to bite for an additional 1d6 points of damage each round until the hold is broken or the spell ends.\u003c/p\u003e","descriptors":"Evil","divine_focus_component":"0","duration":"1 round/level","effect":null,"id":1520,"material_component":"0","meta_breath_component":"0","name":"Handfang","page":null,"rulebook":"Lords of Darkness","saving_throw":"Reflex half (see below)","school":"Necromancy","somatic_component":"1","spell_range":"Touch","spell_resistance":"No","subschool":"","target":"Creature touched","true_name_component":"0","verbal_component":"1","xp_component":"0"}}