{"id":1551,"created":1449242779,"modified":1449242779,"data":{"arcane_focus_component":"0","area":null,"casting_time":"1 standard action","corrupt_component":"0","description_html":"\u003cp\u003eYou coat the subject with protective energy of an emerald green hue.\u003cbr /\u003eThis energy shield does not affect the subject\u0026#39;s movement, senses, or ability to cast spells.\u003cbr /\u003eWhile surrounded by this energy, the subject is immune to any natural or magical effect that causes deafness and to all language-dependent, mind-affecting spells and effects.\u003cbr /\u003eThe subject also gains sonic resistance 10 and a +4 bonus on saves against all spells and effects with the sonic descriptor to which it has not already been rendered immune.\u003cbr /\u003eArcane Material Component: A pinch of powdered emerald.\u003c/p\u003e","descriptors":"","divine_focus_component":"0","duration":"1 minute/level (D)","effect":null,"id":1551,"material_component":"1","meta_breath_component":"0","name":"Nezram's Emerald Energy Shield","page":null,"rulebook":"Lost Empires of Faerun","saving_throw":"Will negates (harmless)","school":"Abjuration","somatic_component":"1","spell_range":"Touch","spell_resistance":"Yes (harmless)","subschool":"","target":"Creature touched","true_name_component":"0","verbal_component":"1","xp_component":"0"}}