{"id":1559,"created":1449242780,"modified":1449242780,"data":{"arcane_focus_component":"0","area":null,"casting_time":"1 standard action","corrupt_component":"0","description_html":"\u003cp\u003eMulhorandi priests have used this spell for millennia to select humans of the purest Mulan bloodlines to follow the path of the glorious servant.\u003cbr /\u003eWhen you cast this spell, you learn the basic ancestry of the subject creature.\u003cbr /\u003eThe information revealed includes the subject\u0026#39;s type, race, subrace, and all subtypes the creature possesses.\u003c/p\u003e","descriptors":"","divine_focus_component":"1","duration":"Instantaneous","effect":null,"id":1559,"material_component":"0","meta_breath_component":"0","name":"Know Bloodline","page":null,"rulebook":"Lost Empires of Faerun","saving_throw":"Will negates","school":"Divination","somatic_component":"1","spell_range":"Close (25 ft. + 5 ft./2 levels)","spell_resistance":"Yes","subschool":"","target":"One creature","true_name_component":"0","verbal_component":"1","xp_component":"0"}}