{"id":1562,"created":1449242780,"modified":1449242780,"data":{"arcane_focus_component":"0","area":null,"casting_time":"1 standard action","corrupt_component":"0","description_html":"\u003cp\u003eA glowing beam of rejuvenating yellow light springs from your fingers, unerringly striking your target.\u003cbr /\u003eA ray of resurgence has the following three effects on the target.\u003c/b\u003e\u003cul\u003e\u003c/b\u003e\u003cli\u003eRestores up to 1 point per caster level (maximum 5 points) of Strength damage.\u003c/li\u003e\u003c/b\u003e\u003cli\u003eNegates any Strength penalties affecting the target, to a total of 1d6 +1 per caster level (maximum 1d6+5).\u003c/li\u003e\u003c/b\u003e\u003cli\u003eMakes an exhausted target fatigued, or removes the fatigued condition from a target affected by it.\u003c/li\u003e\u003c/b\u003e\u003c/ul\u003e\u003c/p\u003e","descriptors":"","divine_focus_component":"0","duration":"Instantaneous","effect":null,"id":1562,"material_component":"0","meta_breath_component":"0","name":"Ray of Resurgence","page":null,"rulebook":"Lost Empires of Faerun","saving_throw":"Fortitude negates (harmless)","school":"Evocation","somatic_component":"1","spell_range":"Close (25 ft. + 5 ft./2 levels)","spell_resistance":"Yes (harmless)","subschool":"","target":"One creature","true_name_component":"0","verbal_component":"1","xp_component":"0"}}