{"id":1575,"created":1449242780,"modified":1449242780,"data":{"arcane_focus_component":"0","area":null,"casting_time":"1 action","corrupt_component":"0","description_html":"\u003cp\u003eYour song or poem instills a feeling of paranoia in your target.\u003cbr /\u003eThe affected target restricts her movement to avoid any physical contact, even with allies.\u003cbr /\u003eIf she is attacked in melee and can\u0026#39;t flee, she uses the full defense option.\u003c/p\u003e","descriptors":"Sonic","divine_focus_component":"0","duration":"1 round/level","effect":null,"id":1575,"material_component":"0","meta_breath_component":"0","name":"Disquietude","page":null,"rulebook":"Magic of Faerun","saving_throw":"Will negates","school":"Abjuration","somatic_component":"1","spell_range":"Close (25 ft. + 5 ft./2 levels)","spell_resistance":"Yes","subschool":"","target":"One living creature","true_name_component":"0","verbal_component":"1","xp_component":"0"}}