{"id":1579,"created":1449242780,"modified":1449242780,"data":{"arcane_focus_component":"1","area":null,"casting_time":null,"corrupt_component":"0","description_html":"\u003cp\u003eAs shield other, except as noted above.\u003cbr /\u003eAll creatures are linked to you so you suffer half of their damage.\u003cbr /\u003eIf you die while this spell is in effect, the spell ends in a burst of positive energy that heals 1d8 hit points for each creature linked to you.\u003c/p\u003e","descriptors":"","divine_focus_component":"1","duration":null,"effect":null,"id":1579,"material_component":"0","meta_breath_component":"0","name":"Glory of the Martyr","page":null,"rulebook":"Magic of Faerun","saving_throw":null,"school":"Abjuration","somatic_component":"1","spell_range":null,"spell_resistance":null,"subschool":"","target":"One creature/level","true_name_component":"0","verbal_component":"1","xp_component":"0"}}