{"id":1583,"created":1449242780,"modified":1449242780,"data":{"arcane_focus_component":"0","area":null,"casting_time":"1 action","corrupt_component":"0","description_html":"\u003cp\u003eYou make a creature more able to fight the effects of poison.\u003cbr /\u003eThe target gains a +4 circumstance bonus on Fortitude saves against all kinds of poisons, whether injury, contact, ingestion, or inhalation is the source of the poison.\u003cbr /\u003eMaterial Component: A vial containing the diluted poison of four different creatures.\u003c/p\u003e","descriptors":"","divine_focus_component":"0","duration":"10 minutes/level","effect":null,"id":1583,"material_component":"1","meta_breath_component":"0","name":"Ironguts","page":null,"rulebook":"Magic of Faerun","saving_throw":"Will negates","school":"Abjuration","somatic_component":"1","spell_range":"Touch","spell_resistance":"Yes","subschool":"","target":"Creature touched","true_name_component":"0","verbal_component":"1","xp_component":"0"}}