{"id":1586,"created":1449242780,"modified":1449242780,"data":{"arcane_focus_component":"0","area":"15-ft.-radius emanation","casting_time":"1 action","corrupt_component":"0","description_html":"\u003cp\u003eYou create a yawning area of roiling purple-red energy resembling a great mouth.\u003cbr /\u003eThis field of energy has the following effects on anything that touches or enters it:\u003cbr /\u003eFirst, all creatures except you take 1 point of force damage per caster level.\u003cbr /\u003eSpell resistance applies to the damage (but not the other effects of the spell).\u003cbr /\u003eThose affected by the spell make a Will saving throw every round.\u003cbr /\u003eA successful saving throw halves the damage that round.\u003cbr /\u003eSecond, the chaotic energy makes it difficult to concentrate.\u003cbr /\u003eAny activity that requires concentration (such as casting a spell or using a spell-like ability) requires a Concentration check (DC 25 + spell level) to succeed.\u003cbr /\u003eCreatures with the chaotic subtype take no damage from this spell, although its other effects affect them normally.\u003cbr /\u003eMaterial Component: A jawbone with teeth.\u003c/p\u003e","descriptors":"Chaotic","divine_focus_component":"0","duration":"1 round/level","effect":null,"id":1586,"material_component":"1","meta_breath_component":"0","name":"Maw of Chaos","page":null,"rulebook":"Magic of Faerun","saving_throw":"Will half (see text)","school":"Abjuration","somatic_component":"1","spell_range":"Medium (100 ft. + 10 ft./level)","spell_resistance":"Yes (see text)","subschool":"","target":null,"true_name_component":"0","verbal_component":"1","xp_component":"0"}}