{"id":1590,"created":1449242780,"modified":1449242780,"data":{"arcane_focus_component":"0","area":null,"casting_time":"10 minutes","corrupt_component":"0","description_html":"\u003cp\u003eYou create a disk of magical energy 10 feet in diameter and 2 feet thick.\u003cbr /\u003eThe disk is incorporeal and invisible when first created.\u003cbr /\u003eWhenever a spell is cast or a spell-like ability is used within the 10-foot diameter of the spell engine, it activates, absorbs the magical energy, and begins to glow and spin, providing light as a torch.\u003cbr /\u003eThe spell engine similarly absorbs most spell effects targeted at it.\u003cbr /\u003eIt absorbs all these effects as if it were a rod of absorption with an unlimited capacity.\u003cbr /\u003eOver time (1 hour per spell level absorbed) the engine slows to a stop and becomes dim and translucent, but it remains capable of absorbing magical energy indefinitely.\u003cbr /\u003eIf an activated spell engine comes in contact with any permanent (noncharged or single-use) magic item, it destroys the item and explodes for 1d6 points of force damage per caster level (maximum 20d6) to all creatures in range, destroying itself in the process.\u003cbr /\u003eMagic already in place when the spell engine is created (such as a glyph of warding) or carried into its area (such as an invisibility spell on a creature) are not absorbed unless they are somehow directed against the spell engine (such as an antimagic field pressed against it).\u003cbr /\u003eA spell engine absorbs any dispel magic spell directed at it.\u003cbr /\u003eA detect magic spell cast outside the spell engine\u0026#39;s range detects it normally.\u003cbr /\u003eA disintegrate spell causes the spell engine to explode as if it had contacted a magic item.\u003cbr /\u003ePreparing spells within the light provided by a spell engine takes only half as long as normal.\u003cbr /\u003eMaterial Components: A disk of polished bone, one of your tears, and a silver wheel worth 1,000 gp.\u003cbr /\u003eXP Cost: 250 XP.\u003c/p\u003e","descriptors":"","divine_focus_component":"0","duration":"See text","effect":"5-ft.-radius magical wheel","id":1590,"material_component":"1","meta_breath_component":"0","name":"Spell Engine","page":null,"rulebook":"Magic of Faerun","saving_throw":"None","school":"Abjuration","somatic_component":"1","spell_range":"Close (25 ft. + 5 ft./2 levels)","spell_resistance":"Yes (see text)","subschool":"","target":null,"true_name_component":"0","verbal_component":"1","xp_component":"1"}}