{"id":1613,"created":1449242781,"modified":1449242781,"data":{"arcane_focus_component":"0","area":null,"casting_time":"1 action","corrupt_component":"0","description_html":"\u003cp\u003eYou call forth a swarm of 240 fire elementals the size of common spiders.\u003cbr /\u003eThe fire spiders each have 1/4 d8 HD (1 hp), speed 10 ft., climb 10 ft., and AC 18 (+8 size).\u003cbr /\u003eThey distribute themselves evenly within the initial area of the spell (six creatures per 5-foot square), and after the first round they move as a swarm, seeking creatures and objects to attack and ignite.\u003cbr /\u003eThe attacks by the fire spiders in a 5-foot-square area can be treated as an area attack by the group, inflicting fire damage equal to the number of spiders in that square (a Reflex saving throw halves the damage).\u003cbr /\u003eUnlike with a creeping doom spell, the fire spiders do not die after inflicting damage, and only disappear if they are slain, the spell duration expires, or they are somehow banished to their home plane.\u003cbr /\u003eFire spiders can ignite flammable objects if they rest on one for 2 or more rounds.\u003cbr /\u003eAs fire elementals, the fire spiders are immune to fire and are thwarted by barriers that block neutral outsiders.\u003cbr /\u003eWater or other nonflammable liquid (including acid) kills them, a flask destroying 2d4 fire spiders in a targeted 5-foot square and causing 1 point of splash damage to adjacent squares (killing one spider in each adjacent square).\u003cbr /\u003eIf some of the creatures die, the swarm condenses, growing smaller in area, maintaining the density of six creatures per 5-foot area.\u003cbr /\u003eThousands of years ago, the drow used this spell to set on fire a large portion of what is now the Border Forest, separating it further from the forest of Cormanthor.\u003cbr /\u003eMaterial Component: A handful of rubies or ruby dust worth\u003cbr /\u003eat least 500 gp.\u003c/p\u003e","descriptors":"Fire","divine_focus_component":"0","duration":"1 round/level","effect":"240 fiery spiders that cover a 20-ft.-radius spread","id":1613,"material_component":"1","meta_breath_component":"0","name":"Fire Spiders","page":null,"rulebook":"Magic of Faerun","saving_throw":"Reflex half","school":"Conjuration","somatic_component":"1","spell_range":"Close (25 ft. + 5 ft./2 levels)","spell_resistance":"Yes","subschool":"Summoning","target":null,"true_name_component":"0","verbal_component":"1","xp_component":"0"}}