{"id":1619,"created":1449242781,"modified":1449242781,"data":{"arcane_focus_component":"0","area":null,"casting_time":null,"corrupt_component":"0","description_html":"\u003cp\u003eAs vine mine, but the vines you create are poisonous (contact, 1d6 Dex/2d6 Dex).\u003cbr /\u003eA successful Fortitude save is required only upon the first entry into the area of effect (and again 1 minute later); creatures don\u0026#39;t have to save each time they enter (or each round they remain within).\u003cbr /\u003eYou are immune to the poison of the vines you create, and you can select a number of other targets equal to your level to share this immunity.\u003c/p\u003e","descriptors":"","divine_focus_component":"0","duration":null,"effect":null,"id":1619,"material_component":"0","meta_breath_component":"0","name":"Poison Vines","page":null,"rulebook":"Magic of Faerun","saving_throw":"Fortitude negates (see text)","school":"Conjuration","somatic_component":"0","spell_range":null,"spell_resistance":"Yes","subschool":"Creation","target":null,"true_name_component":"0","verbal_component":"0","xp_component":"0"}}