{"id":1627,"created":1449242781,"modified":1449242781,"data":{"arcane_focus_component":"0","area":"","casting_time":"","corrupt_component":"0","description_html":"\u003cp\u003eAs summon undead I, except that you can summon one undead from the 3rd-level list, 1d3 undead of the same type from the 2nd-level list, or 1d4+1 undead of the same type from the 1st-level list.\u003c/p\u003e","descriptors":"","divine_focus_component":"0","duration":"","effect":"One or more summoned creatures, no two of which can be more than 30 ft. apart","id":1627,"material_component":"0","meta_breath_component":"0","name":"Summon Undead III","page":null,"rulebook":"Magic of Faerun","saving_throw":"","school":"Conjuration","somatic_component":"0","spell_range":"","spell_resistance":"","subschool":"Summoning","target":"","true_name_component":"0","verbal_component":"0","xp_component":"0"}}