{"id":1649,"created":1449242782,"modified":1449242782,"data":{"arcane_focus_component":"0","area":"30-ft.-radius burst centered on you","casting_time":"1 action","corrupt_component":"0","description_html":"\u003cp\u003eYou produce a crowd-stopping shout that holds an air of authority others find difficult to ignore.\u003cbr /\u003eThe spell affects only those creatures that have 5 HD or less.\u003cbr /\u003eAnyone affected is dazed for 1 round.\u003cbr /\u003eCreatures beyond the radius of the burst may hear the shout, but don\u0026#39;t become dazed.\u003c/p\u003e","descriptors":"Mind-Affecting, Sonic","divine_focus_component":"0","duration":"1 round","effect":null,"id":1649,"material_component":"0","meta_breath_component":"0","name":"Herald's Call","page":null,"rulebook":"Magic of Faerun","saving_throw":"Will negates","school":"Enchantment","somatic_component":"1","spell_range":"30 ft.","spell_resistance":"Yes","subschool":"Compulsion","target":null,"true_name_component":"0","verbal_component":"1","xp_component":"0"}}