{"id":1658,"created":1449242782,"modified":1449242782,"data":{"arcane_focus_component":"0","area":null,"casting_time":"1 action","corrupt_component":"0","description_html":"\u003cp\u003eYou create several balls of lightning that shed light as candles and move under your control.\u003cbr /\u003eYour caster level is the total number of dice of damage (d6) that you can deal with this spell (maximum 15d6), divided however you see fit among the ball lightning.\u003cbr /\u003eFor example, a 9th-level caster could create nine balls of lightning (each dealing 1d6 points of electrical damage), or three balls of lightning (two dealing 2d6 and one dealing 5d6), and so on.\u003cbr /\u003eYou may direct any number of lightning balls to strike one target at a time.\u003cbr /\u003eEach affects only one target and is not destroyed when it does so.\u003cbr /\u003eTargets get a Reflex save against each ball that strikes them.\u003cbr /\u003eYou must have line of sight and line of effect to direct the balls.\u003cbr /\u003eDirecting the balls is a free action on the round the spell is cast and a standard action on any other round.\u003cbr /\u003eThe lightning balls can move up to 100 feet per round.\u003cbr /\u003eA ball dissipates if the distance between you and it exceeds the spell\u0026#39;s range.\u003cbr /\u003eMaterial Component: A handful of copper and iron pellets.\u003c/p\u003e","descriptors":"Electricity","divine_focus_component":"0","duration":"1 round/level","effect":"One or more balls of lightning, up to 1/level","id":1658,"material_component":"1","meta_breath_component":"0","name":"Ball Lightning","page":null,"rulebook":"Magic of Faerun","saving_throw":"Reflex half","school":"Evocation","somatic_component":"1","spell_range":"Medium (100 ft. + 10 ft./level)","spell_resistance":"Yes","subschool":"","target":null,"true_name_component":"0","verbal_component":"1","xp_component":"0"}}