{"id":1664,"created":1449242782,"modified":1449242782,"data":{"arcane_focus_component":"0","area":null,"casting_time":"1 action","corrupt_component":"0","description_html":"\u003cp\u003eThis spell makes a combustible object or a creature\u0026#39;s combustible equipment burst into flame, even if damp.\u003cbr /\u003eIf the target is a creature, the initial eruption of flame causes 2d6 points of fire damage +1 point per caster level (maximum +10) with no saving throw.\u003cbr /\u003eFurther, the creature must make a Reflex save (DC 15) or catch fire.\u003cbr /\u003e(For details, see Catching on Fire, page 86 of the \u003cspan class=\"caps\"\u003eDUNGEON\u003c/span\u003e MASTER\u0026#39;s Guide).\u003cbr /\u003eIf the target is a combustible, unattended object, the initial eruption of flame inflicts fire damage on the object as noted above.\u003cbr /\u003eThe object catches fire and takes 1d6 points of fire damage each round until consumed or someone puts out the fire.\u003cbr /\u003eAnyone touching the object during the initial eruption of flame takes the same fire damage the object does.\u003cbr /\u003eA Reflex save reduces damage by half.\u003cbr /\u003eIf a creature touching the object fails the Reflex save, it must make another Reflex save (DC 15) to avoid catching fire.\u003cbr /\u003eMaterial Component: A drop of oil and a piece of flint.\u003c/p\u003e","descriptors":"Fire","divine_focus_component":"0","duration":"Instantaneous (see text)","effect":null,"id":1664,"material_component":"1","meta_breath_component":"0","name":"Combust","page":null,"rulebook":"Magic of Faerun","saving_throw":"Reflex partial","school":"Evocation","somatic_component":"1","spell_range":"Touch","spell_resistance":"Yes","subschool":"","target":"Touched creature or combustible object that weighs no more than 25 lb./level","true_name_component":"0","verbal_component":"1","xp_component":"0"}}