{"id":1673,"created":1449242782,"modified":1449242782,"data":{"arcane_focus_component":"0","area":"5-ft.-radius burst","casting_time":"1 action","corrupt_component":"0","description_html":"\u003cp\u003eYou create a small stroke of lightning that cycles through all creatures in the area.\u003cbr /\u003eThe spell deals 1d6 points of electricity damage per two caster levels (maximum 5d6).\u003cbr /\u003eThose who fail their Reflex saves must succeed at a Will save or be stunned for 1 round.\u003cbr /\u003eMaterial Component: A loop of copper wire and a magnet.\u003c/p\u003e","descriptors":"Electricity","divine_focus_component":"0","duration":"Instantaneous","effect":null,"id":1673,"material_component":"1","meta_breath_component":"0","name":"Gedlee's Electric Loop","page":null,"rulebook":"Magic of Faerun","saving_throw":"Reflex half (see text)","school":"Evocation","somatic_component":"1","spell_range":"Close (25 ft. + 5 ft./2 levels)","spell_resistance":"Yes","subschool":"","target":null,"true_name_component":"0","verbal_component":"1","xp_component":"0"}}