{"id":1696,"created":1449242783,"modified":1449242783,"data":{"arcane_focus_component":"0","area":null,"casting_time":"1 action","corrupt_component":"0","description_html":"\u003cp\u003eYou create a ribbonlike, weightless, unbreakable bridge.\u003cbr /\u003eThe dark way must be anchored at both ends to solid objects, but otherwise can be at any angle.\u003cbr /\u003eLike a wall of force, it must be continuous and unbroken when formed.\u003cbr /\u003eIt is typically used to cross a chasm or a hazardous space.\u003cbr /\u003eCreatures can move on the dark way without penalty, since it is no more slippery than a typical dungeon floor.\u003cbr /\u003eYou (but not anyone else) gain a +5 competence bonus on all Balance checks while made on the dark way.\u003cbr /\u003eThe dark way can support a maximum of 200 pounds per caster level.\u003cbr /\u003eCreatures that cause the total weight on the dark way to exceed this limit sink through it as if it weren\u0026#39;t there.\u003cbr /\u003eYou never sink through the dark way unless your own weight exceeds the spell\u0026#39;s maximum capacity.\u003c/p\u003e","descriptors":"","divine_focus_component":"1","duration":"1 round/level","effect":"One bridge of force 2 ft. wide, 1 in. thick, and up to 20 ft./level long","id":1696,"material_component":"0","meta_breath_component":"0","name":"Dark Way","page":null,"rulebook":"Magic of Faerun","saving_throw":"None","school":"Illusion","somatic_component":"1","spell_range":"Close (25 ft. + 5 ft./2 levels)","spell_resistance":"Yes","subschool":"Shadow","target":null,"true_name_component":"0","verbal_component":"1","xp_component":"0"}}