{"id":1707,"created":1449242783,"modified":1449242783,"data":{"arcane_focus_component":"0","area":null,"casting_time":"1 action","corrupt_component":"0","description_html":"\u003cp\u003eYou are surrounded with a crackling black aura that injures creatures that contact it.\u003cbr /\u003eAny creature striking you with its body or handheld weapons takes 1d4 hit points of damage +1 point per 2 caster levels (maximum +5).\u003cbr /\u003eIf the creature has spell resistance, it applies to the damage.\u003cbr /\u003eWeapons with exceptional reach, such as longspears, do not endanger their users in this way.\u003cbr /\u003eMaterial Component: A paste made of exotic herbs, ground bones, and onyx worth 50 gp, which is applied to your body when the spell is cast.\u003c/p\u003e","descriptors":"","divine_focus_component":"0","duration":"1 round/level","effect":null,"id":1707,"material_component":"1","meta_breath_component":"0","name":"Death Armor","page":null,"rulebook":"Magic of Faerun","saving_throw":"Will negates (harmless)","school":"Necromancy","somatic_component":"1","spell_range":"Personal","spell_resistance":"Yes","subschool":"","target":"You","true_name_component":"0","verbal_component":"1","xp_component":"0"}}