{"id":1721,"created":1449242783,"modified":1449242783,"data":{"arcane_focus_component":"0","area":null,"casting_time":"1 action","corrupt_component":"0","description_html":"\u003cp\u003eYou create a number of loyal skeletons from finger bones.\u003cbr /\u003eAll skeletons are Medium-size with the normal Monster Manual statistics for their kind, except their effective Hit Dice as far as turning is concerned is equal to your class level.\u003cbr /\u003eThese skeletons count toward the number of Hit Dice of undead you can have in your control.\u003cbr /\u003eYou can create one skeleton per caster level.\u003cbr /\u003eUnlike the animate dead spell, these skeletons try to remain within 60 feet of you.\u003cbr /\u003eIf you exceed this range, they become inert until you return.\u003cbr /\u003eMaterial Components:One finger bone and one onyx gem worth 50 gp per skeleton to be created.\u003cbr /\u003eIf the finger bones come from a Medium-size creature, the skeleton that forms from that finger bone is that type of creature.\u003c/p\u003e","descriptors":"","divine_focus_component":"0","duration":"Instantaneous","effect":null,"id":1721,"material_component":"1","meta_breath_component":"0","name":"Skeletal Guard","page":null,"rulebook":"Magic of Faerun","saving_throw":"None","school":"Necromancy","somatic_component":"1","spell_range":"Touch","spell_resistance":"No","subschool":"","target":"One or more finger bones","true_name_component":"0","verbal_component":"1","xp_component":"0"}}