{"id":1723,"created":1449242783,"modified":1449242783,"data":{"arcane_focus_component":"0","area":null,"casting_time":"1 action","corrupt_component":"0","description_html":"\u003cp\u003eYou create a lingering decay in the spirit and body of the target.\u003cbr /\u003eIf the target fails its saving throw, it takes 1 point of temporary Constitution damage each round while the spell lasts (maximum 5 points of Constitution).\u003cbr /\u003eIf it makes its save, it does not lose any Constitution but takes 1d2 points of damage each round while the spell lasts (maximum 5d2).\u003cbr /\u003eThe damage remains after the spell ends.\u003cbr /\u003eMaterial Component: A piece of fire-blackened ivory or bone carved in the shape of a segmented worm.\u003c/p\u003e","descriptors":"","divine_focus_component":"0","duration":"1 round/level (see text)","effect":null,"id":1723,"material_component":"1","meta_breath_component":"0","name":"Spirit Worm","page":null,"rulebook":"Magic of Faerun","saving_throw":"Fortitude partial","school":"Necromancy","somatic_component":"1","spell_range":"Touch","spell_resistance":"Yes","subschool":"","target":"Living creature touched","true_name_component":"0","verbal_component":"1","xp_component":"0"}}