{"id":1731,"created":1449242783,"modified":1449242783,"data":{"arcane_focus_component":"0","area":null,"casting_time":"1 action","corrupt_component":"0","description_html":"\u003cp\u003eYou channel divine power into yourself, enhancing your physical presence and augmenting your magical abilities.\u003cbr /\u003eFor the duration of the spell, you gain a +2 sacred bonus on all Bluff, Diplomacy, Handle Animal, Intimidate, and Charisma checks to alter an NPC\u0026#39;s attitude or turn undead.\u003cbr /\u003eYour aura of glory provides an additional +2 sacred bonus on allied saves against fear.\u003cbr /\u003eWhen the spell is cast, a number of allies equal to your paladin level are healed 1 hit point as if by a cure minor wounds spell.\u003cbr /\u003eThese allies must be within 10 feet of you at the time.\u003cbr /\u003eYour mount counts as an ally.\u003c/p\u003e","descriptors":"","divine_focus_component":"1","duration":"1 minute/level (see text)","effect":null,"id":1731,"material_component":"0","meta_breath_component":"0","name":"Aura of Glory","page":null,"rulebook":"Magic of Faerun","saving_throw":null,"school":"Transmutation","somatic_component":"0","spell_range":"Personal","spell_resistance":null,"subschool":"","target":"You","true_name_component":"0","verbal_component":"1","xp_component":"0"}}