{"id":1744,"created":1449242784,"modified":1449242784,"data":{"arcane_focus_component":"0","area":null,"casting_time":"1 action","corrupt_component":"0","description_html":"\u003cp\u003eYou limn your allies in a glowing nimbus, transforming their attacks into brilliant energy.\u003cbr /\u003eAll persons affected by this aura give off light as a torch (20-foot radius).\u003cbr /\u003eTheir weapon attacks (melee or ranged) function as if their weapons were brilliant energy weapons: They ignore nonliving matter and armor, and enhancement AC bonuses do not count against them.\u003cbr /\u003eThe attacks cannot harm undead, constructs, or objects.\u003cbr /\u003eIn addition, all attacks gain an enhancement bonus on damage equal to one-half the caster\u0026#39;s level (maximum +10).\u003c/p\u003e","descriptors":"","divine_focus_component":"0","duration":"1 round/level","effect":null,"id":1744,"material_component":"0","meta_breath_component":"0","name":"Brilliant Aura","page":null,"rulebook":"Magic of Faerun","saving_throw":"Will negates (harmless)","school":"Transmutation","somatic_component":"1","spell_range":"Close (25 ft. + 5 ft./2 levels)","spell_resistance":"Yes (harmless)","subschool":"","target":"One person per 2 levels, all of whom must be within 30 ft. of each other","true_name_component":"0","verbal_component":"1","xp_component":"0"}}