{"id":1747,"created":1449242784,"modified":1449242784,"data":{"arcane_focus_component":"0","area":null,"casting_time":"1 action","corrupt_component":"0","description_html":"\u003cp\u003eYour fingers sprout claws.\u003cbr /\u003eYour hands become weapons that do 1d6 points of damage.\u003cbr /\u003eIf your normal unarmed damage is greater than 1d6, the damage does not change.\u003cbr /\u003eYou are considered armed while this spell is in effect.\u003c/p\u003e","descriptors":"","divine_focus_component":"0","duration":"1 round/level","effect":null,"id":1747,"material_component":"0","meta_breath_component":"0","name":"Claws of the Beast","page":null,"rulebook":"Magic of Faerun","saving_throw":null,"school":"Transmutation","somatic_component":"1","spell_range":"Personal","spell_resistance":null,"subschool":"","target":"You","true_name_component":"0","verbal_component":"1","xp_component":"0"}}