{"id":1768,"created":1449242784,"modified":1449242784,"data":{"arcane_focus_component":"0","area":null,"casting_time":"1 action","corrupt_component":"0","description_html":"\u003cp\u003eYou alter the structure of your hand so that it becomes as hard and sharp as a blade.\u003cbr /\u003eYour hand gains a +2 enhancement bonus on attack and damage when making unarmed attacks, and you inflict normal damage instead of subdual damage.\u003cbr /\u003eYou are considered armed with this hand.\u003cbr /\u003eYou cannot use that hand to cast spells, but can otherwise use the hand normally.\u003cbr /\u003eYour hand\u0026#39;s enhancement bonus does not apply to melee touch attacks.\u003c/p\u003e","descriptors":"","divine_focus_component":"0","duration":"1 round/level (D)","effect":null,"id":1768,"material_component":"0","meta_breath_component":"0","name":"Laeral's Cutting Hand","page":null,"rulebook":"Magic of Faerun","saving_throw":null,"school":"Transmutation","somatic_component":"1","spell_range":"Personal","spell_resistance":null,"subschool":"","target":"Your hand","true_name_component":"0","verbal_component":"1","xp_component":"0"}}