{"id":178,"created":1449242751,"modified":1449242751,"data":{"arcane_focus_component":"0","area":null,"casting_time":"1 action","corrupt_component":"0","description_html":"\u003cp\u003eThe caster makes a ranged touch attack against a foe, launching a bolt of cold darkness from his left hand.\u003cbr /\u003eThe bolt deals 1d8 points of damage per two caster levels (maximum 5d8).\u003cbr /\u003eHalf the damage is cold, and the other has no specific type.\u003cbr /\u003eWhen struck, the foe must also succeed at a Fortitude save or be stunned for 1 round, overwhelmed by the evil charge of the darkbolt.\u003c/p\u003e","descriptors":"Darkness, Evil","divine_focus_component":"0","duration":"Instantaneous","effect":null,"id":178,"material_component":"0","meta_breath_component":"0","name":"Darkbolt","page":null,"rulebook":"Book of Vile Darkness","saving_throw":"Fortitude partial","school":"Evocation","somatic_component":"1","spell_range":"Close (25 ft. + 5 ft./2 levels)","spell_resistance":"Yes","subschool":"","target":"One creature","true_name_component":"0","verbal_component":"1","xp_component":"0"}}