{"id":1786,"created":1449242785,"modified":1449242785,"data":{"arcane_focus_component":"0","area":null,"casting_time":"1 action","corrupt_component":"0","description_html":"\u003cp\u003eYou turn the bones and hard tissue of the subject to mush, making him a strange sort of oozelike creature.\u003cbr /\u003eHe immediately collapses into a heap, lacking the ability to maintain his previous shape.\u003cbr /\u003eHis Dexterity becomes 1, his speed becomes Swim 10 ft., and he loses the ability to attack, speak, carry objects, or cast spells with somatic components.\u003cbr /\u003eHe can still use spell-like and supernatural abilities.\u003cbr /\u003eHe cannot be flanked and is immune to critical hits.\u003cbr /\u003eHis equipment is not affected.\u003cbr /\u003eThis spell is normally used as a punishment or to disable opponents without killing them.\u003c/p\u003e","descriptors":"","divine_focus_component":"0","duration":"1 day/level","effect":null,"id":1786,"material_component":"0","meta_breath_component":"0","name":"Simbul's Skeletal Deliquescence","page":null,"rulebook":"Magic of Faerun","saving_throw":"Fortitude negates","school":"Transmutation","somatic_component":"1","spell_range":"Touch","spell_resistance":"Yes","subschool":"","target":"Creature touched","true_name_component":"0","verbal_component":"1","xp_component":"0"}}