{"id":1799,"created":1449242785,"modified":1449242785,"data":{"arcane_focus_component":"0","area":null,"casting_time":"10 minutes","corrupt_component":"0","description_html":"\u003cp\u003eYou magically link one location to another so that you or another may speak a command word at one end and be teleported to the other end.\u003cbr /\u003eBefore you cast the spell, you must prepare the ends of the link, both of which must be areas of stone 5 feet square.\u003cbr /\u003eThis preparation takes 1 hour, and functions for repeated castings of the spell as long as the stones are not damaged.\u003cbr /\u003eWhen the spell is cast, the stones become attuned to a command word you designate.\u003cbr /\u003eAny creature that speaks the command word while standing upon one of the stones is teleported without error to the other end instantaneously.\u003cbr /\u003eThe stones function once for every four caster levels, and can carry 50 pounds per caster level each time.\u003cbr /\u003eCreatures that exceed the weight limitation are not transported and count as one of the uses of the spell.\u003cbr /\u003eMaterial Component: The preparation of each of the ends of the link requires a paste made from rubies and amber worth 2,500 gp.\u003cbr /\u003eCasting the spell requires a 2,500 gp diamond.\u003cbr /\u003eActivating one of the linked stones once the spell is cast does not require any material components.\u003c/p\u003e","descriptors":"Teleportation","divine_focus_component":"0","duration":"Permanent until discharged","effect":null,"id":1799,"material_component":"1","meta_breath_component":"0","name":"Stone Walk","page":null,"rulebook":"Magic of Faerun","saving_throw":"Will negates (object)","school":"Transmutation","somatic_component":"1","spell_range":"Touch","spell_resistance":"Yes (object)","subschool":"","target":"Stone touched","true_name_component":"0","verbal_component":"1","xp_component":"0"}}