{"id":1808,"created":1449242785,"modified":1449242785,"data":{"arcane_focus_component":"0","area":null,"casting_time":null,"corrupt_component":"0","description_html":"\u003cp\u003eThis spell allows you to scribe any one of several potent runes.\u003cbr /\u003eTwo new symbols are described below; the others appear in the symbol spell description in the Player\u0026#39;s Handbook.\u003cbr /\u003eDeath Symbol of Bane: This type of symbol was created by the worshipers of Bane and lost until that dark deity was reborn in 1372 DR.\u003cbr /\u003eA death symbol of Bane is always carefully engraved and never quickly scribed.\u003cbr /\u003eIt is triggered as you designate, within the guidelines of the symbol spell.\u003cbr /\u003eHowever, a person wearing a holy symbol of Bane never triggers the spell.\u003cbr /\u003eA death symbol of Bane functions exactly like a symbol of death,\u003cbr /\u003eexcept that any creatures within 60 feet of the death symbol of Bane that survive must make two more Fortitude saves, the first to avoid taking 1d12 points of cold damage and the second to avoid the effects of a doom spell.\u003cbr /\u003eThis version of the symbol spell has the death and evil descriptors.\u003cbr /\u003eMaterial Component: A paste made from the symbol spell\u0026#39;s material components and the blood of intelligent sacrificed creatures (minimum 3 Intelligence) whose Hit Dice total at least 30 that have been killed within the past year.\u003cbr /\u003eOnce a creature\u0026#39;s blood is used for this spell, that same creature\u0026#39;s blood cannot be used in the material component for another death symbol of Bane.\u003cbr /\u003eSymbol of Spell Loss: This is another variant of the symbol spell.\u003cbr /\u003eWhen triggered, the symbol of spell loss begins to attack the minds of spellcasters within 60 feet.\u003cbr /\u003eEach caster must attempt a Will saving throw every round he or she is in this area.\u003cbr /\u003eFailure means that the highest-level spell prepared by the spellcaster (or highest-level spell slot, if the character casts spells like a sorcerer or bard) is lost.\u003cbr /\u003eThe symbol remains until it has erased 30 levels of spells.\u003cbr /\u003eThe symbol attacks creatures with spell-like abilities as if they had spells.\u003cbr /\u003eIt has no effect on creatures without spells or spell-like abilities.\u003cbr /\u003eThis version of the symbol spell is a mind-affecting spell.\u003c/p\u003e","descriptors":"see text","divine_focus_component":"1","duration":null,"effect":null,"id":1808,"material_component":"1","meta_breath_component":"0","name":"Symbol","page":null,"rulebook":"Magic of Faerun","saving_throw":null,"school":"Universal","somatic_component":"1","spell_range":null,"spell_resistance":null,"subschool":"","target":null,"true_name_component":"0","verbal_component":"1","xp_component":"0"}}