{"id":1813,"created":1449242785,"modified":1449242785,"data":{"arcane_focus_component":"0","area":null,"casting_time":"1 standard action","corrupt_component":"0","description_html":"\u003cp\u003eYou attempt to suppress the functioning of a single magic item or soulmeld.\u003cbr /\u003eIf you succeed on a caster level check against the item or soulmeld (against a DC of 11 + meldshaper level), the item or soulmeld loses all magical properties for the duration of the spell.\u003cbr /\u003eThis is identical to the effect of a dispel magic spell targeted on an object, except for duration and your ability to invest essentia to improve your caster level check.\u003cbr /\u003eThis spell has no effect on ongoing spell effects, even if those effects are on items (such as greater magic weapon).\u003cbr /\u003eEssentia: Every point of essentia invested in this spell grants you a +2 insight bonus on your caster level check to suppress the item.\u003cbr /\u003eIf the spell fails to affect the item, the invested essentia immediately returns to your pool.\u003c/p\u003e","descriptors":"","divine_focus_component":"0","duration":"1 round/level (D)","effect":null,"id":1813,"material_component":"0","meta_breath_component":"0","name":"Suppress Magic","page":null,"rulebook":"Magic of Incarnum","saving_throw":"See text","school":"Abjuration","somatic_component":"1","spell_range":"Medium (100 ft. + 10 ft./level)","spell_resistance":"No","subschool":"","target":"One object or soulmeld","true_name_component":"0","verbal_component":"1","xp_component":"0"}}