{"id":1816,"created":1449242785,"modified":1449242785,"data":{"arcane_focus_component":"0","area":null,"casting_time":"1 round","corrupt_component":"0","description_html":"\u003cp\u003eYou create a single lesser midnight construct (see page 184).\u003cbr /\u003eThe creature appears where you designate and acts immediately, on your turn.\u003cbr /\u003eIt attacks your opponents to the best of its ability.\u003cbr /\u003eAs a free action, you can mentally direct it not to attack, to attack particular enemies, or to perform other actions.\u003cbr /\u003eThe midnight construct acts normally on the last round of the spell\u0026#39;s duration and dissipates at the end of its turn.\u003cbr /\u003eMidnight constructs are not summoned; they are created on the plane you inhabit, using incarnum you coalesce.\u003cbr /\u003eThus, they are not subject to effects that hedge out or otherwise affect outsiders or summoned creatures.\u003cbr /\u003eEssentia: You can invest essentia in a midnight construct when you create it to gain one or more of the following modifications to the construct.\u003cbr /\u003eEvery point of essentia can be invested in any one modification.\u003c/b\u003e\u003cul\u003e\u003c/b\u003e\u003cli\u003eCombat Power: +1 enhancement bonus on attack rolls and damage rolls per point of essentia invested.\u003c/li\u003e\u003c/b\u003e\u003cli\u003eDamage Reduction: Increase the construct\u0026#39;s DR by 2 points per point of essentia invested.\u003c/li\u003e\u003c/b\u003e\u003cli\u003eLand Speed Increase: Increase the construct\u0026#39;s land speed by 10 feet per point of essentia invested.\u003c/li\u003e\u003c/b\u003e\u003c/ul\u003e\u003cbr /\u003eMaterial Component: A bead of dark glass.\u003c/p\u003e","descriptors":"Incarnum","divine_focus_component":"0","duration":"1 round/level (D)","effect":"One conjured midnight construct","id":1816,"material_component":"1","meta_breath_component":"0","name":"Conjure Lesser Midnight Construct","page":null,"rulebook":"Magic of Incarnum","saving_throw":"None","school":"Conjuration","somatic_component":"1","spell_range":"Close (25 ft. + 5 ft./2 levels)","spell_resistance":"No","subschool":"Creation","target":null,"true_name_component":"0","verbal_component":"1","xp_component":"0"}}