{"id":1824,"created":1449242785,"modified":1449242785,"data":{"arcane_focus_component":"0","area":null,"casting_time":null,"corrupt_component":"0","description_html":"\u003cp\u003eAs animal spirit, except as noted above.\u003cbr /\u003eEach target must activate his own animal spirit separately.\u003c/p\u003e","descriptors":"Incarnum","divine_focus_component":"0","duration":null,"effect":null,"id":1824,"material_component":"0","meta_breath_component":"0","name":"Animal Spirit, Mass","page":null,"rulebook":"Magic of Incarnum","saving_throw":null,"school":"Divination","somatic_component":"0","spell_range":"Close (25 ft. + 5 ft./2 levels)","spell_resistance":null,"subschool":"","target":"Up to one creature/level","true_name_component":"0","verbal_component":"0","xp_component":"0"}}