{"id":1850,"created":1449242786,"modified":1449242786,"data":{"arcane_focus_component":"0","area":null,"casting_time":"1 action","corrupt_component":"0","description_html":"\u003cp\u003ePortal alarm sounds a mental or audible alarm each time a creature of Tiny or larger size passes through the magic portal the spell is cast upon.\u003cbr /\u003eYou decide at the time of casting whether the portal alarm will be mental or audible.\u003cbr /\u003eMental Alarm: A mental alarm alerts you (and only you) as long as you remain within one mile of the warded area and on the same plane.\u003cbr /\u003eYou notice a mental tremor that would awaken you from a normal sleep but does not otherwise disturb concentration (it would not interfere with spellcasting).\u003cbr /\u003eA silence spell has no effect on a mental alarm.\u003cbr /\u003eAudible Alarm: An audible portal alarm produces the sound of a hand bell, buzzer, or other similar repeating sound that can be heard quite clearly up to 60 feet away, and it pierces closed doors and extends onto other planes.\u003cbr /\u003eThe ringing may be heard faintly up to 180 feet away and lasts for 1 round.\u003cbr /\u003eCreatures within the area of a silence spell cannot hear the ringing, and if the portal itself is within the area of a silence spell, no alarm is sounded.\u003cbr /\u003eEthereal and astral creatures trigger the portal alarm if they pass through the portal.\u003cbr /\u003eYou may set the portal alarm with a password, determined at the time of the casting, and this password may be discerned with the analyze portal spell.\u003cbr /\u003eThose speaking the password before passing through the portal do not set off the alarm.\u003cbr /\u003eMaterial Component: A tiny bell.\u003c/p\u003e","descriptors":"","divine_focus_component":"0","duration":"2 hours/level (D)","effect":null,"id":1850,"material_component":"1","meta_breath_component":"0","name":"Portal Alarm","page":null,"rulebook":"Manual of the Planes","saving_throw":"None","school":"Abjuration","somatic_component":"1","spell_range":"Close (25 ft. + 5 ft./2 levels)","spell_resistance":"No","subschool":"","target":"One interplanar portal","true_name_component":"0","verbal_component":"1","xp_component":"0"}}