{"id":1858,"created":1449242786,"modified":1449242786,"data":{"arcane_focus_component":"0","area":"5-ft.-radius/level emanation","casting_time":"1 action","corrupt_component":"0","description_html":"\u003cp\u003eAll creatures and objects within zone of revelation\u0026#39;s area are made visible.\u003cbr /\u003eThis includes invisible creatures as well as those in coexistent planes such as the Ethereal Plane and the Plane of Shadow.\u003cbr /\u003eNatives of these planes do not lose any abilities but are made simply made visible.\u003cbr /\u003eZone of revelation suppresses but does not dispel invisibility, etherealness, or other spells.\u003cbr /\u003eOnce a formerly invisible object or creature leaves the area, it becomes invisible again.\u003cbr /\u003eArcane Material Component: A handful of dust from the grave clothes of an undead creature.\u003c/p\u003e","descriptors":"","divine_focus_component":"1","duration":"1 minute/level","effect":null,"id":1858,"material_component":"1","meta_breath_component":"0","name":"Zone of Revelation","page":null,"rulebook":"Manual of the Planes","saving_throw":"None","school":"Divination","somatic_component":"1","spell_range":"Close (25 ft. + 5 ft./2 levels)","spell_resistance":"Yes","subschool":"","target":null,"true_name_component":"0","verbal_component":"1","xp_component":"0"}}