{"id":1872,"created":1449242786,"modified":1449242786,"data":{"arcane_focus_component":"0","area":null,"casting_time":"1 action","corrupt_component":"0","description_html":"\u003cp\u003eYou may randomize the destination of one interplanar portal for the duration of the spell.\u003cbr /\u003eAnyone who passes through the portal from either side is sent to a random plane instead of the portal\u0026#39;s intended destination unless they make a Will save.\u003cbr /\u003eAll those who fail the save go to the same location on the same plane.\u003cbr /\u003eMaterial Component: A cracked mirror.\u003c/p\u003e","descriptors":"","divine_focus_component":"0","duration":"1 round/level","effect":null,"id":1872,"material_component":"1","meta_breath_component":"0","name":"Scramble Portal","page":null,"rulebook":"Manual of the Planes","saving_throw":"None (for portal); Will negates (for users)","school":"Transmutation","somatic_component":"1","spell_range":"Close (25 ft. + 5 ft./2 levels)","spell_resistance":"No","subschool":"","target":"One interplanar portal","true_name_component":"0","verbal_component":"1","xp_component":"0"}}