{"id":1881,"created":1449242787,"modified":1449242787,"data":{"arcane_focus_component":"0","area":null,"casting_time":null,"corrupt_component":"0","description_html":"\u003cp\u003eThis spell is the same as regenerate ring, except that it grants fast healing at the rate of 3 hit points per round.\u003c/p\u003e","descriptors":"","divine_focus_component":"0","duration":null,"effect":null,"id":1881,"material_component":"0","meta_breath_component":"0","name":"Regenerate Circle","page":null,"rulebook":"Masters of the Wild: A Guidebook to Barbarians, Druids, and Rangers","saving_throw":null,"school":"Conjuration","somatic_component":"0","spell_range":null,"spell_resistance":null,"subschool":"Healing","target":null,"true_name_component":"0","verbal_component":"0","xp_component":"0"}}