{"id":1887,"created":1449242787,"modified":1449242787,"data":{"arcane_focus_component":"0","area":"15-ft.-radius spread","casting_time":"1 action","corrupt_component":"0","description_html":"\u003cp\u003eYou create a wave of green slime that begins at the range\u003cbr /\u003eyou choose and violently spreads to the limit of the area.\u003cbr /\u003eThe wave splashes and splatters as it passes; some slime clings to any wall or ceiling.\u003cbr /\u003eEach creature in the area that fails its Reflex save is covered with one patch of green slime for every 5 feet of its face.\u003cbr /\u003eGreen slime devours flesh and organic materials on contact, and even dissolves metal.\u003cbr /\u003eA patch of green slime deals 1d6 points of temporary Constitution damage per round while it devours flesh.\u003cbr /\u003eAgainst wood or metal, green slime deals 2d6 points of damage per round, ignoring the hardness of metal but not that of wood.\u003cbr /\u003eIt does not harm stone.\u003cbr /\u003eOn the first round of contact, the slime can be scraped off a creature (most likely destroying the scraping device), but after that it must be frozen, burned, or cut away (applying damage to the victim as well).\u003cbr /\u003eExtreme cold or heat, sunlight, or a remove disease spell destroys the green slime.\u003cbr /\u003eUnlike normal green slime, the slime created by this spell gradually evaporates, disappearing by the end of the duration.\u003cbr /\u003eMaterial Component: A few drops of stagnant pond water.\u003c/p\u003e","descriptors":"","divine_focus_component":"0","duration":"1 round/level","effect":null,"id":1887,"material_component":"1","meta_breath_component":"0","name":"Slime Wave","page":null,"rulebook":"Masters of the Wild: A Guidebook to Barbarians, Druids, and Rangers","saving_throw":"Reflex negates","school":"Conjuration","somatic_component":"1","spell_range":"Close (25 ft. + 5 ft./2 levels)","spell_resistance":"No","subschool":"Summoning","target":null,"true_name_component":"0","verbal_component":"1","xp_component":"0"}}