{"id":1897,"created":1449242787,"modified":1449242787,"data":{"arcane_focus_component":"0","area":"","casting_time":"1 action","corrupt_component":"0","description_html":"\u003cp\u003eThis spell soothes and quiets the subjects, rendering them docile and harmless.\u003cbr /\u003eAnimals trained to attack or guard, dire animals, legendary animals, beasts, and magical beasts are entitled to saving throws against this effect; normal animals are not.\u003cbr /\u003e(A druid could calm a normal bear or wolf with little trouble, but it\u0026#39;s more difficult to affect a winter wolf, a bulette, or a trained guard dog).\u003cbr /\u003eThe subjects remain where they are and do not attack or flee.\u003cbr /\u003eThey are not helpless, so they defend themselves normally if attacked.\u003cbr /\u003eAny threat (fire, a hungry predator, or an imminent attack, for example) breaks the spell on the threatened creatures.\u003c/p\u003e","descriptors":"Compulsion, Mind-Affecting","divine_focus_component":"0","duration":"1 minute/level","effect":"","id":1897,"material_component":"0","meta_breath_component":"0","name":"Calm, Mass","page":null,"rulebook":"Masters of the Wild: A Guidebook to Barbarians, Druids, and Rangers","saving_throw":"Will negates (see text)","school":"Enchantment","somatic_component":"1","spell_range":"Close (25 ft. + 5 ft./2 levels)","spell_resistance":"Yes","subschool":"","target":"Any number of animals, beasts, and magical beasts with Intelligence 1 or 2, no two of which can be more than 30 ft. apart","true_name_component":"0","verbal_component":"1","xp_component":"0"}}