{"id":1899,"created":1449242787,"modified":1449242787,"data":{"arcane_focus_component":"0","area":"","casting_time":"10 minutes, +1 action per bolt called","corrupt_component":"0","description_html":"\u003cp\u003eThis spell is similar to call lightning, except that you may call down bolts every 5 minutes.\u003cbr /\u003eTo cast greater call lightning, you must be in a stormy area\u0026#8212;a rain shower, a tornado (including a whirlwind formed by a djinn or air elemental of 7 HD or more), clouds and wind, or even hot and cloudy conditions will do.\u003cbr /\u003eWhile you are in such an area, you can call down one bolt of lightning every 5 minutes.\u003cbr /\u003eYou need not do so immediately upon casting\u0026#8212;other actions, even spellcasting, can be performed at any time during the spell\u0026#39;s duration.\u003cbr /\u003eHowever, you must use a standard action to concentrate on the spell when you call each bolt.\u003cbr /\u003eEach bolt of lightning flashes down in a vertical stroke, striking any target point you designate that is within range (measured from your position at the time).\u003cbr /\u003eIt takes the shortest possible unobstructed path between a nearby cloud and the target point.\u003cbr /\u003eAny creature within a 10-foot radius of the bolt\u0026#39;s path or the point where it strikes is affected.\u003cbr /\u003eEach bolt deals 1d10 points of electrical damage per caster level (maximum 15d10).\u003cbr /\u003eGreater call lightning is usable only outdoors; it does not function indoors, underground, or underwater.\u003cbr /\u003eThe spell ends if you leave the stormy area.\u003c/p\u003e","descriptors":"Electricity","divine_focus_component":"0","duration":"10 minutes/level","effect":"See text","id":1899,"material_component":"0","meta_breath_component":"0","name":"Call Lightning, Greater","page":null,"rulebook":"Masters of the Wild: A Guidebook to Barbarians, Druids, and Rangers","saving_throw":"Reflex half","school":"Evocation","somatic_component":"1","spell_range":"Long (400 ft. + 40 ft./level)","spell_resistance":"Yes","subschool":"","target":"","true_name_component":"0","verbal_component":"1","xp_component":"0"}}