{"id":19,"created":1449242748,"modified":1449242748,"data":{"arcane_focus_component":"0","area":"","casting_time":"1 standard action","corrupt_component":"0","description_html":"\u003cp\u003eA luminous ring of holy power appears above the head of a good creature and remains in place until the spell expires or the creature is slain (reduced to -10 hp).\u003cbr /\u003eIf the latter event occurs, the halo discharges an arc of divine energy that deals 1d6 points of damage per caster level (maximum 20d6) to the target\u0026#39;s slayer.\u003cbr /\u003eThe creature subject to the attack can make a Reflex save to reduce the damage by half.\u003cbr /\u003eOnce the vengeance halo unleashes its energy, it disappears and the spell ends.\u003cbr /\u003eAbstinence Component: You must abstain from alcohol for 1 week prior to casting this spell.\u003c/p\u003e","descriptors":"Good","divine_focus_component":"1","duration":"1 minute/level","effect":"","id":19,"material_component":"0","meta_breath_component":"0","name":"Vengeance Halo","page":null,"rulebook":"Book of Exalted Deeds","saving_throw":"None or Reflex half; see text","school":"Abjuration","somatic_component":"1","spell_range":"Close (25 ft. + 5 ft./2 levels)","spell_resistance":"No","subschool":"","target":"One good-aligned creature; see text","true_name_component":"0","verbal_component":"1","xp_component":"0"}}