{"id":1902,"created":1449242787,"modified":1449242787,"data":{"arcane_focus_component":"0","area":null,"casting_time":"1 action","corrupt_component":"0","description_html":"\u003cp\u003eBy calling on the power of nature, you grant the target animal a +1 luck bonus on attack and damage rolls for every two caster levels you possess.\u003c/p\u003e","descriptors":"","divine_focus_component":"1","duration":"5 rounds/level","effect":null,"id":1902,"material_component":"0","meta_breath_component":"0","name":"Nature's Favor","page":null,"rulebook":"Masters of the Wild: A Guidebook to Barbarians, Druids, and Rangers","saving_throw":"Will negates (harmless)","school":"Evocation","somatic_component":"1","spell_range":"Touch","spell_resistance":"Yes (harmless)","subschool":"","target":"Animal touched","true_name_component":"0","verbal_component":"1","xp_component":"0"}}