{"id":1906,"created":1449242787,"modified":1449242787,"data":{"arcane_focus_component":"0","area":"See text","casting_time":"1 action","corrupt_component":"0","description_html":"\u003cp\u003eThis spell has two versions.\u003cbr /\u003eTo cast either version, you must touch a plant and breathe on it.\u003cbr /\u003eBlight Area:When you center this spell on a single normal plant, all normal plants within a 100-foot spread (including the one on which the spell was centered) immediately die.\u003cbr /\u003eFlowers wilt, leaves fall to the ground, and foliage withers.\u003cbr /\u003eThis spell has no effect on the soil, so new growth can replace the dead plants.\u003cbr /\u003eThis effect allows no saving throw.\u003cbr /\u003eBlight Plant Creature:When targeted on a single mobile or intelligent plant, such as a shambling mound or a treant, this spell deals 1d6 points of damage per caster level, to a maximum of 15d6.\u003cbr /\u003eThe plant receives a Fortitude save for halt damage.\u003c/p\u003e","descriptors":"","divine_focus_component":"1","duration":"Instantaneous","effect":null,"id":1906,"material_component":"0","meta_breath_component":"0","name":"Blight","page":null,"rulebook":"Masters of the Wild: A Guidebook to Barbarians, Druids, and Rangers","saving_throw":"See text","school":"Necromancy","somatic_component":"1","spell_range":"See text","spell_resistance":"Yes","subschool":"","target":null,"true_name_component":"0","verbal_component":"1","xp_component":"0"}}