{"id":1917,"created":1449242787,"modified":1449242787,"data":{"arcane_focus_component":"0","area":"Plants in a 40-ft.-radius spread","casting_time":"1 action","corrupt_component":"0","description_html":"\u003cp\u003eThis spell causes grasses, weeds, bushes, and even trees to grow thorns and then wrap, twist, and entwine about creatures in the area, holding them fast.\u003cbr /\u003eCreatures that stand still are entangled but experience no other effects and take no damage.\u003cbr /\u003eA creature attempting an action (attack, cast a spell with a somatic component, move, or the like) takes thorn damage of 1d4 points +1 additional point per caster level and must make a successful Reflex save or be entangled (-2 penalty\u003cbr /\u003eon attack rolls, -4 penalty to effective Dexterity, and unable to move).\u003cbr /\u003eAnyone trying to cast a spell within the area must also make a Concentration check (DC 15 + spell level + damage taken) or lose the spell.\u003cbr /\u003eAn entangled creature can try to break free and move at half normal speed by using a full-round action to make a Strength check or Escape Artist check (DC 20).\u003cbr /\u003eA nonentangled creature can move through the area at half speed, taking damage as described above.\u003cbr /\u003eEach round nonentangled creatures remain in the area, the plants attempt to entangle them.\u003cbr /\u003eThe plants provide one-quarter cover for every 5 feet of substance between a creature in the area and an opponent\u0026#8212;one-half for 10 feet of briar web, three-quarters for 15 feet, and total cover for 20 feet or more.\u003cbr /\u003eThe DM may alter the effects of the spell somewhat, based on the nature of the available plants.\u003c/p\u003e","descriptors":"","divine_focus_component":"1","duration":"1 minute/level","effect":null,"id":1917,"material_component":"0","meta_breath_component":"0","name":"Briar Web","page":null,"rulebook":"Masters of the Wild: A Guidebook to Barbarians, Druids, and Rangers","saving_throw":"See text","school":"Transmutation","somatic_component":"1","spell_range":"Medium (100 ft. + 10 ft./level)","spell_resistance":"No","subschool":"","target":null,"true_name_component":"0","verbal_component":"1","xp_component":"0"}}