{"id":1925,"created":1449242787,"modified":1449242787,"data":{"arcane_focus_component":"0","area":null,"casting_time":"1 action","corrupt_component":"0","description_html":"\u003cp\u003eThis spell functions like polymorph other, except that you polymorph each subject into a feathered animal of Small size or smaller (your choice of species, but all subjects take the same form).\u003cbr /\u003eAny subject may choose to resume his or her normal form (as a full-round action); doing so ends the spell for that individual alone.\u003cbr /\u003eOtherwise, all subjects remain in the bird form until the spell expires or you dismiss it, restoring all affected creatures to normal form.\u003c/p\u003e","descriptors":"","divine_focus_component":"1","duration":"1 hour/level (D)","effect":null,"id":1925,"material_component":"0","meta_breath_component":"0","name":"Feathers","page":null,"rulebook":"Masters of the Wild: A Guidebook to Barbarians, Druids, and Rangers","saving_throw":"None (see text)","school":"Transmutation","somatic_component":"1","spell_range":"Close (25 ft. + 5 ft./2 levels)","spell_resistance":"Yes (harmless)","subschool":"","target":"One willing creatures/level","true_name_component":"0","verbal_component":"1","xp_component":"0"}}