{"id":1937,"created":1449242788,"modified":1449242788,"data":{"arcane_focus_component":"0","area":null,"casting_time":"10 minutes","corrupt_component":"0","description_html":"\u003cp\u003eThis spell is the same as reincarnate, except that the druid can reincarnate a creature that has been dead up to 10 years per caster level.\u003cbr /\u003eTrue reincarnate can even bring back a subject whose body has been wholly destroyed, provided that you unambiguously identify that creature in some fashion (reciting the deceased\u0026#39;s time and place of birth or death is the most common method).\u003cbr /\u003eUpon completion of this spell, the subject has a new body, and all physical ills and afflictions are repaired.\u003cbr /\u003eRefer to the description and the table for the reincarnate spell (in the Player\u0026#39;s Handbook) to determine the subject\u0026#39;s new incarnation.\u003cbr /\u003eWhen rolling to determine the new form, roll twice; the returning creature can select from either of the two forms indicated.\u003cbr /\u003eThe subject suffers neither loss of level (or Constitution point) nor loss of any prepared spells or spell slots.\u003cbr /\u003eYou can reincarnate someone killed by a death effect or someone who has been turned into an undead creature and then destroyed, as well as someone killed by hit point loss.\u003cbr /\u003eXP Cost: 1,000 XP.\u003c/p\u003e","descriptors":"","divine_focus_component":"1","duration":"Instantaneous","effect":null,"id":1937,"material_component":"0","meta_breath_component":"0","name":"True Reincarnate","page":null,"rulebook":"Masters of the Wild: A Guidebook to Barbarians, Druids, and Rangers","saving_throw":"None (see text)","school":"Transmutation","somatic_component":"1","spell_range":"Touch","spell_resistance":"Yes (harmless)","subschool":"","target":"Dead creature touched","true_name_component":"0","verbal_component":"1","xp_component":"1"}}