{"id":1938,"created":1449242788,"modified":1449242788,"data":{"arcane_focus_component":"0","area":null,"casting_time":"1 standard action","corrupt_component":"0","description_html":"\u003cp\u003eThe subject gains damage reduction 10/evil and silver.\u003c/p\u003e","descriptors":"Good","divine_focus_component":"1","duration":"1 round/level","effect":null,"id":1938,"material_component":"0","meta_breath_component":"0","name":"Angelskin","page":null,"rulebook":"Miniatures Handbook","saving_throw":"Will negates (harmless)","school":"Abjuration","somatic_component":"1","spell_range":"Touch","spell_resistance":"Yes (harmless)","subschool":"","target":"Lawful good creature touched","true_name_component":"0","verbal_component":"1","xp_component":"0"}}