{"id":195,"created":1449242751,"modified":1449242751,"data":{"arcane_focus_component":"0","area":null,"casting_time":"1 action","corrupt_component":"0","description_html":"\u003cp\u003eThis spell overwhelms the target with hallucinations, causing him to be blinded and stunned if he fails the save.\u003cbr /\u003eThe subject can attempt a new saving throw each round to end the spell.\u003cbr /\u003eEven after the subject succeeds at the save or the caster stops concentrating, the subject is plagued with nightmares every night.\u003cbr /\u003eThe nightmares prevent the subject from benefiting from natural healing.\u003cbr /\u003eThese nightmares continue until the caster dies or the subject succeeds at a Will saving throw, attempted once per night.\u003cbr /\u003eThis nightmare effect is treated as a curse and thus cannot be dispelled.\u003cbr /\u003eIt is subject to remove curse, however.\u003cbr /\u003eMaterial Component: A 2-inch-diameter multicolored disk of paper or ribbon.\u003c/p\u003e","descriptors":"Evil, Mind-Affecting","divine_focus_component":"0","duration":"Concentration (see below)","effect":null,"id":195,"material_component":"1","meta_breath_component":"0","name":"Reality Blind","page":null,"rulebook":"Book of Vile Darkness","saving_throw":"Will negates","school":"Illusion","somatic_component":"1","spell_range":"Close (25 ft. + 5 ft./2 levels)","spell_resistance":"Yes","subschool":"Phantasm","target":"One creature","true_name_component":"0","verbal_component":"1","xp_component":"0"}}