{"id":197,"created":1449242752,"modified":1449242752,"data":{"arcane_focus_component":"1","area":"","casting_time":"1 action","corrupt_component":"1","description_html":"\u003cp\u003eThe caster eats at least a portion of the flesh of another creature\u0026#39;s corpse, thereby gaining one-quarter of the creature\u0026#39;s Strength score as an enhancement bonus to the caster\u0026#39;s Strength score, and one-quarter of the creature\u0026#39;s Constitution score as an enhancement bonus to the caster\u0026#39;s Constitution.\u003c/p\u003e\u003c/b\u003e\u003c/b\u003e\u003cp\u003eFocus: A fresh or preserved (still bloody) 1-ounce portion of another creature\u0026#39;s flesh.\u003c/p\u003e\u003c/b\u003e\u003c/b\u003e\u003cp\u003eCorruption Cost: 2d6 points of Wisdom damage.\u003c/p\u003e","descriptors":"Evil","divine_focus_component":"0","duration":"10 minutes/level","effect":"","id":197,"material_component":"0","meta_breath_component":"0","name":"Absorb Strength","page":null,"rulebook":"Book of Vile Darkness","saving_throw":"","school":"Necromancy","somatic_component":"1","spell_range":"Personal","spell_resistance":"","subschool":"","target":"Caster","true_name_component":"0","verbal_component":"1","xp_component":"0"}}