{"id":1979,"created":1449242789,"modified":1449242789,"data":{"arcane_focus_component":"0","area":null,"casting_time":null,"corrupt_component":"0","description_html":"\u003cp\u003eThis spell functions like curse of petty failing, except that it affects multiple enemies out to medium range.\u003c/p\u003e","descriptors":"","divine_focus_component":"0","duration":null,"effect":null,"id":1979,"material_component":"0","meta_breath_component":"0","name":"Curse of Petty Failing, Legion's","page":null,"rulebook":"Miniatures Handbook","saving_throw":null,"school":"Necromancy","somatic_component":"0","spell_range":"Medium (100 ft. + 10 ft./level)","spell_resistance":null,"subschool":"","target":"Enemy creatures in a 20-ft.-radius burst","true_name_component":"0","verbal_component":"0","xp_component":"0"}}