{"id":200,"created":1449242752,"modified":1449242752,"data":{"arcane_focus_component":"0","area":null,"casting_time":"1 action","corrupt_component":"0","description_html":"\u003cp\u003eThe caster causes some bone within a touched creature to break or crack.\u003cbr /\u003eThe caster cannot specify which bone.\u003cbr /\u003eBecause the damage is general rather than specific, the target takes 1d3 points of Constitution damage.\u003cbr /\u003eA Fortitude save reduces the Constitution damage by half,\u003cbr /\u003eor negates it if the full damage would have been 1 point of Constitution damage.\u003cbr /\u003eMaterial Component: The bone of a small child that still lives.\u003c/p\u003e","descriptors":"Evil","divine_focus_component":"0","duration":"Instantaneous","effect":null,"id":200,"material_component":"1","meta_breath_component":"0","name":"Boneblast","page":null,"rulebook":"Book of Vile Darkness","saving_throw":"Fortitude half or Fortitude negates (see text)","school":"Necromancy","somatic_component":"1","spell_range":"Touch","spell_resistance":"Yes","subschool":"","target":"One creature that has a skeleton","true_name_component":"0","verbal_component":"1","xp_component":"0"}}