{"id":2007,"created":1449242789,"modified":1449242789,"data":{"arcane_focus_component":"0","area":null,"casting_time":"1 standard action","corrupt_component":"0","description_html":"\u003cp\u003eYou intone words of binding and point at your foe.\u003cbr /\u003eYellow strings of magical energy loop about its wings, dragging it to ground.\u003cbr /\u003eYou hinder the subject\u0026#39;s ability to fly (whether through natural or magical means) for the duration of the spell.\u003cbr /\u003eIf the target fails its saving throw, its fly speed (if any) becomes 0 feet.\u003cbr /\u003eAn airborne creature subjected to this spell falls to the ground as if under the effect of a feather fall spell.\u003cbr /\u003eEven if a new effect would grant the creature the ability to fly, that effect is suppressed for the duration of the earthbind spell.\u003cbr /\u003eEarthbind has no effect on other forms of movement, or even on effects that might grant airborne movement without granting a fly speed (such as jumping or levitate or\u003cbr /\u003eair walk spells).\u003c/p\u003e","descriptors":"","divine_focus_component":"0","duration":"1 minute/level (D)","effect":null,"id":2007,"material_component":"0","meta_breath_component":"0","name":"Earthbind","page":null,"rulebook":"Monster Manual V","saving_throw":"Fortitude negates","school":"Transmutation","somatic_component":"1","spell_range":"Medium (100 ft. + 10 ft./level)","spell_resistance":"Yes","subschool":"","target":"One creature","true_name_component":"0","verbal_component":"1","xp_component":"0"}}