{"id":2008,"created":1449242789,"modified":1449242789,"data":{"arcane_focus_component":"0","area":null,"casting_time":"1 hour","corrupt_component":"0","description_html":"\u003cp\u003eOnly evil wizards can cast this spell, and the Red Wizards of Thay do not teach it to outsiders.\u003cbr /\u003eCasting the spell involves a series of magical rituals intended to turn a normal human (of up to 3rd level) into a maddened, murderous creature.\u003cbr /\u003eThe victim must be bound and helpless for the spell to work.\u003cbr /\u003eAfter the casting time is completed, the victim must make a Will save or be transformed into a chosen one under the control of its creator.\u003c/p\u003e","descriptors":"","divine_focus_component":"0","duration":"Instantaneous","effect":null,"id":2008,"material_component":"1","meta_breath_component":"0","name":"Create Chosen One","page":null,"rulebook":"Monster Compendium: Monsters of Faer?n","saving_throw":"Will negates","school":"Transmutation","somatic_component":"1","spell_range":"Touch","spell_resistance":"Yes","subschool":"","target":"One human","true_name_component":"0","verbal_component":"1","xp_component":"0"}}