{"id":2019,"created":1449242789,"modified":1449242789,"data":{"arcane_focus_component":"0","area":null,"casting_time":"10 minutes","corrupt_component":"0","description_html":"\u003cp\u003eIf a spirit fails its saving throw, it can\u0026#39;t perceive the warded creatures and acts as though the warded creatures are not there.\u003cbr /\u003eThe warded creatures can move freely among spirits without being noticed, although they are perfectly visible to all other types of creatures.\u003cbr /\u003eIf a warded creature touches or attacks a spirit (even with a spell), the spell ends for all recipients.\u003cbr /\u003eNote: A spirit gets one saving throw against the spell.\u003cbr /\u003eIt either sees all the warded creatures or none of them.\u003cbr /\u003eMaterial Component: Red ink, with which you write prayers and scriptures on each warded creature.\u003c/p\u003e","descriptors":"","divine_focus_component":"0","duration":"10 minutes/level (D)","effect":null,"id":2019,"material_component":"1","meta_breath_component":"0","name":"Invisibility to Spirits","page":null,"rulebook":"Oriental Adventures","saving_throw":"Will negates","school":"Abjuration","somatic_component":"1","spell_range":"Touch","spell_resistance":"Yes (harmless)","subschool":"","target":"One touched creature/level","true_name_component":"0","verbal_component":"1","xp_component":"0"}}