{"id":2041,"created":1449242790,"modified":1449242790,"data":{"arcane_focus_component":"0","area":null,"casting_time":null,"corrupt_component":"0","description_html":"\u003cp\u003eAs lesser spirit binding, except you may call a single spirit of up to 16 HD or a number of spirits of the same type whose HD total no more than 16.\u003cbr /\u003eEach spirit gets a save, makes an independent attempt to escape, and must be individually persuaded to aid you.\u003c/p\u003e","descriptors":"see text","divine_focus_component":"0","duration":null,"effect":null,"id":2041,"material_component":"0","meta_breath_component":"0","name":"Spirit Binding","page":null,"rulebook":"Oriental Adventures","saving_throw":null,"school":"Conjuration","somatic_component":"1","spell_range":null,"spell_resistance":null,"subschool":"Calling","target":"Up to 16 HD worth of spirits, no two of which can be more than 30 ft. apart when they appear","true_name_component":"0","verbal_component":"1","xp_component":"0"}}