{"id":2052,"created":1449242790,"modified":1449242790,"data":{"arcane_focus_component":"0","area":"120 ft. spread, centered on you","casting_time":"1 round","corrupt_component":"0","description_html":"\u003cp\u003eYou place yourself in a deep trance, during which you cannot move, speak, or take any action.\u003cbr /\u003eIn the trance, you are highly attuned to the powers and forces in the immediate area.\u003cbr /\u003eYou can sense certain magical creatures and effects within the spell\u0026#39;s area.\u003cbr /\u003eEach round you remain in the trance, you feel the presence of any one lesser spirit, greater spirit, curse, permanent magical effect, or haunting within the spell\u0026#39;s area.\u003cbr /\u003eYou can determine the general type of thing contacted (such as natural spirit, evil haunting), but cannot communicate with it in any way or gain any other information about it.\u003cbr /\u003eUsing this spell does give you enough information to subsequently cast commune with lesser spirit or a similar spell to communicate with the spirit you desire to contact.\u003c/p\u003e","descriptors":"","divine_focus_component":"0","duration":"1 round/level (D)","effect":null,"id":2052,"material_component":"0","meta_breath_component":"0","name":"Trance","page":null,"rulebook":"Oriental Adventures","saving_throw":"None","school":"Divination","somatic_component":"1","spell_range":"120 ft.","spell_resistance":"No","subschool":"","target":null,"true_name_component":"0","verbal_component":"1","xp_component":"0"}}