{"id":2063,"created":1449242790,"modified":1449242790,"data":{"arcane_focus_component":"0","area":"20-ft.-radius spread","casting_time":"1 action","corrupt_component":"0","description_html":"\u003cp\u003eYou call up raw Tainted power to smite your enemies.\u003cbr /\u003eThe Taint takes the form of a cold, cloying cloud of greasy darkness.\u003cbr /\u003eNezumi, Shinomen nagas, and creatures with the Shadowlands subtype are not harmed by the spell, and creatures with a Taint score are not fully affected.\u003cbr /\u003eThe spell deals 1d8 points of damage per two caster levels (maximum 5d8) to untainted creatures and sickens them for 1d4 rounds.\u003cbr /\u003eA sickened creature suffers a -2 penalty on attack rolls, weapon damage rolls, saves, skill checks, and ability checks.\u003cbr /\u003eA successful Fortitude save reduces damage to half and negates the sickening effect.\u003cbr /\u003eSickened creatures must make an additional successful Fortitude save or gain a Taint score of 1d3.\u003cbr /\u003eThe spell deals only half damage to creatures with Taint scores, and they are not sickened.\u003cbr /\u003eThey can reduce the damage in half again (down to one-quarter of the roll) with a successful Fortitude save.\u003cbr /\u003eSuch Tainted creatures automatically increase their Taint score by 1, regardless of their saving throw results.\u003c/p\u003e","descriptors":"Evil","divine_focus_component":"0","duration":"Instantaneous","effect":null,"id":2063,"material_component":"0","meta_breath_component":"0","name":"Cloud of Taint","page":null,"rulebook":"Oriental Adventures","saving_throw":"Fortitude partial","school":"Evocation","somatic_component":"1","spell_range":"Medium (100 ft. + 10 ft./level)","spell_resistance":"Yes","subschool":"","target":null,"true_name_component":"0","verbal_component":"1","xp_component":"0"}}