{"id":2087,"created":1449242791,"modified":1449242791,"data":{"arcane_focus_component":"0","area":null,"casting_time":"1 action","corrupt_component":"0","description_html":"\u003cp\u003eWhen you cast this spell, you cut a mystic pattern into one palm with a knife and enchant your own blood.\u003cbr /\u003eThe spell creates one missile of blood per three caster levels (maximum of five missiles).\u003cbr /\u003eYou can then send these missiles of blood streaking from the upturned palm, which explode on impact.\u003cbr /\u003eYou can choose a separate target for each missile, but you must make a ranged touch attack for each missile.\u003cbr /\u003eA direct hit deals 2d8 points of damage with no saving throw allowed.\u003cbr /\u003eCreatures within 5 feet of a creature struck by a missile must make successful Reflex saves or take the same damage.\u003cbr /\u003e(Missiles that miss their target do not cause damage to any creature).\u003cbr /\u003eMaterial Component: Your blood.\u003cbr /\u003eCutting the pattern in your palm deals 2 points of damage to you.\u003c/p\u003e","descriptors":"","divine_focus_component":"0","duration":"Instantaneous","effect":null,"id":2087,"material_component":"1","meta_breath_component":"0","name":"Blood of Fire","page":null,"rulebook":"Oriental Adventures","saving_throw":"Reflex negates (see text)","school":"Necromancy","somatic_component":"1","spell_range":"Medium (100 ft. + 10 ft./level)","spell_resistance":"Yes","subschool":"","target":"Up to four creatures","true_name_component":"0","verbal_component":"1","xp_component":"0"}}