{"id":2090,"created":1449242791,"modified":1449242791,"data":{"arcane_focus_component":"1","area":null,"casting_time":"1 action","corrupt_component":"0","description_html":"\u003cp\u003eYour touch becomes poisonous, inflicting poison upon a creature you touch with a successful melee touch attack.\u003cbr /\u003eThe poison deals 1d6 points of temporary Constitution damage immediately and another 1d6 points of temporary Constitution damage 1 minute later.\u003cbr /\u003eEach instance of damage can be negated by a Fortitude save (DC 10 + 1/2 caster\u0026#39;s level + caster\u0026#39;s Intelligence modifier).\u003cbr /\u003eFocus: A tattoo of a toad on your skin.\u003c/p\u003e","descriptors":"","divine_focus_component":"0","duration":"Instantaneous (see text)","effect":null,"id":2090,"material_component":"0","meta_breath_component":"0","name":"Kiss of the Toad","page":null,"rulebook":"Oriental Adventures","saving_throw":"Fortitude negates (see text)","school":"Necromancy","somatic_component":"1","spell_range":"Touch","spell_resistance":"Yes","subschool":"","target":"Living creature touched","true_name_component":"0","verbal_component":"1","xp_component":"0"}}