{"id":210,"created":1449242752,"modified":1449242752,"data":{"arcane_focus_component":"1","area":null,"casting_time":"1 action (see text)","corrupt_component":"0","description_html":"\u003cp\u003eBy casting imprison soul, the caster places the subject\u0026#39;s soul in a receptacle, such as a gem, ring, or some other minuscule object, leaving the subject\u0026#39;s body lifeless.\u003cbr /\u003eWhile trapped, the subject takes 1d4 points of Constitution damage per day until dead or freed.\u003cbr /\u003eThe rituals to prepare the receptacle require three days.\u003cbr /\u003eDestroying or opening the receptacle ends the spell, releasing the soul.\u003cbr /\u003eTo cast the spell, the receptacle must be within spell range and the caster must know where it is.\u003cbr /\u003eThe caster must also know the name of the target.\u003cbr /\u003eMaterial Component: A portion of the target\u0026#39;s body (a fingernail, a strand of hair, or some other small part).\u003cbr /\u003eFocus: A Tiny or smaller object to be the receptacle for the subject\u0026#39;s soul.\u003c/p\u003e","descriptors":"Evil","divine_focus_component":"0","duration":"Instantaneous","effect":null,"id":210,"material_component":"1","meta_breath_component":"0","name":"Imprison Soul","page":null,"rulebook":"Book of Vile Darkness","saving_throw":"Will negates","school":"Necromancy","somatic_component":"1","spell_range":"Medium(100 ft. + 10 ft./level)","spell_resistance":"No","subschool":"","target":"One creature","true_name_component":"0","verbal_component":"1","xp_component":"0"}}