{"id":2106,"created":1449242791,"modified":1449242791,"data":{"arcane_focus_component":"0","area":null,"casting_time":"1 round","corrupt_component":"0","description_html":"\u003cp\u003eWhen you cast this spell, you cause the target sword to hover and fight in the air, defending the character you designate.\u003cbr /\u003eThe sword must be either unattended or in the possession of the willing ally who will benefit from the spell.\u003cbr /\u003eThe sword fights using that character\u0026#39;s base attack bonus and its base damage, with no adjustment for Strength or other ability scores.\u003cbr /\u003eIf the character is not proficient with the sword, the sword suffers a -4 penalty on its attack rolls.\u003cbr /\u003eThe sword stays within 5 feet of the character you designate, and drops to the ground if that character is dying or dead.\u003cbr /\u003eControlling the sword requires no concentration, and the character can fight with another weapon at the same time.\u003cbr /\u003eThe dancing blade prevents two opponents from receiving a flanking bonus against the character, though additional opponents can still gain a flanking bonus.\u003cbr /\u003eMaterial Component: A tiny stick puppet.\u003c/p\u003e","descriptors":"","divine_focus_component":"0","duration":"1 round/level","effect":null,"id":2106,"material_component":"1","meta_breath_component":"0","name":"Dancing Blade","page":null,"rulebook":"Oriental Adventures","saving_throw":"None","school":"Transmutation","somatic_component":"1","spell_range":"Close (25 ft. + 5 ft./2 levels)","spell_resistance":"No","subschool":"","target":"One sword","true_name_component":"0","verbal_component":"1","xp_component":"0"}}