{"id":2107,"created":1449242791,"modified":1449242791,"data":{"arcane_focus_component":"0","area":null,"casting_time":null,"corrupt_component":"0","description_html":"\u003cp\u003eAs iron scarf, but if you succeed with your ranged attack roll, the scarf wraps around the target\u0026#39;s neck.\u003cbr /\u003eThe target may then attempt a Fortitude saving throw; failure indicates that you are able to yank the scarf and decapitate the victim.\u003cbr /\u003eThis spell works only against creatures with heads, and decapitation is only effective against living creatures (except vampires).\u003cbr /\u003eOozes and many aberrations have no heads and are thus immune to this spell.\u003cbr /\u003eConstructs and most undead are not harmed by the removal of their heads, so the spell is ineffective against them.\u003cbr /\u003eLiving creatures that make successful Fortitude saves take 1d4 points of damage per caster level (maximum 20d4) before freeing themselves from the decapitating scarf.\u003c/p\u003e","descriptors":"","divine_focus_component":"0","duration":null,"effect":null,"id":2107,"material_component":"0","meta_breath_component":"0","name":"Decapitating Scarf","page":null,"rulebook":"Oriental Adventures","saving_throw":"Fortitude partial","school":"Transmutation","somatic_component":"0","spell_range":null,"spell_resistance":null,"subschool":"","target":null,"true_name_component":"0","verbal_component":"0","xp_component":"0"}}