{"id":2117,"created":1449242792,"modified":1449242792,"data":{"arcane_focus_component":"0","area":null,"casting_time":null,"corrupt_component":"0","description_html":"\u003cp\u003eAs rain of needles, but the needles drip with poison.\u003cbr /\u003eYou can attack only one target, and you must succeed on a normal ranged attack to harm the target.\u003cbr /\u003eIf you hit, the target suffers the effect of the poison needles.\u003cbr /\u003eYou can choose one of the following effects:\u003c/b\u003e\u003cul\u003e\u003c/b\u003e\u003cli\u003e1d8 points of temporary Constitution damage immediately and another 1d8 points of temporary Constitution damage 1 minute later.\u003c/li\u003e\u003c/b\u003e\u003c/ul\u003e\u003cbr /\u003eEach instance of damage can be negated by a successful Fortitude save (DC 10 + 1/2 caster\u0026#39;s level + caster\u0026#39;s Intelligence modifier).\u003c/b\u003e\u003cul\u003e\u003c/b\u003e\u003cli\u003eParalysis for 2d6 minutes, negated by a successful Fortitude save (DC 10 + 1/2 caster\u0026#39;s level + caster\u0026#39;s Intelligence modifier).\u003c/li\u003e\u003c/b\u003e\u003cli\u003e1d10 points of temporary Dexterity damage immediately and another 1d10 points of temporary Dexterity damage 1 minute later.\u003c/li\u003e\u003c/b\u003e\u003c/ul\u003e\u003cbr /\u003eEach instance of damage can be negated by a successful Fortitude save (DC 10 + 1/2 caster\u0026#39;s level + caster\u0026#39;s Intelligence modifier).\u003c/p\u003e","descriptors":"","divine_focus_component":"0","duration":null,"effect":null,"id":2117,"material_component":"0","meta_breath_component":"0","name":"Poison Needles","page":null,"rulebook":"Oriental Adventures","saving_throw":"Fortitude negates (see text)","school":"Transmutation","somatic_component":"0","spell_range":null,"spell_resistance":null,"subschool":"","target":"One creature","true_name_component":"0","verbal_component":"0","xp_component":"0"}}