{"id":2126,"created":1449242792,"modified":1449242792,"data":{"arcane_focus_component":"0","area":null,"casting_time":"1 round","corrupt_component":"0","description_html":"\u003cp\u003eThis spell gives the recipient the ability to swim with the ease of a fish, though it does not impart the ability to breathe water.\u003cbr /\u003eThe creature can swim at its normal (land) speed without making Swim checks, so long as it is not carrying more than a light load.\u003cbr /\u003eIt gains a +8 competence bonus on any Swim checks to perform some special action or avoid a hazard, though it still suffers the normal penalty for weight carried (-1 per 5 pounds carried).\u003cbr /\u003eIt can always choose to take 10, even if rushed or threatened when swimming.\u003cbr /\u003eThe creature can use the run action while swimming, provided it swims in a straight line.\u003cbr /\u003eIf the creature is carrying more than a light load, it still gains the +8 competence bonus on Swim checks, but it must make Swim checks to move (including the normal penalty for weight carried).\u003cbr /\u003eThe other benefits of the spell still apply.\u003cbr /\u003eMaterial Component: A goldfish scale.\u003c/p\u003e","descriptors":"","divine_focus_component":"0","duration":"3 rounds/level","effect":null,"id":2126,"material_component":"1","meta_breath_component":"0","name":"Swim","page":null,"rulebook":"Oriental Adventures","saving_throw":"None","school":"Transmutation","somatic_component":"1","spell_range":"Medium (100 ft. + 10 ft./level)","spell_resistance":"Yes (harmless)","subschool":"","target":"One creature","true_name_component":"0","verbal_component":"1","xp_component":"0"}}