{"id":2135,"created":1449242792,"modified":1449242792,"data":{"arcane_focus_component":"0","area":null,"casting_time":"1 standard action","corrupt_component":"0","description_html":"\u003cp\u003eYou gain a temporary respite from the natural effects of a specific plane.\u003cbr /\u003eThese effects include extremes in temperature, lack of air, poisonous fumes, emanations of positive or negative energy, or other attributes of the plane itself.\u003cbr /\u003eAvoid planar effects provides protection from the 3d10 points of fire damage that characters normally take when on a plane with the fire-dominant trait.\u003cbr /\u003eAvoid planar effects allows a character to breathe water on a water-dominant plane and ignore the threat of suffocation on an earth-dominant plane.\u003cbr /\u003eA character protected by avoid planar effects can\u0026#39;t be blinded by the energy of a major positive-dominant plane and automatically stops gaining temporary hit points when they equal the character\u0026#39;s full normal hit point total.\u003cbr /\u003eNegative-dominant planes don\u0026#39;t deal damage or bestow negative levels to characters protected by avoid planar effects.\u003cbr /\u003eIn addition, some effects specific to a plane are negated by avoid planar effects.\u003cbr /\u003eIn the D\u0026amp;D cosmology, avoid planar effects negates the deafening effect of Pandemonium and the cold damage on the Cania layer of the Nine Hells.\u003cbr /\u003eThe DM can add additional protections for a cosmology he creates.\u003cbr /\u003eIf the campaign has an Elemental Plane of Cold, for example, avoid planar effects protects against the base cold damage dealt to everyone on the plane.\u003cbr /\u003eThe effects of gravity traits, alignment traits, and magic traits aren\u0026#39;t negated by avoid planar effects, nor is the special entrapping trait that some planes (such as Elysium and Hades) have.\u003cbr /\u003eThe spell does not provide protection against creatures, native or otherwise, nor does it protect against spells, special abilities, or extreme and nonnatural formations within the plane.\u003cbr /\u003eThis spell allows you to survive on the Elemental Plane of Earth, but it won\u0026#39;t protect you if you walk into a pool of magma on that same plane.\u003c/p\u003e","descriptors":"","divine_focus_component":"0","duration":"1 minute/level","effect":null,"id":2135,"material_component":"0","meta_breath_component":"0","name":"Avoid Planar Effects","page":null,"rulebook":"Planar Handbook","saving_throw":"None","school":"Abjuration","somatic_component":"0","spell_range":"20 ft.","spell_resistance":"Yes (harmless)","subschool":"","target":"One creature/level in a 20-ft.-radius burst centered on you","true_name_component":"0","verbal_component":"1","xp_component":"0"}}