{"id":2144,"created":1449242792,"modified":1449242792,"data":{"arcane_focus_component":"0","area":null,"casting_time":"1 standard action","corrupt_component":"0","description_html":"\u003cp\u003eThis abjuration grants a creature limited protection from a plane\u0026#39;s alignment traits.\u003cbr /\u003eWhen the subject visits a plane with an alignment trait, this spell grants it immunity to penalties on its Charisma check that mildly aligned planes impose on visitors of opposed alignments.\u003cbr /\u003eThe Charisma, Wisdom and Intelligence check penalties associated with strongly aligned planes are halved while this spell\u0026#39;s duration lasts.\u003c/p\u003e","descriptors":"","divine_focus_component":"1","duration":"10 min./level","effect":null,"id":2144,"material_component":"0","meta_breath_component":"0","name":"Resist Planar Alignment","page":null,"rulebook":"Planar Handbook","saving_throw":"Fortitude negates (harmless)","school":"Abjuration","somatic_component":"1","spell_range":"Touch","spell_resistance":"Yes (harmless)","subschool":"","target":"Creature touched","true_name_component":"0","verbal_component":"1","xp_component":"0"}}