{"id":2149,"created":1449242792,"modified":1449242792,"data":{"arcane_focus_component":"0","area":"20-ft. radius, centered on you","casting_time":"1 standard action","corrupt_component":"0","description_html":"\u003cp\u003eA driving rain falls around you.\u003cbr /\u003eIt falls in a fixed area once created.\u003cbr /\u003eThe storm reduces hearing and visibility, resulting in a -4 penalty on Listen, Spot, and Search checks.\u003cbr /\u003eIt also applies a -4 penalty on all ranged attacks made into, out of, or through the storm.\u003cbr /\u003eFinally, it automatically extinguishes any unprotected flames and has a 50% chance to extinguish protected flames (such as those of lanterns).\u003cbr /\u003eThe rain damages chaotic creatures, dealing 2d6 points of damage per round (chaotic outsiders take double damage).\u003cbr /\u003eIn addition, each round, a gout of acid strikes a randomly selected chaotic outsider within the spell\u0026#39;s area, dealing 5d6 points of acid damage.\u003cbr /\u003eAfter the spell\u0026#39;s duration expires, the water disappears.\u003cbr /\u003eMaterial Component: A flask of axiomatic water (see page 76).\u003c/p\u003e","descriptors":"Lawful, Water","divine_focus_component":"1","duration":"1 round/level (D)","effect":null,"id":2149,"material_component":"1","meta_breath_component":"0","name":"Axiomatic Storm","page":null,"rulebook":"Planar Handbook","saving_throw":"None","school":"Conjuration","somatic_component":"1","spell_range":null,"spell_resistance":"No","subschool":"Creation","target":null,"true_name_component":"0","verbal_component":"1","xp_component":"0"}}