{"id":2161,"created":1449242792,"modified":1449242792,"data":{"arcane_focus_component":"0","area":null,"casting_time":null,"corrupt_component":"0","description_html":"\u003cp\u003eThis spell functions like plane shift, except that if you have visited the desired location, the spell takes you to the precise location (rather than 5 to 500 miles distant).\u003c/p\u003e","descriptors":"","divine_focus_component":"0","duration":null,"effect":null,"id":2161,"material_component":"0","meta_breath_component":"0","name":"Plane Shift, Greater","page":null,"rulebook":"Planar Handbook","saving_throw":null,"school":"Conjuration","somatic_component":"0","spell_range":null,"spell_resistance":null,"subschool":"Teleportation","target":null,"true_name_component":"0","verbal_component":"0","xp_component":"0"}}