{"id":2199,"created":1449242793,"modified":1449242793,"data":{"arcane_focus_component":"0","area":null,"casting_time":"1 action","corrupt_component":"0","description_html":"\u003cp\u003eYour touch transforms a living creature into a spongy, amorphous mass, its shape melting and writhing uncontrollably.\u003cbr /\u003eAn affected creature is unable to hold or use any item.\u003cbr /\u003eClothing, armor, rings, and helmets become useless.\u003cbr /\u003eLarge items worn or carried\u0026#8212;armor, backpacks, and even shirts\u0026#8212;hamper more than help, reducing the victim\u0026#39;s Dexterity score by 4.\u003cbr /\u003eSoft or misshapen feet and legs reduce speed to 10 feet or one-quarter normal, whichever is less.\u003cbr /\u003eThe victim becomes blind and cannot cast spells or use magic items, and searing pain renders it incapable of attacking.\u003cbr /\u003eWhile in this form, the creature has immunity to extra damage from critical hits and sneak attacks due to its amorphous nature.\u003cbr /\u003eEach round the victim spends in an amorphous state causes 1 point of Wisdom drain from mental shock.\u003cbr /\u003eIf the victim\u0026#39;s Wisdom score is reduced to 0, it falls unconscious.\u003cbr /\u003eA conscious victim can regain its own shape by taking a standard action to attempt a new Fortitude save.\u003cbr /\u003eSuccess ends the spell effect.\u003c/p\u003e","descriptors":"","divine_focus_component":"0","duration":"1 round/level (D)","effect":null,"id":2199,"material_component":"0","meta_breath_component":"0","name":"Corporeal Instability","page":null,"rulebook":"Planar Handbook","saving_throw":"Fortitude negates","school":"Transmutation","somatic_component":"1","spell_range":"Touch","spell_resistance":"Yes","subschool":"","target":"Living creature touched","true_name_component":"0","verbal_component":"1","xp_component":"0"}}