{"id":220,"created":1449242752,"modified":1449242752,"data":{"arcane_focus_component":"0","area":null,"casting_time":"1 action","corrupt_component":"0","description_html":"\u003cp\u003eThe caster taps into the life force of a subject and drains it away, adding it to her own.\u003cbr /\u003eEach round the caster concentrates, she deals 1 point of ability score drain to the subject.\u003cbr /\u003eAlthough the caster can choose which ability score to drain, she must choose a different ability score to drain in each round and cannot choose a score already drained until she has drained all the others equally, at which point the process starts over.\u003cbr /\u003eThus, if the caster drains 1 point of Strength, she must choose another ability in the next round and cannot choose Strength again until she has drained 1 point each of Constitution, Dexterity, Intelligence, Wisdom, and Charisma.\u003cbr /\u003eThen, the caster can drain a second point of Strength (or any other ability), but not a third until she has drained a second point from all the other ability scores.\u003cbr /\u003eIf the caster casts this spell on the night of a full moon, she becomes effectively one week younger for every point she drains.\u003cbr /\u003e(Her age is reduced, but memories and abilities acquired during that week are not lost).\u003cbr /\u003eOtherwise, the subject takes the ability score drain, but the caster gains nothing.\u003cbr /\u003eThe subject withers and shrivels as the caster drains its ability scores.\u003cbr /\u003eWhen the subject\u0026#39;s Constitution score reaches 0, the subject becomes a horrid, dry husk and cannot be further drained.\u003cbr /\u003eIf the caster dies while concentrating on this spell, all the subject\u0026#39;s lost ability score points are immediately regained.\u003cbr /\u003eLocation Component: An area under the effect of a desecrate or unhallow spell.\u003c/p\u003e","descriptors":"Evil","divine_focus_component":"0","duration":"Concentration","effect":null,"id":220,"material_component":"0","meta_breath_component":"0","name":"Steal Life","page":null,"rulebook":"Book of Vile Darkness","saving_throw":"Fortitude negates","school":"Necromancy","somatic_component":"1","spell_range":"Close (25 ft. + 5 ft./2 levels)","spell_resistance":"Yes","subschool":"","target":"One living humanoid","true_name_component":"0","verbal_component":"1","xp_component":"0"}}