{"id":2212,"created":1449242794,"modified":1449242794,"data":{"arcane_focus_component":"1","area":null,"casting_time":"1 standard action","corrupt_component":"0","description_html":"\u003cp\u003eLike shield other, this spell wards the subjects, creating a mystic connection between them and you that transfers some of their wounds to you.\u003cbr /\u003eEach subject gains a +1 deflection bonus to AC and a +1 resistance bonus on all saving throws.\u003cbr /\u003eIn addition, each subject takes only one-half the normal hit point damage from any attack, and you take the remainder.\u003cbr /\u003eForms of harm that do not involve hit points, such as charm effects, ability damage, level draining, and disintegration, are not affected.\u003cbr /\u003eIf a subject\u0026#39;s hit points are reduced because of a lowered Constitution score, that reduction is not split with you because it is not hit point damage.\u003cbr /\u003eWhen the spell ends, any subsequent damage is no longer divided between you and the subjects, but the damage you took for the subjects is not reassigned to them.\u003cbr /\u003eIf you die while glory of the martyr is in effect, the spell ends in a burst of positive energy that restores 1d8 hit points to each subject.\u003cbr /\u003eIf a subject dies or moves out of range of the spell, that subject\u0026#39;s connection to you is severed, but the spell remains in force with respect to other subjects.\u003cbr /\u003eIf your connection with all subjects is severed, the spell ends.\u003cbr /\u003eFocus: A platinum ring worth at least 50 gp worn by you and each subject of the spell.\u003c/p\u003e","descriptors":"Good","divine_focus_component":"1","duration":"1 hour/level (D)","effect":null,"id":2212,"material_component":"0","meta_breath_component":"0","name":"Glory of the Martyr","page":null,"rulebook":"Player's Guide to Faer?n","saving_throw":"Will negates (harmless)","school":"Abjuration","somatic_component":"1","spell_range":"Close (25 ft. + 5 ft./2 levels)","spell_resistance":"Yes (harmless)","subschool":"","target":"One creature/level","true_name_component":"0","verbal_component":"1","xp_component":"0"}}