{"id":2223,"created":1449242794,"modified":1449242794,"data":{"arcane_focus_component":"1","area":null,"casting_time":"1 standard action","corrupt_component":"0","description_html":"\u003cp\u003eYou place a protective spell upon your hand that allows you to touch an untriggered magic sigil (such as a glyph of warding or a symbol of death) without setting it off.\u003cbr /\u003eThe touched sigil is removed from its location and held as magical potential on your hand, as though it were a touch spell.\u003cbr /\u003eTo pick up the spell in this manner, you must make a successful caster level check (DC 20 + spell level).\u003cbr /\u003eFailure indicates that you have triggered the glyph or symbol.\u003cbr /\u003eIf you successfully transfer the sigil to your hand, you can use a standard action to place it on a surface (not a creature) of the sort on which it can normally be scribed.\u003cbr /\u003eThe transferred sigil works normally thereafter and retains all its original triggering conditions, although its current location might make its triggers difficult or impossible to achieve.\u003cbr /\u003eYou can maintain the magic sigil on your hand as long as you concentrate.\u003cbr /\u003eIf your concentration lapses or the spell duration expires while the sigil is thus stored as potential, it immediately triggers upon you (and only you), even if you normally would not meet its trigger conditions.\u003cbr /\u003eThe effect has the same saving throw and spell resistance aspects as the original spell did.\u003cbr /\u003eThe only safe way to rid yourself of the stored spell it to place it upon a suitable surface.\u003cbr /\u003eFocus: A piece of slate that has been scoured bare and smooth on one side.\u003c/p\u003e","descriptors":"","divine_focus_component":"0","duration":"10 minutes or until discharged","effect":null,"id":2223,"material_component":"0","meta_breath_component":"0","name":"Transcribe Symbol","page":null,"rulebook":"Player's Guide to Faer?n","saving_throw":"None","school":"Abjuration","somatic_component":"1","spell_range":"Touch","spell_resistance":"No","subschool":"","target":"Magic symbol touched","true_name_component":"0","verbal_component":"1","xp_component":"0"}}