{"id":2236,"created":1449242794,"modified":1449242794,"data":{"arcane_focus_component":"0","area":null,"casting_time":"1 standard action","corrupt_component":"0","description_html":"\u003cp\u003eYou enter a normal tree, which must be large enough to accommodate your body in all three dimensions.\u003cbr /\u003eYou can remain hidden within it for as long as you desire, up to 1 day.\u003cbr /\u003eWhile you remain inside it, the tree nourishes and heals you.\u003cbr /\u003eYou have no need to breathe or eat, and you regain a number of lost hit points equal to your character level for each hour spent in the tree.\u003cbr /\u003eIf you remain inside for an entire day, you receive the benefit of a heal spell.\u003cbr /\u003eThe tree also grants you total cover and protects you from extreme heat or cold, rain, sunlight, snow, and all other environmental conditions.\u003cbr /\u003eYou can hear but not see what occurs outside the tree.\u003cbr /\u003eMinor physical damage to the tree does not harm you, but its partial destruction (to the extent that you no longer fit within it) expels you and deals you 5d6 points of damage.\u003cbr /\u003eIf the tree is totally destroyed (by a forest fire or a blight spell, for example), you are expelled from the tree and instantly slain unless you succeed on a DC 18 Fortitude save.\u003c/p\u003e","descriptors":"","divine_focus_component":"1","duration":"1 day (D)","effect":null,"id":2236,"material_component":"0","meta_breath_component":"0","name":"Tree Healing","page":null,"rulebook":"Player's Guide to Faer?n","saving_throw":"None","school":"Conjuration","somatic_component":"1","spell_range":"Personal and touch","spell_resistance":"No","subschool":"Healing","target":"You and one tree","true_name_component":"0","verbal_component":"1","xp_component":"0"}}