{"id":2241,"created":1449242794,"modified":1449242794,"data":{"arcane_focus_component":"0","area":null,"casting_time":"1 standard action","corrupt_component":"0","description_html":"\u003cp\u003eThis spell imbues the subject with a touch of divine guidance, granting it a +5 competence bonus on a skill check of your choice.\u003cbr /\u003eA subject that has no ranks in the designated skill functions as if it had 1/2 rank in the skill and therefore is considered trained in it, even though this 1/2 rank adds nothing to checks made with that skill.\u003cbr /\u003eAlternatively, the subject may gain proficiency with a single weapon (simple, martial, or exotic) or armor (light, medium, heavy, or shield) that you designate, as if it had\u003cbr /\u003ethe appropriate feat.\u003c/p\u003e","descriptors":"","divine_focus_component":"0","duration":"1 min./level","effect":null,"id":2241,"material_component":"0","meta_breath_component":"0","name":"Wieldskill","page":null,"rulebook":"Player's Guide to Faer?n","saving_throw":"None","school":"Divination","somatic_component":"1","spell_range":"Touch","spell_resistance":"Yes","subschool":"","target":"Creature touched","true_name_component":"0","verbal_component":"1","xp_component":"0"}}