{"id":2250,"created":1449242794,"modified":1449242794,"data":{"arcane_focus_component":"0","area":null,"casting_time":null,"corrupt_component":"0","description_html":"\u003cp\u003eThis spell functions like the 4th-level spell arcane eye, except as follows.\u003cbr /\u003eYou may cast any spell of 7th level or lower that has a range other than personal through the eye.\u003cbr /\u003eAny spell so cast functions as though it had been cast from the eye of power\u0026#39;s location rather than yours.\u003cbr /\u003eCasting any spell of higher than 7th level through the eye not only produces no effect (though the spell is still expended), but it destroys the eye of power and ends the spell.\u003cbr /\u003eUnlike an arcane eye, an eye of power is visible and corporeal, so it can be destroyed.\u003cbr /\u003eThe eye is a Fine object with AC 18 and 77 hit points.\u003cbr /\u003eIt uses your save bonuses for saving throws.\u003c/p\u003e","descriptors":"","divine_focus_component":"0","duration":null,"effect":"Magical sensor","id":2250,"material_component":"0","meta_breath_component":"0","name":"Eye of Power","page":null,"rulebook":"Player's Guide to Faer?n","saving_throw":null,"school":"Evocation","somatic_component":"0","spell_range":null,"spell_resistance":null,"subschool":"","target":null,"true_name_component":"0","verbal_component":"0","xp_component":"0"}}