{"id":2256,"created":1449242795,"modified":1449242795,"data":{"arcane_focus_component":"0","area":null,"casting_time":"1 standard action","corrupt_component":"0","description_html":"\u003cp\u003eYou create a glowing mace of force that appears in your hand.\u003cbr /\u003eYou must make a melee touch attack to strike a target with the mace.\u003cbr /\u003eIf it hits, the mace of Odo deals 1d6 points of force damage per caster level (maximum 10d6).\u003cbr /\u003eAn undead target takes an additional +1 point of damage per caster level (maximum +10).\u003cbr /\u003eAny creature struck by the mace must make a Fortitude save or be paralyzed for 1 round.\u003cbr /\u003eYou may attack once with the mace of Odo on the same round that you summoned it.\u003cbr /\u003eThe mace occupies your hand but does not disappear if you cast another spell.\u003cbr /\u003eIf you are targeted with a spell while holding the mace, you may choose to have the mace absorb that spell.\u003cbr /\u003eWhen the mace strikes a creature, or is used to absorb a spell, or is removed from your grasp for any reason, it vanishes.\u003cbr /\u003eThe point in space where it vanished glows as though under the effect of a light spell for the remainder of the duration.\u003c/p\u003e","descriptors":"Force","divine_focus_component":"1","duration":"1 round/level","effect":"Mace of force","id":2256,"material_component":"0","meta_breath_component":"0","name":"Mace of Odo","page":null,"rulebook":"Player's Guide to Faer?n","saving_throw":"Fortitude negates; see text","school":"Evocation","somatic_component":"1","spell_range":"0 ft.","spell_resistance":"Yes","subschool":"","target":null,"true_name_component":"0","verbal_component":"1","xp_component":"0"}}