{"id":2278,"created":1449242795,"modified":1449242795,"data":{"arcane_focus_component":"0","area":null,"casting_time":"1 standard action","corrupt_component":"0","description_html":"\u003cp\u003eYou steal energy from others.\u003cbr /\u003eEach target other than you takes a -2 penalty on saving throws, attack rolls, and weapon damage rolls.\u003cbr /\u003eAs long as at least one enemy is affected by the spell, you receive the following benefits.\u003c/b\u003e\u003cul\u003e\u003c/b\u003e\u003cli\u003eYou gain a +1 bonus on attack rolls and Reflex saves, and a +1 dodge bonus to AC.\u003c/li\u003e\u003c/b\u003e\u003c/ul\u003e\u003cbr /\u003eAny condition that causes you to lose your Dexterity bonus to Armor Class (if any) also negates this dodge bonus.\u003c/b\u003e\u003cul\u003e\u003c/b\u003e\u003cli\u003eAll of your modes of movement increase by 30 feet, to a maximum of twice your normal speed with each form of movement.\u003c/li\u003e\u003c/b\u003e\u003c/ul\u003e\u003cbr /\u003eThis increase counts as an enhancement bonus.\u003c/b\u003e\u003cul\u003e\u003c/b\u003e\u003cli\u003eWhen using a full attack action, you may make one extra attack with any weapon you are holding.\u003c/li\u003e\u003c/b\u003e\u003c/ul\u003e\u003cbr /\u003eYou make this attack using your full base attack bonus, plus any modifiers appropriate to the situation.\u003cbr /\u003eThis effect is not cumulative with similar effects, such as that provided by the haste spell or a weapon with the speed special ability.\u003c/b\u003e\u003cul\u003e\u003c/b\u003e\u003cli\u003eIf you do not make an extra attack, you may cast any 0-level or 1st-level spell you have prepared as a free action, as though you had applied the Quicken Spell feat to it.\u003c/li\u003e\u003c/b\u003e\u003c/ul\u003e\u003cbr /\u003eFor every two caster levels beyond 9th, you may apply this benefit to a spell one level higher (to 2nd-level spells at 11th level, 3rd-level spells at 13th level, 4th-level spells at 15th level, and 5th-level spells at 17th level).\u003cbr /\u003eThe benefit cannot be applied to spells higher than 5th level.\u003cbr /\u003eIf all the affected enemies are freed from the spell (by death, entering an antimagic field, receiving a successful dispel magic, or the like), the spell ends immediately.\u003c/p\u003e","descriptors":"","divine_focus_component":"1","duration":"1 round/level","effect":null,"id":2278,"material_component":"0","meta_breath_component":"0","name":"Battletide","page":null,"rulebook":"Player's Guide to Faer?n","saving_throw":"Will negates","school":"Transmutation","somatic_component":"1","spell_range":"Close (25 ft. + 5 ft./2 levels)","spell_resistance":"Yes","subschool":"","target":"You and up to one creature/level, no two of which can be more than 30 ft. apart","true_name_component":"0","verbal_component":"1","xp_component":"0"}}