{"id":2303,"created":1449242796,"modified":1449242796,"data":{"arcane_focus_component":"0","area":"","casting_time":"1 standard action","corrupt_component":"0","description_html":"\u003cp\u003eAn arcane lock spell cast upon a door, chest, or portal magically locks it.\u003cbr /\u003eYou can freely pass your own arcane lock without affecting it; otherwise, a door or object secured with this spell can be opened only by breaking in or with a successful dispel magic or knock spell.\u003cbr /\u003eAdd 10 to the normal DC to break open a door or portal affected by this spell.\u003cbr /\u003e(A knock spell does not remove an arcane lock; it only suppresses the effect for 10 minutes).\u003cbr /\u003eMaterial Component: Gold dust worth 25 gp.\u003c/p\u003e","descriptors":"","divine_focus_component":"0","duration":"Permanent","effect":"","id":2303,"material_component":"1","meta_breath_component":"0","name":"Arcane Lock","page":200,"rulebook":"Player's Handbook v.3.5","saving_throw":"None","school":"Abjuration","somatic_component":"1","spell_range":"Touch","spell_resistance":"No","subschool":"","target":"The door, chest, or portal touched, up to 30 sq. ft./level in size","true_name_component":"0","verbal_component":"1","xp_component":"0"}}