{"id":231,"created":1449242752,"modified":1449242752,"data":{"arcane_focus_component":"1","area":null,"casting_time":"1 action","corrupt_component":"0","description_html":"\u003cp\u003eAt one point during the duration of this spell, the caster can alter the probability of a game of chance.\u003cbr /\u003eThis spell can only affect nonmagical games, such as those using cards or dice.\u003cbr /\u003eIt cannot affect a game involving magic, nor a magic item involved in a game of chance (such as a deck of many things).\u003cbr /\u003eWhenever a roll is made to determine the outcome of the game, the caster may force a reroll of the outcome and take the better of the two rolls.\u003cbr /\u003eFor example, Darkon is playing a game called dragonscales, which he has a 1 in 4 chance of winning.\u003cbr /\u003eThe DM secretly rolls 1d4 and tells the player that Darkon lost.\u003cbr /\u003eDarkon, under the effect of a cheat spell, can have the DM reroll.\u003cbr /\u003eThe spell alters probability, so there is no subterfuge that another character could notice (except for the casting of the spell itself ).\u003cbr /\u003eTo even an astute observer, it appears that the caster is just lucky.\u003cbr /\u003eFocus: A pair of dice made from human bones.\u003c/p\u003e","descriptors":"Evil","divine_focus_component":"0","duration":"1 minute/level or until used","effect":null,"id":231,"material_component":"0","meta_breath_component":"0","name":"Cheat","page":null,"rulebook":"Book of Vile Darkness","saving_throw":"None","school":"Transmutation","somatic_component":"1","spell_range":"Personal","spell_resistance":"No","subschool":"","target":"Caster","true_name_component":"0","verbal_component":"1","xp_component":"0"}}