{"id":2310,"created":1449242796,"modified":1449242796,"data":{"arcane_focus_component":"0","area":"","casting_time":"1 standard action","corrupt_component":"0","description_html":"\u003cp\u003eThis spell forces an extraplanar creature back to its proper plane if it fails a special Will save (DC = spell\u0026#39;s save DC \u0026#8211; creature\u0026#39;s HD + your caster level). If the spell is successful, the creature is instantly whisked away, but there is a 20% chance of actually sending the subject to a plane other than its own.\u003c/p\u003e","descriptors":"","divine_focus_component":"1","duration":"Instantaneous","effect":"","id":2310,"material_component":"0","meta_breath_component":"0","name":"Dismissal","page":222,"rulebook":"Player's Handbook v.3.5","saving_throw":"Will negates; see text","school":"Abjuration","somatic_component":"1","spell_range":"Close (25 ft. + 5 ft./2 levels)","spell_resistance":"Yes","subschool":"","target":"One extraplanar creature","true_name_component":"0","verbal_component":"1","xp_component":"0"}}