{"id":2349,"created":1449242797,"modified":1449242797,"data":{"arcane_focus_component":"0","area":"","casting_time":"","corrupt_component":"0","description_html":"\u003cp\u003eThis spell functions like \u003ca href=\"/spells/players-handbook-v35--6/protection-from-evil--2348/\"\u003eprotection from evil\u003c/a\u003e, except that the deflection and resistance bonuses apply to attacks from good creatures, and good summoned creatures cannot touch the subject.\u003c/p\u003e","descriptors":"Evil","divine_focus_component":"0","duration":"","effect":"","id":2349,"material_component":"0","meta_breath_component":"0","name":"Protection from Good","page":266,"rulebook":"Player's Handbook v.3.5","saving_throw":"","school":"Abjuration","somatic_component":"0","spell_range":"","spell_resistance":"","subschool":"","target":"","true_name_component":"0","verbal_component":"0","xp_component":"0"}}