{"id":2350,"created":1449242797,"modified":1449242797,"data":{"arcane_focus_component":"0","area":"","casting_time":"1 Standard Action","corrupt_component":"0","description_html":"\u003cp\u003eThis spell functions like \u003ca href=\"/spells/players-handbook-v35--6/protection-from-evil--2348/\"\u003e\u003cem\u003eprotection from evil\u003c/em\u003e\u003c/a\u003e, except that the deflection and resistance bonuses apply to attacks from lawful creatures, and lawful summoned creatures cannot touch the subject.\u003c/p\u003e","descriptors":"Chaotic","divine_focus_component":"1","duration":"","effect":"","id":2350,"material_component":"1","meta_breath_component":"0","name":"Protection from Law","page":266,"rulebook":"Player's Handbook v.3.5","saving_throw":"Will negates (harmless)","school":"Abjuration","somatic_component":"1","spell_range":"Touch","spell_resistance":"No; see text","subschool":"","target":"Creature Touched","true_name_component":"0","verbal_component":"1","xp_component":"0"}}