{"id":2353,"created":1449242797,"modified":1449242797,"data":{"arcane_focus_component":"0","area":"","casting_time":"1 standard action","corrupt_component":"0","description_html":"\u003cp\u003eYou instill courage in the subject, granting it a +4 morale bonus against fear effects for 10 minutes. If the subject is under the influence of a fear effect when receiving the spell, that effect is suppressed for the duration of the spell.\u003c/p\u003e\u003c/b\u003e\u003c/b\u003e\u003cp\u003eRemove fear counters and dispels cause fear.\u003c/p\u003e","descriptors":"","divine_focus_component":"0","duration":"10 minutes; see text","effect":"","id":2353,"material_component":"0","meta_breath_component":"0","name":"Remove Fear","page":271,"rulebook":"Player's Handbook v.3.5","saving_throw":"Will negates (harmless)","school":"Abjuration","somatic_component":"1","spell_range":"Close (25 ft. + 5 ft./2 levels)","spell_resistance":"Yes (harmless)","subschool":"","target":"One creature plus one additional creature per four levels, no two of which can be more than 30 ft. apart","true_name_component":"0","verbal_component":"1","xp_component":"0"}}