{"id":2362,"created":1449242797,"modified":1449242797,"data":{"arcane_focus_component":"1","area":"","casting_time":"1 standard action","corrupt_component":"0","description_html":"\u003cp\u003eA dim, blue glow surrounds the subjects, protecting them from attacks, granting them resistance to spells cast by chaotic creatures, and slowing chaotic creatures when they strike the subjects.\u003cbr /\u003eThis abjuration has four effects.\u003cbr /\u003eFirst, each warded creature gains a +4 deflection bonus to AC and a +4 resistance bonus on saves.\u003cbr /\u003eUnlike protection from chaos, this benefit applies against all attacks, not just against attacks by chaotic creatures.\u003cbr /\u003eSecond, a warded creature gains spell resistance 25 against chaotic spells and spells cast by chaotic creatures.\u003cbr /\u003eThird, the abjuration blocks possession and mental influence, just as protection from chaos does.\u003cbr /\u003eFinally, if a chaotic creature succeeds on a melee attack against a warded creature, the attacker is slowed (Will save negates, as the slow spell, but against shield of law\u0026#39;s save DC).\u003cbr /\u003eFocus: A tiny reliquary containing some sacred relic, such as a scrap of parchment from a lawful text.\u003cbr /\u003eThe reliquary costs at least 500 gp.\u003c/p\u003e","descriptors":"Lawful","divine_focus_component":"0","duration":"1 round/level (D)","effect":"","id":2362,"material_component":"0","meta_breath_component":"0","name":"Shield of Law","page":278,"rulebook":"Player's Handbook v.3.5","saving_throw":"See text","school":"Abjuration","somatic_component":"1","spell_range":"20 ft.","spell_resistance":"Yes (harmless)","subschool":"","target":"One creature/level in a 20-ft.-radius burst centered on you","true_name_component":"0","verbal_component":"1","xp_component":"0"}}