{"id":2371,"created":1449242797,"modified":1449242797,"data":{"arcane_focus_component":"1","area":"","casting_time":"1 standard action","corrupt_component":"0","description_html":"\u003cp\u003eA malevolent darkness surrounds the subjects, protecting them from attacks, granting them resistance to spells cast by good creatures, and weakening good creatures when they strike the subjects.\u003cbr /\u003eThis abjuration has four effects.\u003cbr /\u003eFirst, each warded creature gains a +4 deflection bonus to AC and a +4 resistance bonus on saves.\u003cbr /\u003eUnlike the effect of protection from good, this benefit applies against all attacks, not just against attacks by good creatures.\u003cbr /\u003eSecond, a warded creature gains spell resistance 25 against good spells and spells cast by good creatures.\u003cbr /\u003eThird, the abjuration blocks possession and mental influence, just as protection from good does.\u003cbr /\u003eFinally, if a good creature succeeds on a melee attack against a warded creature, the offending attacker takes 1d6 points of temporary Strength damage (Fortitude negates).\u003cbr /\u003eFocus: A tiny reliquary containing some sacred relic, such as a piece of parchment from an unholy text.\u003cbr /\u003eThe reliquary costs at least 500 gp.\u003c/p\u003e","descriptors":"Evil","divine_focus_component":"0","duration":"1 round/level (D)","effect":"","id":2371,"material_component":"0","meta_breath_component":"0","name":"Unholy Aura","page":297,"rulebook":"Player's Handbook v.3.5","saving_throw":"See text","school":"Abjuration","somatic_component":"1","spell_range":"20 ft.","spell_resistance":"Yes (harmless)","subschool":"","target":"One creature/level in a 20-ft.-radius burst centered on you","true_name_component":"0","verbal_component":"1","xp_component":"0"}}