{"id":2381,"created":1449242797,"modified":1449242797,"data":{"arcane_focus_component":"0","area":"","casting_time":"1 standard action","corrupt_component":"0","description_html":"\u003cp\u003eYou channel positive energy to cure 1d8 points of damage +1 point per caster level (maximum +25) in each selected creature.\u003c/p\u003e\u003c/b\u003e\u003c/b\u003e\u003cp\u003eLike other cure spells, mass cure light wounds deals damage to undead in its area rather than curing them. Each affected undead may attempt a Will save for half damage.\u003c/p\u003e","descriptors":"","divine_focus_component":"0","duration":"Instantaneous","effect":"","id":2381,"material_component":"0","meta_breath_component":"0","name":"Cure Light Wounds, Mass","page":216,"rulebook":"Player's Handbook v.3.5","saving_throw":"Will half (harmless) or Will half; see text","school":"Conjuration","somatic_component":"1","spell_range":"Close (25 ft. + 5 ft./2 levels)","spell_resistance":"Yes (harmless) or Yes; see text","subschool":"Healing","target":"One creature/level, no two of which can be more than 30 ft. apart","true_name_component":"0","verbal_component":"1","xp_component":"0"}}