{"id":2392,"created":1449242797,"modified":1449242797,"data":{"arcane_focus_component":"0","area":"","casting_time":"1 standard action","corrupt_component":"0","description_html":"\u003cp\u003eDepending on the version of fire seeds you choose, you turn acorns into splash weapons that you or another character can throw, or you turn holly berries into bombs that you can detonate on command.\u003cbr /\u003eAcorn Grenades: As many as four acorns turn into special splash weapons that can be hurled as far as 100 feet.\u003cbr /\u003eA ranged touch attack roll is required to strike the intended target.\u003cbr /\u003eTogether, the acorns are capable of dealing 1d6 points of fire damage per caster level (maximum 20d6), divided up among the acorns as you wish.\u003cbr /\u003eFor example, a 20th-level druid could create one 20d6 missile, two 10d6 missiles, one 11d6 and three 3d6 missiles, or any other combination totalling up to four acorns and 20d6 points of damage.\u003cbr /\u003eEach acorn explodes upon striking any hard surface.\u003cbr /\u003eIn addition to its regular fire damage, it deals 1 point of splash damage per die, and it ignites any combustible materials within 10 feet.\u003cbr /\u003eA creature within this area that makes a successful Reflex saving throw takes only half damage; a creature struck directly is not allowed a saving throw.\u003cbr /\u003eHolly Berry Bombs: You turn as many as eight holly berries into special bombs.\u003cbr /\u003eThe holly berries are usually placed by hand, since they are too light to make effective thrown weapons (they can be tossed only 5 feet).\u003cbr /\u003eIf you are within 200 feet and speak a word of command, each berry instantly bursts into flame, causing 1d8 points of fire damage +1 point per caster level to every creature in a 5-foot-radius burst and igniting any combustible materials within 5 feet.\u003cbr /\u003eA creature in the area that makes a successful Reflex saving throw takes only half damage.\u003cbr /\u003eMaterial Component: The acorns or holly berries.\u003c/p\u003e","descriptors":"Fire","divine_focus_component":"0","duration":"10 min./level or until used","effect":"","id":2392,"material_component":"1","meta_breath_component":"0","name":"Fire Seeds","page":230,"rulebook":"Player's Handbook v.3.5","saving_throw":"None or Reflex half; see text","school":"Conjuration","somatic_component":"1","spell_range":"Touch","spell_resistance":"No","subschool":"Creation","target":"Up to four touched acorns or up to eight touched holly berries","true_name_component":"0","verbal_component":"1","xp_component":"0"}}