{"id":2393,"created":1449242797,"modified":1449242797,"data":{"arcane_focus_component":"0","area":"","casting_time":"1 standard action","corrupt_component":"0","description_html":"\u003cp\u003eA bank of fog billows out from the point you designate.\u003cbr /\u003eThe fog obscures all sight, including darkvision, beyond 5 feet.\u003cbr /\u003eA creature within 5 feet has concealment (attacks have a 20% miss chance).\u003cbr /\u003eCreatures farther away have total concealment (50% miss chance, and the attacker can\u0026#39;t use sight to locate the target).\u003cbr /\u003eA moderate wind (11+ mph) disperses the fog in 4 rounds; a strong wind (21+ mph) disperses the fog in 1 round.\u003cbr /\u003eThe spell does not function underwater.\u003c/p\u003e","descriptors":"","divine_focus_component":"0","duration":"10 min./level","effect":"Fog spreads in 20-ft. radius, 20 ft. high","id":2393,"material_component":"0","meta_breath_component":"0","name":"Fog Cloud","page":232,"rulebook":"Player's Handbook v.3.5","saving_throw":"None","school":"Conjuration","somatic_component":"1","spell_range":"Medium (100 ft. + 10 ft. level)","spell_resistance":"No","subschool":"Creation","target":"","true_name_component":"0","verbal_component":"1","xp_component":"0"}}