{"id":24,"created":1449242748,"modified":1449242748,"data":{"arcane_focus_component":"0","area":null,"casting_time":"1 round","corrupt_component":"0","description_html":"\u003cp\u003eYou call 2d4 bariaur defenders of Ysgard (see Chapter 8: Monsters) from the plains of Ysgard to your location.\u003cbr /\u003eThey serve you for up to a year, and you may dismiss them at any time.\u003cbr /\u003eThey are intelligent, so you can assign them different tasks.\u003cbr /\u003eThey can refuse to complete a quest or otherwise take on complex burdens without your supervision.\u003cbr /\u003eNo matter how many times you cast this spell, you can control no more than four bariaur rangers; others are released from service and return to Ysgard immediately.\u003cbr /\u003eYou choose which creatures to release.\u003cbr /\u003eSacrifice: 1d3 points of Strength drain.\u003c/p\u003e","descriptors":"Good","divine_focus_component":"0","duration":"Instantaneous; see text","effect":"Calls 2d4 bariaur defenders of Ysgard","id":24,"material_component":"0","meta_breath_component":"0","name":"Cry of Ysgard","page":null,"rulebook":"Book of Exalted Deeds","saving_throw":"None","school":"Conjuration","somatic_component":"0","spell_range":"Close (25 ft. + 5 ft./2 levels)","spell_resistance":"No","subschool":"Calling","target":null,"true_name_component":"0","verbal_component":"1","xp_component":"0"}}