{"id":2407,"created":1449242798,"modified":1449242798,"data":{"arcane_focus_component":"0","area":"","casting_time":"1 standard action","corrupt_component":"0","description_html":"\u003cp\u003eYou banish the subject into an extradimensional labyrinth of force planes. Each round on its turn, it may attempt a DC 20 Intelligence check to escape the labyrinth as a full-round action. If the subject doesn\u0026#39;t escape, the maze disappears after 10 minutes, forcing the subject to leave.\u003c/p\u003e\u003c/b\u003e\u003c/b\u003e\u003cp\u003eOn escaping or leaving the maze, the subject reappears where it had been when the \u003cem\u003emaze\u003c/em\u003e spell was cast. If this location is filled with a solid object, the subject appears in the nearest open space.\u003c/p\u003e\u003c/b\u003e\u003c/b\u003e\u003cp\u003eSpells and abilities that move a creature within a plane, such as \u003ca href=\"/spells/players-handbook-v35--6/teleport--2461/\"\u003e\u003cem\u003eteleport\u003c/em\u003e\u003c/a\u003e and \u003ca href=\"/spells/players-handbook-v35--6/dimension-door--2388/\"\u003e\u003cem\u003edimension door\u003c/em\u003e\u003c/a\u003e, do not help a creature escape a \u003cem\u003emaze\u003c/em\u003e spell, although a \u003ca href=\"/spells/players-handbook-v35--6/plane-shift--2423/\"\u003e\u003cem\u003eplane shift\u003c/em\u003e\u003c/a\u003e spell allows it to exit to whatever plane is designated in that spell. \u003ca href=\"/monsters/monster-manual-v35--5/minotaur--1/\"\u003eMinotaurs\u003c/a\u003e are not affected by this spell.\u003c/p\u003e","descriptors":"","divine_focus_component":"0","duration":"See text","effect":"","id":2407,"material_component":"0","meta_breath_component":"0","name":"Maze","page":252,"rulebook":"Player's Handbook v.3.5","saving_throw":"None","school":"Conjuration","somatic_component":"1","spell_range":"Close (25 ft. + 5 ft./2 levels)","spell_resistance":"Yes","subschool":"Teleportation","target":"One creature","true_name_component":"0","verbal_component":"1","xp_component":"0"}}