{"id":2424,"created":1449242798,"modified":1449242798,"data":{"arcane_focus_component":"0","area":"","casting_time":"1 minute","corrupt_component":"0","description_html":"\u003cp\u003eYou restore life to a deceased creature.\u003cbr /\u003eYou can raise a creature that has been dead for no longer than one day per caster level.\u003cbr /\u003eIn addition, the subject\u0026#39;s soul must be free and willing to return (see Bringing Back the Dead, page 171).\u003cbr /\u003eIf the subject\u0026#39;s soul is not willing to return, the spell does not work; therefore, a subject that wants to return receives no saving throw.\u003cbr /\u003eComing back from the dead is an ordeal.\u003cbr /\u003eThe subject of the spell loses one level (or 1 Hit Die) when it is raised, just as if it had lost a level or a Hit Die to an energy-draining creature.\u003cbr /\u003eIf the subject is 1st level, it loses 2 points of Constitution instead (if this would reduce its Con to 0 or less, it can\u0026#39;t be raised).\u003cbr /\u003eThis level/HD loss or Constitution loss cannot be repaired by any means.\u003cbr /\u003eA character who died with spells prepared has a 50% chance of losing any given spell upon being raised, in addition to losing spells for losing a level.\u003cbr /\u003eA spellcasting creature that doesn\u0026#39;t prepare spells (such as a sorcerer) has a 50% chance of losing any given unused spell slot as if it had been used to cast a spell, in addition to losing spell slots for losing a level.\u003cbr /\u003eA raised creature has a number of hit points equal to its current Hit Dice.\u003cbr /\u003eAny ability scores damaged to 0 are raised to 1.\u003cbr /\u003eNormal poison and normal disease are cured in the process of raising the subject, but magical diseases and curses are not undone.\u003cbr /\u003eWhile the spell closes mortal wounds and repairs lethal damage of most kinds, the body of the creature to be raised must be whole.\u003cbr /\u003eOtherwise, missing parts are still missing when the creature is brought back to life.\u003cbr /\u003eNone of the dead creature\u0026#39;s equipment or possessions are affected in any way by this spell.\u003cbr /\u003eA creature who has been turned into an undead creature or killed by a death effect can\u0026#39;t be raised by this spell.\u003cbr /\u003eConstructs, elementals, outsiders, and undead creatures can\u0026#39;t be raised.\u003cbr /\u003eThe spell cannot bring back a creature that has died of old age.\u003cbr /\u003eMaterial Component: Diamonds worth a total of least 5,000 gp.\u003c/p\u003e","descriptors":"","divine_focus_component":"1","duration":"Instantaneous","effect":"","id":2424,"material_component":"1","meta_breath_component":"0","name":"Raise Dead","page":268,"rulebook":"Player's Handbook v.3.5","saving_throw":"None; see text","school":"Conjuration","somatic_component":"1","spell_range":"Touch","spell_resistance":"Yes (harmless)","subschool":"Healing","target":"Dead creature touched","true_name_component":"0","verbal_component":"1","xp_component":"0"}}