{"id":2455,"created":1449242799,"modified":1449242799,"data":{"arcane_focus_component":"0","area":"","casting_time":"1 round","corrupt_component":"0","description_html":"\u003cp\u003eThis spell functions like \u003ca href=\"/spells/players-handbook-v35--6/summon-natures-ally-i--2450/\"\u003e\u003cem\u003esummon nature\u0026#39;s ally I\u003c/em\u003e\u003c/a\u003e, except that you can summon one 6th-level creature, 1d3 5th-level creatures of the same kind, or 1d4+1 lower-level creatures of the same kind.\u003c/p\u003e\u003c/b\u003e\u003c/b\u003e\u003cp\u003eWhen you use a summoning spell to summon an air, chaotic, earth, evil, fire, good, lawful, or water creature, it is a spell of that type.\u003c/p\u003e\u003c/b\u003e\u003c/b\u003e\u003ch4\u003e6TH \u003cspan class=\"caps\"\u003eLEVEL\u003c/span\u003e\u003c/h4\u003e\u003c/b\u003e\u003c/b\u003e\u003ctable\u003e\u003c/b\u003e\u003ctr\u003e\u003c/b\u003e\u003ctd\u003e Dire bear \u003c/td\u003e\u003c/b\u003e\u003c/tr\u003e\u003c/b\u003e\u003ctr\u003e\u003c/b\u003e\u003ctd\u003e Elemental, Huge (any) \u003c/td\u003e\u003c/b\u003e\u003c/tr\u003e\u003c/b\u003e\u003ctr\u003e\u003c/b\u003e\u003ctd\u003e Elephant (animal) \u003c/td\u003e\u003c/b\u003e\u003c/tr\u003e\u003c/b\u003e\u003ctr\u003e\u003c/b\u003e\u003ctd\u003e Girallon \u003c/td\u003e\u003c/b\u003e\u003c/tr\u003e\u003c/b\u003e\u003ctr\u003e\u003c/b\u003e\u003ctd\u003e Megaraptor (dinosaur) \u003c/td\u003e\u003c/b\u003e\u003c/tr\u003e\u003c/b\u003e\u003ctr\u003e\u003c/b\u003e\u003ctd\u003e Octopus, giant \u003csup\u003e1\u003c/sup\u003e (animal) \u003c/td\u003e\u003c/b\u003e\u003c/tr\u003e\u003c/b\u003e\u003ctr\u003e\u003c/b\u003e\u003ctd\u003e Pixie \u003csup\u003e2\u003c/sup\u003e (sprite) [NG; no special arrows] \u003c/td\u003e\u003c/b\u003e\u003c/tr\u003e\u003c/b\u003e\u003ctr\u003e\u003c/b\u003e\u003ctd\u003e Salamander, average [NE] \u003c/td\u003e\u003c/b\u003e\u003c/tr\u003e\u003c/b\u003e\u003ctr\u003e\u003c/b\u003e\u003ctd\u003e Whale, baleen \u003csup\u003e1\u003c/sup\u003e \u003c/td\u003e\u003c/b\u003e\u003c/tr\u003e\u003c/b\u003e\u003ctr\u003e\u003c/b\u003e\u003ctd\u003e Xorn, average \u003c/td\u003e\u003c/b\u003e\u003c/tr\u003e\u003c/b\u003e\u003ctr\u003e\u003c/b\u003e\u003ctd\u003e \u003csup\u003e1\u003c/sup\u003e may be summoned only into an aquatic or watery environment \u003c/td\u003e\u003c/b\u003e\u003c/tr\u003e\u003c/b\u003e\u003ctr\u003e\u003c/b\u003e\u003ctd\u003e \u003csup\u003e2\u003c/sup\u003e Can\u0026#39;t cast \u003cem\u003eOtto\u0026#39;s irresistible dance\u003c/em\u003e \u003c/td\u003e\u003c/b\u003e\u003c/tr\u003e\u003c/b\u003e\u003c/table\u003e","descriptors":"see text","divine_focus_component":"1","duration":"1 round/level (D)","effect":"One or more creatures, no two of which can be more than 30 ft. apart","id":2455,"material_component":"0","meta_breath_component":"0","name":"Summon Nature's Ally VI","page":289,"rulebook":"Player's Handbook v.3.5","saving_throw":"None","school":"Conjuration","somatic_component":"1","spell_range":"Close (25 ft. + 5 ft./2 levels)","spell_resistance":"No","subschool":"Summoning","target":"","true_name_component":"0","verbal_component":"1","xp_component":"0"}}