{"id":2466,"created":1449242799,"modified":1449242799,"data":{"arcane_focus_component":"0","area":"","casting_time":"1 standard action","corrupt_component":"0","description_html":"\u003cp\u003eYou gain the ability to enter trees and move from inside one tree to inside another tree.\u003cbr /\u003eThe first tree you enter and all others you enter must be of the same kind, must be living, and must have girth at least equal to yours.\u003cbr /\u003eBy moving into an oak tree (for example), you instantly know the location of all other oak trees within transport range (see below) and may choose whether you want to pass into one or simply step back out of the tree you moved into.\u003cbr /\u003eYou may choose to pass to any tree of the appropriate kind within the transport range as shown on the following table.\u003cbr /\u003eYou may move into a tree up to one time per caster level (passing from one tree to another counts only as moving into one tree).\u003cbr /\u003eThe spell lasts until the duration expires or you exit a tree.\u003cbr /\u003eThis means that in a thick oak forest, a 10th-level druid\u003cbr /\u003ecould make ten transports over the course of 10 rounds, traveling as far as 30,000 feet (about 6 miles) in doing so.\u003cbr /\u003eEach transport is a full-round action.\u003cbr /\u003eYou can, at your option, remain within a tree without transporting yourself, but you are forced out when the spell ends.\u003cbr /\u003eIf the tree in which you are concealed is chopped down or burned, you are slain if you do not exit before the process is complete.\u003c/p\u003e","descriptors":"","divine_focus_component":"1","duration":"1 hour/level or until expended; see text","effect":"","id":2466,"material_component":"0","meta_breath_component":"0","name":"Tree Stride","page":296,"rulebook":"Player's Handbook v.3.5","saving_throw":"","school":"Conjuration","somatic_component":"1","spell_range":"Personal","spell_resistance":"","subschool":"Teleportation","target":"You","true_name_component":"0","verbal_component":"1","xp_component":"0"}}