{"id":2469,"created":1449242799,"modified":1449242799,"data":{"arcane_focus_component":"0","area":"","casting_time":"1 standard action","corrupt_component":"0","description_html":"\u003cp\u003eYou cause a flat, vertical iron wall to spring into being.\u003cbr /\u003eThis wall can be used to seal off a passage or close a breach, for the wall inserts itself into any surrounding nonliving material if its area is sufficient to do so.\u003cbr /\u003eThe wall cannot be conjured so that it occupies the same space as a creature or another object.\u003cbr /\u003eIt must always be a flat plane, though you can shape its edges to fit the available space.\u003cbr /\u003eA wall of iron is 1 inch thick per four caster levels.\u003cbr /\u003eYou can double the wall\u0026#39;s area by halving its thickness.\u003cbr /\u003eEach 5-foot square of the wall has 30 hit points per inch of thickness and hardness 10.\u003cbr /\u003eA section of wall whose hit points drop to 0 is breached.\u003cbr /\u003eIf a creature tries to break through the wall with a single attack, the DC for the Strength check is 25 + 2 per inch of thickness.\u003cbr /\u003eIf you desire, the wall can be created vertically resting on a flat surface but not attached to the surface, so that it can be tipped over to fall on and crush creatures beneath it.\u003cbr /\u003eThe wall is 50% likely to tip in either direction if left unpushed.\u003cbr /\u003eCreatures can push the wall in one direction rather than letting it fall randomly.\u003cbr /\u003eA creature must make a DC 40 Strength check to push the wall over.\u003cbr /\u003eCreatures with room to flee the falling wall may do so by making successful Reflex saves.\u003cbr /\u003eAny Large or smaller creature that fails takes 10d6 points of damage.\u003cbr /\u003eThe wall cannot crush Huge and larger creatures.\u003cbr /\u003eLike any iron wall, this wall is subject to rust, perforation, and other natural phenomena.\u003cbr /\u003eMaterial Component: A small piece of sheet iron plus gold dust worth 50 gp (1 pound of gold dust).\u003c/p\u003e","descriptors":"","divine_focus_component":"0","duration":"Instantaneous","effect":"Iron wall whose area is up to one 5-ft. square/level; see text","id":2469,"material_component":"1","meta_breath_component":"0","name":"Wall of Iron","page":299,"rulebook":"Player's Handbook v.3.5","saving_throw":"See text","school":"Conjuration","somatic_component":"1","spell_range":"Medium (100 ft. + 10 ft./level)","spell_resistance":"No","subschool":"Creation","target":"","true_name_component":"0","verbal_component":"1","xp_component":"0"}}