{"id":2472,"created":1449242799,"modified":1449242799,"data":{"arcane_focus_component":"0","area":"","casting_time":"1 standard action","corrupt_component":"0","description_html":"\u003cp\u003eWeb creates a many-layered mass of strong, sticky strands.\u003cbr /\u003eThese strands trap those caught in them.\u003cbr /\u003eThe strands are similar to spider webs but far larger and tougher.\u003cbr /\u003eThese masses must be anchored to two or more solid and diametrically opposed points\u0026#8212;floor and ceiling, opposite walls, or the like\u0026#8212;or else the web collapses upon itself and disappears.\u003cbr /\u003eCreatures caught within a web become entangled among the gluey fibers.\u003cbr /\u003eAttacking a creature in a web won\u0026#39;t cause you to become entangled.\u003cbr /\u003eAnyone in the effect\u0026#39;s area when the spell is cast must make a Reflex save.\u003cbr /\u003eIf this save succeeds, the creature is entangled, but not prevented from moving, though moving is more difficult than normal for being entangled (see below).\u003cbr /\u003eIf the save fails, the creature is entangled and can\u0026#39;t move from its space, but can break loose by spending 1 round and making a DC 20 Strength check or a DC 25 Escape Artist check.\u003cbr /\u003eOnce loose (either by making the initial Reflex save or a later Strength check or Escape Artist check), a creature remains entangled, but may move through the web very slowly.\u003cbr /\u003eEach round devoted to moving allows the creature to make a new Strength check or Escape Artist check.\u003cbr /\u003eThe creature moves 5 feet for each full 5 points by which the check result exceeds 10.\u003cbr /\u003eIf you have at least 5 feet of web between you and an opponent, it provides cover.\u003cbr /\u003eIf you have at least 20 feet of web between you, it provides total cover (see Cover, page 150).\u003cbr /\u003eThe strands of a web spell are flammable.\u003cbr /\u003eA magic flaming sword can slash them away as easily as a hand brushes away cobwebs.\u003cbr /\u003eAny fire\u0026#8212;a torch, burning oil, a flaming sword, and so forth\u0026#8212;can set the webs alight and burn away 5 square feet in 1 round.\u003cbr /\u003eAll creatures within flaming webs take 2d4 points of fire damage from the flames.\u003cbr /\u003eWeb can be made permanent with a permanency spell.\u003cbr /\u003eA permanent web that is damaged (but not destroyed) regrows in 10 minutes.\u003cbr /\u003eMaterial Component: A bit of spider web.\u003c/p\u003e","descriptors":"","divine_focus_component":"0","duration":"10 min./level (D)","effect":"Webs in a 20-ft.-radius spread","id":2472,"material_component":"1","meta_breath_component":"0","name":"Web","page":301,"rulebook":"Player's Handbook v.3.5","saving_throw":"Reflex negates; see text","school":"Conjuration","somatic_component":"1","spell_range":"Medium (100 ft. + 10 ft./level)","spell_resistance":"No","subschool":"Creation","target":"","true_name_component":"0","verbal_component":"1","xp_component":"0"}}