{"id":2482,"created":1449242799,"modified":1449242799,"data":{"arcane_focus_component":"0","area":"","casting_time":"1 standard action","corrupt_component":"0","description_html":"\u003cp\u003eYou can understand the spoken words of creatures or read otherwise incomprehensible written messages.\u003cbr /\u003eIn either case, you must touch the creature or the writing.\u003cbr /\u003eThe ability to read does not necessarily impart insight into the material, merely its literal meaning.\u003cbr /\u003eThe spell enables you to understand or read an unknown language, not speak or write it.\u003cbr /\u003eWritten material can be read at the rate of one page (250 words) per minute.\u003cbr /\u003eMagical writing cannot be read, though the spell reveals that it is magical, but comprehend languages is often useful when deciphering treasure maps.\u003cbr /\u003eThis spell can be foiled by certain warding magic (such as the secret page and illusory script spells).\u003cbr /\u003eIt does not decipher codes or reveal messages concealed in otherwise normal text.\u003cbr /\u003eComprehend languages can be made permanent with a permanency spell.\u003cbr /\u003eArcane Material Component: A pinch of soot and a few grains of salt.\u003c/p\u003e","descriptors":"","divine_focus_component":"1","duration":"10 min./level","effect":"","id":2482,"material_component":"1","meta_breath_component":"0","name":"Comprehend Languages","page":212,"rulebook":"Player's Handbook v.3.5","saving_throw":"","school":"Divination","somatic_component":"1","spell_range":"Personal","spell_resistance":"","subschool":"","target":"You","true_name_component":"0","verbal_component":"1","xp_component":"0"}}