{"id":2491,"created":1449242800,"modified":1449242800,"data":{"arcane_focus_component":"0","area":"40-ft.-radius emanation centered on you","casting_time":"1 standard action","corrupt_component":"0","description_html":"\u003cp\u003eYou immediately become aware of any attempt to observe you by means of a \u003ca href=\"/spells/sub-schools/scrying/\"\u003edivination (scrying)\u003c/a\u003e spell or effect. The spell\u0026#39;s area radiates from you and moves as you move. You know the location of every magical sensor within the spell\u0026#39;s area.\u003c/p\u003e\u003c/b\u003e\u003c/b\u003e\u003cp\u003eIf the scrying attempt originates within the area, you also know its location; otherwise, you and the scrier immediately make opposed caster level checks (1d20 + caster level). If you at least match the scrier\u0026#39;s result, you get a visual image of the scrier and an accurate sense of his or her direction and distance from you.\u003c/p\u003e\u003c/b\u003e\u003c/b\u003e\u003cp\u003e\u003cem\u003eMaterial Component:\u003c/em\u003e A small piece of mirror and a miniature brass hearing trumpet.\u003c/p\u003e","descriptors":"","divine_focus_component":"0","duration":"24 hours","effect":"","id":2491,"material_component":"1","meta_breath_component":"0","name":"Detect Scrying","page":219,"rulebook":"Player's Handbook v.3.5","saving_throw":"None","school":"Divination","somatic_component":"1","spell_range":"40 ft.","spell_resistance":"No","subschool":"","target":"","true_name_component":"0","verbal_component":"1","xp_component":"0"}}