{"id":250,"created":1449242753,"modified":1449242753,"data":{"arcane_focus_component":"0","area":"","casting_time":"1 action","corrupt_component":"1","description_html":"\u003cp\u003eWith this spell, the caster\u0026#39;s touch deals grievous wounds to multiple targets.\u003cbr /\u003eAfter rapture of rupture is cast, the caster can touch one target per round until she has touched a number of targets equal to her caster level.\u003cbr /\u003eThe same creature cannot be affected twice by the same rapture of rupture.\u003cbr /\u003eA creature with no discernible anatomy is unaffected by this spell.\u003cbr /\u003eWhen the caster touches a subject, his flesh bursts open suddenly in multiple places.\u003cbr /\u003eEach subject takes 6d6 points of damage and is stunned for 1 round; a successful Fortitude save reduces damage by half and negates the stun effect.\u003cbr /\u003eSubjects who fail their Fortitude save continue to take 1d6 points of damage per round until they receive magical healing, succeed at a Heal check (DC 20), or die.\u003cbr /\u003eIf a subject takes 6 points of damage from rapture of rupture in a single round, he is stunned in the following round.\u003cbr /\u003eCorruption Cost: 1 point of Strength damage per target touched.\u003c/p\u003e","descriptors":"Evil","divine_focus_component":"0","duration":"Instantaneous","effect":"","id":250,"material_component":"0","meta_breath_component":"0","name":"Rapture of Rupture","page":null,"rulebook":"Book of Vile Darkness","saving_throw":"Fortitude half","school":"Transmutation","somatic_component":"1","spell_range":"Touch","spell_resistance":"Yes","subschool":"","target":"One living creature touched per level","true_name_component":"0","verbal_component":"1","xp_component":"0"}}