{"id":2506,"created":1449242800,"modified":1449242800,"data":{"arcane_focus_component":"1","area":"Circle, centered on you, with a radius of 400 ft. + 40 ft./level","casting_time":"1 standard action","corrupt_component":"0","description_html":"\u003cp\u003eYou sense the direction of a well-known or clearly visualized object.\u003cbr /\u003eThe spell locates such objects as apparel, jewelry, furniture, tools, weapons, or even a ladder.\u003cbr /\u003eYou can search for general items such as a stairway, a sword, or a jewel, in which case you locate the nearest one of its kind if more than one is within range.\u003cbr /\u003eAttempting to find a certain item, such as a particular piece of jewelry, requires a specific and accurate mental image; if the image is not close enough to the actual object, the spell fails.\u003cbr /\u003eYou cannot specify a unique item (such as \u0026quot;Baron Vulden\u0026#39;s signet ring\u0026quot;) unless you have observed that particular item firsthand (not through divination).\u003cbr /\u003eThe spell is blocked by even a thin sheet of lead.\u003cbr /\u003eCreatures cannot be found by this spell.\u003cbr /\u003ePolymorph any object fools it.\u003cbr /\u003eArcane Focus: A forked twig.\u003c/p\u003e","descriptors":"","divine_focus_component":"1","duration":"1 min./level","effect":"","id":2506,"material_component":"0","meta_breath_component":"0","name":"Locate Object","page":249,"rulebook":"Player's Handbook v.3.5","saving_throw":"None","school":"Divination","somatic_component":"1","spell_range":"Long (400 ft. + 40 ft./level)","spell_resistance":"No","subschool":"","target":"","true_name_component":"0","verbal_component":"1","xp_component":"0"}}