{"id":2510,"created":1449242800,"modified":1449242800,"data":{"arcane_focus_component":"0","area":"","casting_time":"1 standard action","corrupt_component":"0","description_html":"\u003cp\u003eYou forge a telepathic bond among yourself and a number of willing creatures, each of which must have an Intelligence score of 3 or higher.\u003cbr /\u003eEach creature included in the link is linked to all the others.\u003cbr /\u003eThe creatures can communicate telepathically through the bond regardless of language.\u003cbr /\u003eNo special power or influence is established as a result of the bond.\u003cbr /\u003eOnce the bond is formed, it works over any distance (although not from one plane to another).\u003cbr /\u003eIf desired, you may leave yourself out of the telepathic bond forged.\u003cbr /\u003eThis decision must be made at the time of casting.\u003cbr /\u003eRary\u0026#39;s telepathic bond can be made permanent with a permanency spell, though it only bonds two creatures per casting of permanency.\u003cbr /\u003eMaterial Component: Pieces of eggshell from two different kinds of creatures.\u003c/p\u003e","descriptors":"","divine_focus_component":"0","duration":"10 min./level (D)","effect":"","id":2510,"material_component":"1","meta_breath_component":"0","name":"Rary's Telepathic Bond","page":268,"rulebook":"Player's Handbook v.3.5","saving_throw":"None","school":"Divination","somatic_component":"1","spell_range":"Close (25 ft. + 5 ft./2 levels)","spell_resistance":"No","subschool":"","target":"You plus one willing creature per three levels, no two of which can be more than 30 ft. apart","true_name_component":"0","verbal_component":"1","xp_component":"0"}}