{"id":2534,"created":1449242801,"modified":1449242801,"data":{"arcane_focus_component":"0","area":"","casting_time":"1 standard action","corrupt_component":"0","description_html":"\u003cp\u003eThis spell functions like \u003ca href=\"/spells/players-handbook-v35--6/charm-monster--2533/\"\u003e\u003cem\u003echarm monster\u003c/em\u003e\u003c/a\u003e, except that \u003cem\u003emass charm monster\u003c/em\u003e affects a number of creatures whose combined HD do not exceed twice your level, or at least one creature regardless of HD. If there are more potential targets than you can affect, you choose them one at a time until you choose a creature with too many HD.\u003c/p\u003e","descriptors":"Mind-Affecting","divine_focus_component":"0","duration":"One day/level","effect":"","id":2534,"material_component":"0","meta_breath_component":"0","name":"Charm Monster, Mass","page":209,"rulebook":"Player's Handbook v.3.5","saving_throw":"Will negates","school":"Enchantment","somatic_component":"0","spell_range":"Close (25 ft. + 5 ft./2 levels)","spell_resistance":"Yes","subschool":"Charm","target":"One or more creatures, no two of which can be more than 30 ft. apart","true_name_component":"0","verbal_component":"1","xp_component":"0"}}