{"id":2557,"created":1449242801,"modified":1449242801,"data":{"arcane_focus_component":"0","area":"","casting_time":"","corrupt_component":"0","description_html":"\u003cp\u003eThis spell functions like hold person, except that it affects multiple creatures and holds any living creature that fails its Will save.\u003c/p\u003e","descriptors":"Mind-Affecting","divine_focus_component":"0","duration":"","effect":"","id":2557,"material_component":"0","meta_breath_component":"0","name":"Hold Monster, Mass","page":241,"rulebook":"Player's Handbook v.3.5","saving_throw":"","school":"Enchantment","somatic_component":"0","spell_range":"","spell_resistance":"","subschool":"Compulsion","target":"One or more creatures, no two of which can be more than 30 ft. apart","true_name_component":"0","verbal_component":"0","xp_component":"0"}}