{"id":2571,"created":1449242801,"modified":1449242801,"data":{"arcane_focus_component":"0","area":"One or more living creatures within a 10-ft.-radius burst","casting_time":"1 round","corrupt_component":"0","description_html":"\u003cp\u003eA sleep spell causes a magical slumber to come upon 4 Hit Dice of creatures.\u003cbr /\u003eCreatures with the fewest HD are affected first.\u003cbr /\u003eAmong creatures with equal HD, those who are closest to the spell\u0026#39;s point of origin are affected first.\u003cbr /\u003eHit Dice that are not sufficient to affect a creature are wasted.\u003cbr /\u003eFor example, Mialee casts sleep at one rat (1/4 HD), one kobold (1 HD), two gnolls (2 HD), and an ogre (4 HD).\u003cbr /\u003eThe rat, the kobold, and one gnoll are affected (1/4 + 1 + 2 = 3-1/4 HD).\u003cbr /\u003eThe remaining 3/4 HD is not enough to affect the last gnoll or the ogre.\u003cbr /\u003eMialee can\u0026#39;t choose to have sleep affect the ogre or the two gnolls.\u003cbr /\u003eSleeping creatures are helpless.\u003cbr /\u003eSlapping or wounding awakens an affected creature, but normal noise does not.\u003cbr /\u003eAwakening a creature is a standard action (an application of the aid another action).\u003cbr /\u003eSleep does not target unconscious creatures, constructs, or undead creatures.\u003cbr /\u003eMaterial Component: A pinch of fine sand, rose petals, or a live cricket.\u003c/p\u003e","descriptors":"Mind-Affecting","divine_focus_component":"0","duration":"1 min./level","effect":"","id":2571,"material_component":"1","meta_breath_component":"0","name":"Sleep","page":280,"rulebook":"Player's Handbook v.3.5","saving_throw":"Will negates","school":"Enchantment","somatic_component":"1","spell_range":"Medium (100 ft. + 10 ft./level)","spell_resistance":"Yes","subschool":"Compulsion","target":"","true_name_component":"0","verbal_component":"1","xp_component":"0"}}