{"id":2575,"created":1449242801,"modified":1449242801,"data":{"arcane_focus_component":"0","area":"","casting_time":"","corrupt_component":"0","description_html":"\u003cp\u003eThis spell functions like symbol of death, except that all creatures within the radius of the symbol of insanity instead become permanently insane (as the insanity spell).\u003cbr /\u003eUnlike symbol of death, symbol of insanity has no hit point limit; once triggered, a symbol of insanity simply remains active for 10 minutes per caster level.\u003cbr /\u003eNote:Magic traps such as symbol of insanity are hard to detect and disable.\u003cbr /\u003eA rogue (only) can use the Search skill to find a symbol of insanity and Disable Device to thwart it.\u003cbr /\u003eThe DC in each case is 25 + spell level, or 33 for symbol of insanity.\u003cbr /\u003eMaterial Component:Mercury and phosphorus, plus powdered diamond and opal with a total value of at least 5,000 gp.\u003c/p\u003e","descriptors":"Mind-Affecting","divine_focus_component":"0","duration":"","effect":"","id":2575,"material_component":"0","meta_breath_component":"0","name":"Symbol of Insanity","page":290,"rulebook":"Player's Handbook v.3.5","saving_throw":"Will negates","school":"Enchantment","somatic_component":"0","spell_range":"","spell_resistance":"","subschool":"Compulsion","target":"","true_name_component":"0","verbal_component":"0","xp_component":"0"}}