{"id":2581,"created":1449242802,"modified":1449242802,"data":{"arcane_focus_component":"0","area":"","casting_time":"1 standard action","corrupt_component":"0","description_html":"\u003cp\u003eWith a touch, you reduce the target\u0026#39;s mental faculties. Your successful melee touch attack applies a 1d6 penalty to the target\u0026#39;s Intelligence, Wisdom, and Charisma scores. This penalty can\u0026#39;t reduce any of these scores below 1.\u003cbr /\u003eThis spell\u0026#39;s effect may make it impossible for the target to cast some or all of its spells, if the requisite ability score drops below the minimum required to cast spells of that level.\u003c/p\u003e","descriptors":"Mind-Affecting","divine_focus_component":"0","duration":"10 min./level","effect":"","id":2581,"material_component":"0","meta_breath_component":"0","name":"Touch of Idiocy","page":294,"rulebook":"Player's Handbook v.3.5","saving_throw":"No","school":"Enchantment","somatic_component":"1","spell_range":"Touch","spell_resistance":"Yes","subschool":"Compulsion","target":"Living creature touched","true_name_component":"0","verbal_component":"1","xp_component":"0"}}