{"id":2588,"created":1449242802,"modified":1449242802,"data":{"arcane_focus_component":"0","area":"","casting_time":"1 standard action","corrupt_component":"0","description_html":"\u003cp\u003eAn immobile, vertical curtain of whirling blades shaped of pure force springs into existence.\u003cbr /\u003eAny creature passing through the wall takes 1d6 points of damage per caster level (maximum 15d6), with a Reflex save for half damage.\u003cbr /\u003eIf you evoke the barrier so that it appears where creatures are, each creature takes damage as if passing through the wall.\u003cbr /\u003eEach such creature can avoid the wall (ending up on the side of its choice) and thus take no damage by making a successful Reflex save.\u003cbr /\u003eA blade barrier provides cover (+4 bonus to AC, +2 bonus on Reflex saves) against attacks made through it.\u003c/p\u003e","descriptors":"Force","divine_focus_component":"0","duration":"1 min./level (D)","effect":"Wall of whirling blades up to 20 ft. long/level, or a ringed wall of whirling blades with a radius of up to 5 ft. per two levels; either form 20 ft. high","id":2588,"material_component":"0","meta_breath_component":"0","name":"Blade Barrier","page":205,"rulebook":"Player's Handbook v.3.5","saving_throw":"Reflex half or Reflex negates; see text","school":"Evocation","somatic_component":"1","spell_range":"Medium (100 ft. + 10 ft./level)","spell_resistance":"Yes","subschool":"","target":"","true_name_component":"0","verbal_component":"1","xp_component":"0"}}