{"id":2595,"created":1449242802,"modified":1449242802,"data":{"arcane_focus_component":"0","area":"Cone-shaped burst","casting_time":"1 standard action","corrupt_component":"0","description_html":"\u003cp\u003eCone of cold creates an area of extreme cold, originating at your hand and extending outward in a cone.\u003cbr /\u003eIt drains heat, dealing 1d6 points of cold damage per caster level (maximum 15d6).\u003cbr /\u003eArcane Material Component: A very small crystal or glass cone.\u003c/p\u003e","descriptors":"Cold","divine_focus_component":"1","duration":"Instantaneous","effect":"","id":2595,"material_component":"1","meta_breath_component":"0","name":"Cone of Cold","page":212,"rulebook":"Player's Handbook v.3.5","saving_throw":"Reflex half","school":"Evocation","somatic_component":"1","spell_range":"60 ft.","spell_resistance":"Yes","subschool":"","target":"","true_name_component":"0","verbal_component":"1","xp_component":"0"}}