{"id":2597,"created":1449242802,"modified":1449242802,"data":{"arcane_focus_component":"1","area":"","casting_time":"At least 10 minutes; see text","corrupt_component":"0","description_html":"\u003cp\u003eYou can place another spell upon your person so that it comes into effect under some condition you dictate when casting contingency.\u003cbr /\u003eThe contingency spell and the companion spell are cast at the same time.\u003cbr /\u003eThe 10-minute casting time is the minimum total for both castings; if the companion spell has a casting time longer than 10 minutes, use that instead.\u003cbr /\u003eThe spell to be brought into effect by the contingency must be one that affects your person (feather fall, levitate, fly,\u003cbr /\u003eteleport, and so forth) and be of a spell level no higher than one-third your caster level (rounded down, maximum 6th level).\u003cbr /\u003eThe conditions needed to bring the spell into effect must be clear, although they can be general.\u003cbr /\u003eFor example, a contingency cast with water breathing might prescribe that any time you are plunged into or otherwise engulfed in water or similar liquid, the water breathing spell instantly comes into effect.\u003cbr /\u003eOr a contingency could bring a feather fall spell into effect any time you fall more than 4 feet.\u003cbr /\u003eIn all cases, the contingency immediately brings into effect the companion spell, the latter being \u0026quot;cast\u0026quot; instantaneously when the prescribed circumstances occur.\u003cbr /\u003eIf complicated or convoluted conditions are prescribed, the whole spell combination (contingency and the companion magic) may fail when called on.\u003cbr /\u003eThe companion spell occurs based solely on the stated conditions, regardless of whether you want it to.\u003cbr /\u003eYou can use only one contingency spell at a time; if a second is cast, the first one (if still active) is dispelled.\u003cbr /\u003eMaterial Component: That of the companion spell, plus quicksilver and an eyelash of an ogre mage, rakshasa, or similar spell-using creature.\u003cbr /\u003eFocus: A statuette of you carved from elephant ivory and decorated with gems (worth at least 1,500 gp).\u003cbr /\u003eYou must carry the focus for the contingency to work.\u003c/p\u003e","descriptors":"","divine_focus_component":"0","duration":"One day/level (D) or until discharged","effect":"","id":2597,"material_component":"1","meta_breath_component":"0","name":"Contingency","page":213,"rulebook":"Player's Handbook v.3.5","saving_throw":"","school":"Evocation","somatic_component":"1","spell_range":"Personal","spell_resistance":"","subschool":"","target":"You","true_name_component":"0","verbal_component":"1","xp_component":"0"}}