{"id":2615,"created":1449242802,"modified":1449242802,"data":{"arcane_focus_component":"0","area":"","casting_time":"1 standard action","corrupt_component":"0","description_html":"\u003cp\u003eA burning globe of fire rolls in whichever direction you point and burns those it strikes.\u003cbr /\u003eIt moves 30 feet per round.\u003cbr /\u003eAs part of thismovement, it can ascend or jump up to 30 feet to strike a target.\u003cbr /\u003eIf it enters a space with a creature, it stops moving for the round and deals 2d6 points of fire damage to that creature, though a successful Reflex save negates that damage.\u003cbr /\u003eA flaming sphere rolls over barriers less than 4 feet tall, such as furniture and low walls.\u003cbr /\u003eIt ignites flammable substances it touches and illuminates the same area as a torch would.\u003cbr /\u003eThe sphere moves as long as you actively direct it (a move action for you); otherwise, it merely stays at rest and burns.\u003cbr /\u003eIt can be extinguished by any means that would put out a normal fire of its size.\u003cbr /\u003eThe surface of the sphere has a spongy, yielding consistency and so does not cause damage except by its flame.\u003cbr /\u003eIt cannot push aside unwilling creatures or batter down large obstacles.\u003cbr /\u003eA flaming sphere winks out if it exceeds the spell\u0026#39;s range.\u003cbr /\u003eArcane Material Component: A bit of tallow, a pinch of brimstone, and a dusting of powdered iron.\u003c/p\u003e","descriptors":"Fire","divine_focus_component":"1","duration":"1 round/level","effect":"5-ft.-diameter sphere","id":2615,"material_component":"1","meta_breath_component":"0","name":"Flaming Sphere","page":232,"rulebook":"Player's Handbook v.3.5","saving_throw":"Reflex negates","school":"Evocation","somatic_component":"1","spell_range":"Medium (100 ft. + 10 ft./level)","spell_resistance":"Yes","subschool":"","target":"","true_name_component":"0","verbal_component":"1","xp_component":"0"}}