{"id":2626,"created":1449242803,"modified":1449242803,"data":{"arcane_focus_component":"0","area":"","casting_time":"1 standard action","corrupt_component":"0","description_html":"\u003cp\u003eYou create a destructive resonance in a corporeal creature\u0026#39;s body.\u003cbr /\u003eFor each round you concentrate, you cause one creature to collapse in on itself, killing it.\u003cbr /\u003e(This effect, being instantaneous, cannot be dispelled).\u003cbr /\u003eYou can target a particular creature only once with each casting of the spell.\u003cbr /\u003eImplosion has no effect on creatures in gaseous form or on incorporeal creatures.\u003c/p\u003e","descriptors":"","divine_focus_component":"0","duration":"Concentration (up to 4 rounds)","effect":"","id":2626,"material_component":"0","meta_breath_component":"0","name":"Implosion","page":243,"rulebook":"Player's Handbook v.3.5","saving_throw":"Fortitude negates","school":"Evocation","somatic_component":"1","spell_range":"Close (25 ft. + 5 ft./2 levels)","spell_resistance":"Yes","subschool":"","target":"One corporeal creature/round","true_name_component":"0","verbal_component":"1","xp_component":"0"}}