{"id":2637,"created":1449242803,"modified":1449242803,"data":{"arcane_focus_component":"0","area":"","casting_time":"1 standard action","corrupt_component":"0","description_html":"\u003cp\u003eA globe of shimmering force encloses a creature, provided the creature is small enough to fit within the diameter of the sphere.\u003cbr /\u003eThe sphere contains its subject for the spell\u0026#39;s duration.\u003cbr /\u003eThe sphere is not subject to damage of any sort except from a rod of cancellation, a rod of negation, a disintegrate spell, or a targeted dispel magic spell.\u003cbr /\u003eThese effects destroy the sphere without harm to the subject.\u003cbr /\u003eNothing can pass through the sphere, inside or out, though the subject can breathe normally.\u003cbr /\u003eThe subject may struggle, but the sphere cannot be physically moved either by people outside it or by the struggles of those within.\u003cbr /\u003eMaterial Component: A hemispherical piece of clear crystal and a matching hemispherical piece of gum arabic.\u003c/p\u003e","descriptors":"Force","divine_focus_component":"0","duration":"1 min./level (D)","effect":"1-ft.-diameter/level sphere, centered around a creature","id":2637,"material_component":"1","meta_breath_component":"0","name":"Otiluke's Resilient Sphere","page":258,"rulebook":"Player's Handbook v.3.5","saving_throw":"Reflex negates","school":"Evocation","somatic_component":"1","spell_range":"Close (25 ft. + 5 ft./2 levels)","spell_resistance":"Yes","subschool":"","target":"","true_name_component":"0","verbal_component":"1","xp_component":"0"}}