{"id":2649,"created":1449242803,"modified":1449242803,"data":{"arcane_focus_component":"1","area":"","casting_time":"","corrupt_component":"0","description_html":"\u003cp\u003eThis spell functions like shout, except that the cone deals 10d6 points of sonic damage (or 1d6 points of sonic damage per caster level, maximum 20d6, against exposed brittle or crystalline objects or crystalline creatures).\u003cbr /\u003eIt also causes creatures to be stunned for 1 round and deafened for 4d6 rounds.\u003cbr /\u003eA creature in the area of the cone can negate the stunning and halve both the damage and the duration of the deafness with a successful Fortitude save.\u003cbr /\u003eA creature holding vulnerable objects can attempt a Reflex save to negate the damage to those objects.\u003cbr /\u003eArcane Focus: A small metal or ivory horn.\u003c/p\u003e","descriptors":"Sonic","divine_focus_component":"0","duration":"","effect":"","id":2649,"material_component":"0","meta_breath_component":"0","name":"Shout, Greater","page":279,"rulebook":"Player's Handbook v.3.5","saving_throw":"Fortitude partial or Reflex negates (object); see text","school":"Evocation","somatic_component":"1","spell_range":"60 ft.","spell_resistance":"","subschool":"","target":"","true_name_component":"0","verbal_component":"1","xp_component":"0"}}