{"id":2685,"created":1449242804,"modified":1449242804,"data":{"arcane_focus_component":"0","area":"","casting_time":"1 standard action","corrupt_component":"0","description_html":"\u003cp\u003eBy means of this spell, you misdirect the information from divination spells that reveal auras (detect evil, detect magic, discern lies, and the like).\u003cbr /\u003eOn casting the spell, you choose another object within range.\u003cbr /\u003eFor the duration of the spell, the subject of misdirection is detected as if it were the other object.\u003cbr /\u003e(Neither the subject nor the other object gets a saving throw against this effect).\u003cbr /\u003eDetection spells provide information based on the second object rather than on the actual target of the detection unless the caster of the detection succeeds on a Will save.\u003cbr /\u003eFor instance, you could make yourself detect as a tree if one were within range at casting: not evil, not lying, not magical, neutral in alignment, and so forth.\u003cbr /\u003eThis spell does not affect other types of divination magic (augury, detect thoughts, clairaudience/clairvoyance, and the like).\u003c/p\u003e","descriptors":"","divine_focus_component":"0","duration":"1 hour/level","effect":"","id":2685,"material_component":"0","meta_breath_component":"0","name":"Misdirection","page":254,"rulebook":"Player's Handbook v.3.5","saving_throw":"None or Will negates; see text","school":"Illusion","somatic_component":"1","spell_range":"Close (25 ft. + 5 ft./2 levels)","spell_resistance":"No","subschool":"Glamer","target":"One creature or object, up to a 10-ft. cube in size","true_name_component":"0","verbal_component":"1","xp_component":"0"}}