{"id":2706,"created":1449242804,"modified":1449242804,"data":{"arcane_focus_component":"0","area":"","casting_time":"12 hours","corrupt_component":"0","description_html":"\u003cp\u003eSimulacrum creates an illusory duplicate of any creature.\u003cbr /\u003eThe duplicate creature is partially real and formed from ice or snow.\u003cbr /\u003eIt appears to be the same as the original, but it has only one-half of the real creature\u0026#39;s levels or Hit Dice (and the appropriate hit points, feats, skill ranks, and special abilities for a creature of that level or HD).\u003cbr /\u003eYou can\u0026#39;t create a simulacrum of a creature whose Hit Dice or levels exceed twice your caster level.\u003cbr /\u003eYou must make a Disguise check when you cast the spell to determine how good the likeness is.\u003cbr /\u003eA creature familiar with the original might detect the ruse with a successful Spot check (opposed by the caster\u0026#39;s Disguise check) or a DC 20 Sense Motive check.\u003cbr /\u003eAt all times the simulacrum remains under your absolute command.\u003cbr /\u003eNo special telepathic link exists, so command must be exercised in some other manner.\u003cbr /\u003eA simulacrum has no ability to become more powerful.\u003cbr /\u003eIt cannot increase its level or abilities.\u003cbr /\u003eIf reduced to 0 hit points or otherwise destroyed, it reverts to snow and melts instantly into nothingness.\u003cbr /\u003eA complex process requiring at least 24 hours, 100 gp per hit point, and a fully equipped magical laboratory can repair damage to a simulacrum.\u003cbr /\u003eMaterial Component: The spell is cast over the rough snow or ice form, and some piece of the creature to be duplicated (hair, nail, or the like) must be placed inside the snow or ice.\u003cbr /\u003eAdditionally, the spell requires powdered ruby worth 100 gp per HD of the simulacrum to be created.\u003cbr /\u003eXP Cost: 100 XP per HD of the simulacrum to be created (minimum 1,000 XP).\u003c/p\u003e","descriptors":"","divine_focus_component":"0","duration":"Instantaneous","effect":"One duplicate creature","id":2706,"material_component":"1","meta_breath_component":"0","name":"Simulacrum","page":279,"rulebook":"Player's Handbook v.3.5","saving_throw":"None","school":"Illusion","somatic_component":"1","spell_range":"0 ft.","spell_resistance":"No","subschool":"Shadow","target":"","true_name_component":"0","verbal_component":"1","xp_component":"1"}}