{"id":2708,"created":1449242804,"modified":1449242804,"data":{"arcane_focus_component":"1","area":"","casting_time":"1 standard action","corrupt_component":"0","description_html":"\u003cp\u003eYou can make your voice (or any sound that you can normally make vocally) seem to issue from someplace else, such as from another creature, a statue, from behind a door, down a passage, etc.\u003cbr /\u003eYou can speak in any language you know.\u003cbr /\u003eWith respect to such voices and sounds, anyone who hears the sound and rolls a successful save recognizes it as illusory (but still hears it).\u003cbr /\u003eFocus: A parchment rolled up into a small cone.\u003c/p\u003e","descriptors":"","divine_focus_component":"0","duration":"1 min./level (D)","effect":"Intelligible sound, usually speech","id":2708,"material_component":"0","meta_breath_component":"0","name":"Ventriloquism","page":298,"rulebook":"Player's Handbook v.3.5","saving_throw":"Will disbelief (if interacted with)","school":"Illusion","somatic_component":"0","spell_range":"Close (25 ft. + 5 ft./2 levels)","spell_resistance":"No","subschool":"Figment","target":"","true_name_component":"0","verbal_component":"1","xp_component":"0"}}