{"id":2713,"created":1449242804,"modified":1449242804,"data":{"arcane_focus_component":"0","area":"","casting_time":"1 standard action","corrupt_component":"0","description_html":"\u003cp\u003eYou place a curse on the subject. Choose one of the following three effects.\u003c/b\u003e\u003cul\u003e\u003c/b\u003e\u003cli\u003e-6 decrease to an ability score (minimum 1).\u003c/li\u003e\u003c/b\u003e\u003cli\u003e-4 penalty on attack rolls, saves, ability checks, and skill checks.\u003c/li\u003e\u003c/b\u003e\u003cli\u003eEach turn, the target has a 50% chance to act normally; otherwise, it takes no action.\u003c/li\u003e\u003c/b\u003e\u003c/ul\u003e\u003cbr /\u003eYou may also invent your own curse, but it should be no more powerful than those described above, and the DM has final say on the curse\u0026#39;s effect.\u003c/p\u003e\u003c/b\u003e\u003c/b\u003e\u003cp\u003eThe curse bestowed by this spell cannot be dispelled, but it can be removed with a break enchantment, limited wish, miracle, remove curse, or wish spell.\u003c/p\u003e\u003c/b\u003e\u003c/b\u003e\u003cp\u003eBestow curse counters remove curse.\u003c/p\u003e","descriptors":"","divine_focus_component":"0","duration":"Permanent","effect":"","id":2713,"material_component":"0","meta_breath_component":"0","name":"Bestow Curse","page":203,"rulebook":"Player's Handbook v.3.5","saving_throw":"Will negates","school":"Necromancy","somatic_component":"1","spell_range":"Touch","spell_resistance":"Yes","subschool":"","target":"Creature touched","true_name_component":"0","verbal_component":"1","xp_component":"0"}}