{"id":272,"created":1449242753,"modified":1449242753,"data":{"arcane_focus_component":"0","area":null,"casting_time":"1 standard action","corrupt_component":"0","description_html":"\u003cp\u003eYou conjure and hurl three roughly spherical globs of dark green slime.\u003cbr /\u003eYou must succeed on a ranged touch attack to strike a target with a slime glob (roll separately for each glob, using your best ranged attack bonus).\u003cbr /\u003eAny creature struck by a glob is coated in a patch of green slime (see Dungeon Master\u0026#39;s Guide page 76) and begins to experience its effects immediately.\u003cbr /\u003eYou can hit a creature with multiple globs, each of which must be dealt with separately.\u003cbr /\u003eThe conjured green slime does not disappear automatically and must be destroyed in the normal way.\u003c/p\u003e","descriptors":"","divine_focus_component":"1","duration":"Instantaneous","effect":"Three globs of green slime","id":272,"material_component":"0","meta_breath_component":"0","name":"Slime Hurl","page":null,"rulebook":"Champions of Ruin","saving_throw":"None","school":"Conjuration","somatic_component":"1","spell_range":"Close (25 ft. + 5 ft./2 levels)","spell_resistance":"No","subschool":"Creation","target":null,"true_name_component":"0","verbal_component":"1","xp_component":"0"}}