{"id":2722,"created":1449242805,"modified":1449242805,"data":{"arcane_focus_component":"0","area":"","casting_time":"1 standard action","corrupt_component":"0","description_html":"\u003cp\u003eThis spell enables you to command undead creatures for a short period of time.\u003cbr /\u003eYou command them by voice and they understand you, no matter what language you speak.\u003cbr /\u003eEven if vocal communication is impossible (in the area of a silence spell, for instance), the controlled undead do not attack you.\u003cbr /\u003eAt the end of the spell, the subjects revert to their normal behavior.\u003cbr /\u003eIntelligent undead creatures remember that you controlled them.\u003cbr /\u003eMaterial Component: A small piece of bone and a small piece of raw meat.\u003c/p\u003e","descriptors":"","divine_focus_component":"0","duration":"1 min./level","effect":"","id":2722,"material_component":"1","meta_breath_component":"0","name":"Control Undead","page":214,"rulebook":"Player's Handbook v.3.5","saving_throw":"Will negates","school":"Necromancy","somatic_component":"1","spell_range":"Close (25 ft. + 5 ft./2 levels)","spell_resistance":"Yes","subschool":"","target":"Up to 2 HD/level of undead creatures, no two of which can be more than 30 ft. apart","true_name_component":"0","verbal_component":"1","xp_component":"0"}}