{"id":2733,"created":1449242805,"modified":1449242805,"data":{"arcane_focus_component":"0","area":"","casting_time":"1 standard action","corrupt_component":"0","description_html":"\u003cp\u003eYou point your finger and utter the incantation, releasing a black ray of crackling negative energy that suppresses the life force of any living creature it strikes.\u003cbr /\u003eYou must make a ranged touch attack to hit.\u003cbr /\u003eIf the attack succeeds, the subject gains 1d4 negative levels.\u003cbr /\u003eIf the subject has at least as many negative levels as HD, it dies.\u003cbr /\u003eEach negative level gives a creature a -1 penalty on attack rolls, saving throws, skill checks, ability checks, and effective level (for determining the power, duration, DC, and other details of spells or special abilities).\u003cbr /\u003eAdditionally, a spellcaster loses one spell or spell slot from his or her highest available level.\u003cbr /\u003eNegative levels stack.\u003cbr /\u003eAssuming the subject survives, it regains lost levels after a number of hours equal to your caster level (maximum 15 hours).\u003cbr /\u003eUsually, negative levels have a chance of permanently draining the victim\u0026#39;s levels, but the negative levels from enervation don\u0026#39;t last long enough to do so.\u003cbr /\u003eAn undead creature struck by the ray gains 1d4\u0026#215;5 temporary hit points for 1 hour.\u003c/p\u003e","descriptors":"","divine_focus_component":"0","duration":"Instantaneous","effect":"Ray of negative energy","id":2733,"material_component":"0","meta_breath_component":"0","name":"Enervation","page":226,"rulebook":"Player's Handbook v.3.5","saving_throw":"None","school":"Necromancy","somatic_component":"1","spell_range":"Close (25 ft. + 5 ft./2 levels)","spell_resistance":"Yes","subschool":"","target":"","true_name_component":"0","verbal_component":"1","xp_component":"0"}}