{"id":2737,"created":1449242805,"modified":1449242805,"data":{"arcane_focus_component":"0","area":"","casting_time":"1 standard action","corrupt_component":"0","description_html":"\u003cp\u003eYou can slay any one living creature within range.\u003cbr /\u003eThe target is entitled to a Fortitude saving throw to survive the attack.\u003cbr /\u003eIf the save is successful, the creature instead takes 3d6 points of damage +1 point per caster level (maximum +25).\u003cbr /\u003eThe subject might die from damage even if it succeeds on its saving throw.\u003c/p\u003e","descriptors":"Death","divine_focus_component":"0","duration":"Instantaneous","effect":"","id":2737,"material_component":"0","meta_breath_component":"0","name":"Finger of Death","page":230,"rulebook":"Player's Handbook v.3.5","saving_throw":"Fortitude partial","school":"Necromancy","somatic_component":"1","spell_range":"Close (25 ft. + 5 ft./2 levels)","spell_resistance":"Yes","subschool":"","target":"One living creature","true_name_component":"0","verbal_component":"1","xp_component":"0"}}