{"id":2739,"created":1449242805,"modified":1449242805,"data":{"arcane_focus_component":"0","area":"","casting_time":"1 standard action","corrupt_component":"0","description_html":"\u003cp\u003eImbuing you with negative energy, this spell allows you to paralyze a single living humanoid for the duration of the spell with a successful melee touch attack.\u003cbr /\u003eAdditionally, the paralyzed subject exudes a carrion stench that causes all living creatures (except you) in a 10-foot-radius spread to become sickened (Fortitude negates).\u003cbr /\u003eA neutralize poison spell removes the effect from a sickened creature, and creatures immune to poison are unaffected by the stench.\u003cbr /\u003eMaterial Component: A small scrap of cloth taken from clothing worn by a ghoul, or a pinch of earth from a ghoul\u0026#39;s lair.\u003c/p\u003e","descriptors":"","divine_focus_component":"0","duration":"1d6+2 rounds","effect":"","id":2739,"material_component":"1","meta_breath_component":"0","name":"Ghoul Touch","page":235,"rulebook":"Player's Handbook v.3.5","saving_throw":"Fortitude negates","school":"Necromancy","somatic_component":"1","spell_range":"Touch","spell_resistance":"Yes","subschool":"","target":"Living humanoid touched","true_name_component":"0","verbal_component":"1","xp_component":"0"}}