{"id":2764,"created":1449242806,"modified":1449242806,"data":{"arcane_focus_component":"0","area":"","casting_time":"","corrupt_component":"0","description_html":"\u003cp\u003eThis spell functions like symbol of death, except that each creature within the radius of a symbol of pain instead suffers wracking pains that impose a -4 penalty on attack rolls, skill checks, and ability checks.\u003cbr /\u003eThese effects last for 1 hour after the creature moves farther than 60 feet from the symbol.\u003cbr /\u003eUnlike symbol of death, symbol of pain has no hit point limit; once triggered, a symbol of pain simply remains active for 10 minutes per caster level.\u003cbr /\u003eNote:Magic traps such as symbol of pain are hard to detect and disable.\u003cbr /\u003eA rogue (only) can use the Search skill to find a symbol of pain and Disable Device to thwart it.\u003cbr /\u003eThe DC in each case is 25 + spell level, or 30 for symbol of pain.\u003cbr /\u003eMaterial Component:Mercury and phosphorus, plus powdered diamond and opal with a total value of at least 1,000 gp.\u003c/p\u003e","descriptors":"Evil","divine_focus_component":"0","duration":"","effect":"","id":2764,"material_component":"0","meta_breath_component":"0","name":"Symbol of Pain","page":290,"rulebook":"Player's Handbook v.3.5","saving_throw":"","school":"Necromancy","somatic_component":"0","spell_range":"","spell_resistance":"","subschool":"","target":"","true_name_component":"0","verbal_component":"0","xp_component":"0"}}