{"id":2782,"created":1449242806,"modified":1449242806,"data":{"arcane_focus_component":"0","area":"","casting_time":"1 standard action","corrupt_component":"0","description_html":"\u003cp\u003eBarkskin toughens a creature\u0026#39;s skin. The effect grants a +2 enhancement bonus to the creature\u0026#39;s existing natural armor bonus. This enhancement bonus increases by 1 for every three caster levels above 3rd, to a maximum of +5 at caster level 12th.\u003c/p\u003e\u003c/b\u003e\u003c/b\u003e\u003cp\u003eThe enhancement bonus provided by barkskin stacks with the target\u0026#39;s natural armor bonus, but not with other enhancement bonuses to natural armor. A creature without natural armor has an effective natural armor bonus of +0, much as a character wearing only normal clothing has an armor bonus of +0.\u003c/p\u003e","descriptors":"","divine_focus_component":"1","duration":"10 min./level","effect":"","id":2782,"material_component":"0","meta_breath_component":"0","name":"Barkskin","page":203,"rulebook":"Player's Handbook v.3.5","saving_throw":"None","school":"Transmutation","somatic_component":"1","spell_range":"Touch","spell_resistance":"Yes (harmless)","subschool":"","target":"Living creature touched","true_name_component":"0","verbal_component":"1","xp_component":"0"}}