{"id":2802,"created":1449242806,"modified":1449242806,"data":{"arcane_focus_component":"0","area":"","casting_time":"1 standard action","corrupt_component":"0","description_html":"\u003cp\u003eThis spell makes a melee weapon deadly to undead. Any undead creature with HD equal to or less than your caster level must succeed on a Will save or be destroyed utterly if struck in combat with this weapon. Spell resistance does not apply against the destruction effect.\u003c/p\u003e","descriptors":"","divine_focus_component":"0","duration":"1 round/level","effect":"","id":2802,"material_component":"0","meta_breath_component":"0","name":"Disrupting Weapon","page":223,"rulebook":"Player's Handbook v.3.5","saving_throw":"Will negates (harmless, object); see text","school":"Transmutation","somatic_component":"1","spell_range":"Touch","spell_resistance":"Yes (harmless, object)","subschool":"","target":"One melee weapon","true_name_component":"0","verbal_component":"1","xp_component":"0"}}