{"id":2812,"created":1449242807,"modified":1449242807,"data":{"arcane_focus_component":"0","area":"","casting_time":"See text","corrupt_component":"0","description_html":"\u003cp\u003eYou convert material of one sort into a product that is of the same material.\u003cbr /\u003eThus, you can fabricate a wooden bridge from a clump of tress, a rope from a patch of hemp, clothes from flax or wool, and so forth.\u003cbr /\u003eCreatures or magic items cannot be created or transmuted by the fabricate spell.\u003cbr /\u003eThe quality of items made by this spell is commensurate with the quality of material used as the basis for the new fabrication.\u003cbr /\u003eIf you work with a mineral, the target is reduced to 1 cubic foot per level instead of 10 cubic feet.\u003cbr /\u003eYou must make an appropriate Craft check to fabricate articles requiring a high degree of craftsmanship (jewelry, swords, glass, crystal, and the like).\u003cbr /\u003eCasting requires 1 round per 10 cubic feet (or 1 cubic foot) of material to be affected by the spell.\u003cbr /\u003eMaterial Component: The original material, which costs the same amount as the raw materials required to craft the item to be created.\u003c/p\u003e","descriptors":"","divine_focus_component":"0","duration":"Instantaneous","effect":"","id":2812,"material_component":"1","meta_breath_component":"0","name":"Fabricate","page":229,"rulebook":"Player's Handbook v.3.5","saving_throw":"None","school":"Transmutation","somatic_component":"1","spell_range":"Close (25 ft. + 5 ft./2 levels)","spell_resistance":"No","subschool":"","target":"Up to 10 cu. ft./level; see text","true_name_component":"0","verbal_component":"1","xp_component":"0"}}