{"id":2818,"created":1449242807,"modified":1449242807,"data":{"arcane_focus_component":"0","area":"","casting_time":"","corrupt_component":"0","description_html":"\u003cp\u003eThis spell functions like \u003ca href=\"/spells/players-handbook-v35--6/foxs-cunning--2817/\"\u003e\u003cem\u003efox\u0026#39;s cunning\u003c/em\u003e\u003c/a\u003e, except that it affects multiple creatures.\u003c/p\u003e","descriptors":"","divine_focus_component":"0","duration":"","effect":"","id":2818,"material_component":"0","meta_breath_component":"0","name":"Fox's Cunning, Mass","page":233,"rulebook":"Player's Handbook v.3.5","saving_throw":"","school":"Transmutation","somatic_component":"0","spell_range":"Close (25 ft. + 5 ft./2 levels)","spell_resistance":"","subschool":"","target":"One creature/level, no two of which can be more than 30 ft. apart","true_name_component":"0","verbal_component":"0","xp_component":"0"}}