{"id":282,"created":1449242753,"modified":1449242753,"data":{"arcane_focus_component":"0","area":null,"casting_time":"1 standard action","corrupt_component":"0","description_html":"\u003cp\u003eA hissing, hurtling ribbon of pure darkness flies from your hand.\u003cbr /\u003eA creature struck by this ray of darkness takes 1d8 points of damage per two caster levels (maximum 5d8).\u003cbr /\u003eAn undead creature instead heals 1d8 points of damage per two caster levels (maximum 5d8).\u003c/p\u003e","descriptors":"","divine_focus_component":"0","duration":"Instantaneous","effect":"Ray","id":282,"material_component":"0","meta_breath_component":"0","name":"Slashing Darkness","page":null,"rulebook":"Champions of Ruin","saving_throw":"None","school":"Evocation","somatic_component":"1","spell_range":"Medium (100 ft. + 10 ft./level)","spell_resistance":"Yes","subschool":"","target":null,"true_name_component":"0","verbal_component":"1","xp_component":"0"}}