{"id":2836,"created":1449242807,"modified":1449242807,"data":{"arcane_focus_component":"0","area":"","casting_time":"1 standard action","corrupt_component":"0","description_html":"\u003cp\u003eYou transmute as many as three pebbles, which can be no larger than sling bullets, so that they strike with great force when thrown or slung. If hurled, they have a range increment of 20 feet. If slung, treat them as sling bullets (range increment 50 feet). The spell gives them a +1 enhancement bonus on attack and damage rolls. The user of the stones makes a normal ranged attack. Each stone that hits deals 1d6+1 points of damage (including the spell\u0026#39;s enhancement bonus), or 2d6+2 points against undead.\u003c/p\u003e","descriptors":"","divine_focus_component":"1","duration":"30 minutes or until discharged","effect":"","id":2836,"material_component":"0","meta_breath_component":"0","name":"Magic Stone","page":251,"rulebook":"Player's Handbook v.3.5","saving_throw":"Will negates (harmless, object)","school":"Transmutation","somatic_component":"1","spell_range":"Touch","spell_resistance":"Yes (harmless, object)","subschool":"","target":"Up to three pebbles touched","true_name_component":"0","verbal_component":"1","xp_component":"0"}}