{"id":2840,"created":1449242807,"modified":1449242807,"data":{"arcane_focus_component":"0","area":"","casting_time":"1 standard action","corrupt_component":"0","description_html":"\u003cp\u003eThis spell functions like mending, except that make whole completely repairs an object made of any substance, even one with multiple breaks, to be as strong as new.\u003cbr /\u003eThe spell does not restore the magical abilities of a broken magic item made whole, and it cannot mend broken magic rods, staffs, or wands.\u003cbr /\u003eThe spell does not repair items that have been warped, burned, disintegrated, ground to powder, melted, or vaporized, nor does it affect creatures (including constructs).\u003c/p\u003e","descriptors":"","divine_focus_component":"0","duration":"","effect":"","id":2840,"material_component":"0","meta_breath_component":"0","name":"Make Whole","page":252,"rulebook":"Player's Handbook v.3.5","saving_throw":"","school":"Transmutation","somatic_component":"0","spell_range":"Close (25 ft. + 5 ft./2 levels)","spell_resistance":"","subschool":"","target":"One object of up to 10 cu. ft./level","true_name_component":"0","verbal_component":"0","xp_component":"0"}}