{"id":2845,"created":1449242807,"modified":1449242807,"data":{"arcane_focus_component":"0","area":"Dirt in an area up to 750 ft. square and up to 10 ft. deep (S)","casting_time":"See text","corrupt_component":"0","description_html":"\u003cp\u003eMove earth moves dirt (clay, loam, sand), possibly collapsing embankments, moving hillocks, shifting dunes, and so forth.\u003cbr /\u003eHowever, in no event can rock formations be collapsed or moved.\u003cbr /\u003eThe area to be affected determines the casting time.\u003cbr /\u003eFor every 150-foot square (up to 10 feet deep), casting takes 10 minutes.\u003cbr /\u003eThe maximum area, 750 feet by 750 feet, takes 4 hours and 10 minutes to move.\u003cbr /\u003eThis spell does not violently break the surface of the ground.\u003cbr /\u003eInstead, it creates wavelike crests and troughs, with the earth reacting with glacierlike fluidity until the desired result is achieved.\u003cbr /\u003eTrees, structures, rock formations, and such are mostly unaffected except for changes in elevation and relative topography.\u003cbr /\u003eThe spell cannot be used for tunneling and is generally too slow to trap or bury creatures.\u003cbr /\u003eIts primary use is for digging or filling moats or for adjusting terrain contours before a battle.\u003cbr /\u003eThis spell has no effect on earth creatures.\u003cbr /\u003eMaterial Component: A mixture of soils (clay, loam, and sand) in a small bag, and an iron blade.\u003c/p\u003e","descriptors":"Earth","divine_focus_component":"0","duration":"Instantaneous","effect":"","id":2845,"material_component":"1","meta_breath_component":"0","name":"Move Earth","page":257,"rulebook":"Player's Handbook v.3.5","saving_throw":"None","school":"Transmutation","somatic_component":"1","spell_range":"Long (400 ft. + 40 ft./level)","spell_resistance":"No","subschool":"","target":"","true_name_component":"0","verbal_component":"1","xp_component":"0"}}