{"id":2846,"created":1449242807,"modified":1449242807,"data":{"arcane_focus_component":"1","area":"","casting_time":"1 standard action","corrupt_component":"0","description_html":"\u003cp\u003eYou can open or close (your choice) a door, chest, box, window, bag, pouch, bottle, barrel, or other container.\u003cbr /\u003eIf anything resists this activity (such as a bar on a door or a lock on a chest), the spell fails.\u003cbr /\u003eIn addition, the spell can only open and close things weighing 30 pounds or less.\u003cbr /\u003eThus, doors, chests, and similar objects sized for enormous creatures may be beyond this spell\u0026#39;s ability to affect.\u003cbr /\u003eFocus: A brass key.\u003c/p\u003e","descriptors":"","divine_focus_component":"0","duration":"Instantaneous","effect":"","id":2846,"material_component":"0","meta_breath_component":"0","name":"Open/close","page":258,"rulebook":"Player's Handbook v.3.5","saving_throw":"Will negates (object)","school":"Transmutation","somatic_component":"1","spell_range":"Close (25 ft. + 5 ft./2 levels)","spell_resistance":"Yes (object)","subschool":"","target":"Object weighing up to 30 lb. or portal that can be opened or closed","true_name_component":"0","verbal_component":"1","xp_component":"0"}}