{"id":2852,"created":1449242807,"modified":1449242807,"data":{"arcane_focus_component":"0","area":"","casting_time":"1 standard action","corrupt_component":"0","description_html":"\u003cp\u003ePlant growth has different effects depending on the version chosen.\u003cbr /\u003eOvergrowth: This effect causes normal vegetation (grasses, briars, bushes, creepers, thistles, trees, vines) within long range (400 feet + 40 feet per caster level) to become thick and overgrown.\u003cbr /\u003eThe plants entwine to form a thicket or jungle that creatures must hack or force a way through.\u003cbr /\u003eSpeed drops to 5 feet, or 10 feet for Large or larger creatures.\u003cbr /\u003e(The DM may allow faster movement for very small or very large creatures).\u003cbr /\u003eThe area must have brush and trees in it for this spell to take effect.\u003cbr /\u003eAt your option, the area can be a 100-foot-radius circle, a 150-foot-radius semicircle, or a 200-foot-radius quarter circle.\u003cbr /\u003eYou may designate places within the area that are not affected.\u003cbr /\u003eEnrichment: This effect targets plants within a range of one-half mile, raising their potential productivity over the course of the next year to one-third above normal.\u003cbr /\u003ePlant growth counters diminish plants.\u003cbr /\u003eThis spell has no effect on plant creatures.\u003c/p\u003e","descriptors":"","divine_focus_component":"1","duration":"Instantaneous","effect":"","id":2852,"material_component":"0","meta_breath_component":"0","name":"Plant Growth","page":262,"rulebook":"Player's Handbook v.3.5","saving_throw":"None","school":"Transmutation","somatic_component":"1","spell_range":"See text","spell_resistance":"No","subschool":"","target":"See text","true_name_component":"0","verbal_component":"1","xp_component":"0"}}