{"id":286,"created":1449242753,"modified":1449242753,"data":{"arcane_focus_component":"0","area":null,"casting_time":"1 standard action","corrupt_component":"0","description_html":"\u003cp\u003eYou call up a ghostly fiddle bow in the air above the targeted creature.\u003cbr /\u003eThis bow immediately descends into the subject\u0026#39;s body and begins to saw back and forth against its skeleton.\u003cbr /\u003eAlthough the music produced is eerily beautiful, it causes intense pain and anguish to the victim.\u003cbr /\u003eIn each round of the duration, the victim takes 1d6 points of sonic damage and has a -20 penalty on all Move Silently checks; the sonic damage is considered to be continuous damage for the purposes of disrupting spellcasting.\u003cbr /\u003eAs a standard action, you can move the bonefiddle to another creature in range, but the new target gains a saving throw to resist the spell.\u003cbr /\u003eIf a target ever makes its saving throw, the bonefiddle vanishes and the spell ends.\u003cbr /\u003eThe spell\u0026#39;s effects continue even if the target moves so you no longer have line of sight or line of effect to it, but you cannot shift the bonefiddle to a new target unless you have\u003cbr /\u003eboth line of sight and line of effect to the current target and to the intended target.\u003cbr /\u003eMaterial Component: A miniature silver fiddle worth at least 30 gp.\u003c/p\u003e","descriptors":"","divine_focus_component":"0","duration":"Concentration, up to 1 round/level","effect":null,"id":286,"material_component":"1","meta_breath_component":"0","name":"Tvash-prull's Bonefiddle","page":null,"rulebook":"Champions of Ruin","saving_throw":"Fortitude negates","school":"Necromancy","somatic_component":"1","spell_range":"Close (25 ft. + 5 ft./2 levels)","spell_resistance":"Yes","subschool":"","target":"One creature that has a skeleton or exoskeleton","true_name_component":"0","verbal_component":"1","xp_component":"0"}}