{"id":2868,"created":1449242808,"modified":1449242808,"data":{"arcane_focus_component":"0","area":"","casting_time":"1 standard action","corrupt_component":"0","description_html":"\u003cp\u003eYou change the sounds that creatures or objects make.\u003cbr /\u003eYou can create sounds where none exist (such as making trees sing), deaden sounds (such as making a party of adventurers silent), or transform sounds into other sounds (such as making a caster\u0026#39;s voice sound like a pig snorting).\u003cbr /\u003eAll affected creatures or objects must be transmuted in the same way.\u003cbr /\u003eOnce the transmutation is made, you cannot change it.\u003cbr /\u003eYou can change the qualities of sounds but cannot create words with which you are unfamiliar yourself.\u003cbr /\u003eFor instance, you can\u0026#39;t change your voice so that it sounds as though you are giving the command word to activate a magic item unless you know that command word.\u003cbr /\u003eA spellcaster whose voice is changed dramatically (such as into that of the aforementioned snorting pig) is unable to cast spells with verbal components.\u003c/p\u003e","descriptors":"","divine_focus_component":"0","duration":"1 hour/level (D)","effect":"","id":2868,"material_component":"0","meta_breath_component":"0","name":"Sculpt Sound","page":275,"rulebook":"Player's Handbook v.3.5","saving_throw":"Will negates (object)","school":"Transmutation","somatic_component":"1","spell_range":"Close (25 ft. + 5 ft./2 levels)","spell_resistance":"Yes (object)","subschool":"","target":"One creature or object/level, no two of which can be more than 30 ft. apart","true_name_component":"0","verbal_component":"1","xp_component":"0"}}