{"id":2904,"created":1449242809,"modified":1449242809,"data":{"arcane_focus_component":"0","area":null,"casting_time":"1 standard action","corrupt_component":"0","description_html":"\u003cp\u003eA coruscating bolt rips through the air, humming with power as it strikes each targeted creature.\u003cbr /\u003eEach creature struck by this spell is affected as if by a targeted dispel magic, except that you can add your caster level to the dispel check, up to a maximum of 25.\u003cbr /\u003eMaterial Component: A pair of bronze nails, each no less than 6 inches in length.\u003c/p\u003e","descriptors":"","divine_focus_component":"1","duration":"Instantaneous","effect":null,"id":2904,"material_component":"1","meta_breath_component":"0","name":"Chain Dispel","page":null,"rulebook":"Player's Handbook II","saving_throw":"None","school":"Abjuration","somatic_component":"1","spell_range":"Close (25 ft. + 5 ft./2 levels)","spell_resistance":"No","subschool":"","target":"One or more creatures, no two of which are more than 30 ft. apart","true_name_component":"0","verbal_component":"1","xp_component":"0"}}