{"id":2909,"created":1449242809,"modified":1449242809,"data":{"arcane_focus_component":"0","area":null,"casting_time":"1 standard action","corrupt_component":"0","description_html":"\u003cp\u003eYour touch causes one spell to rip free of its source and dissipate into nothingness.\u003cbr /\u003eYou can use dispelling touch to end an ongoing spell that has been cast on a creature or object, or a spell that has a noticeable ongoing effect.\u003cbr /\u003eYou make a dispel check (1d20 + your caster level, maximum +10) against the spell effect with the highest caster level.\u003cbr /\u003eIf that check fails, you make dispel checks against progressively weaker spells until you dispel one spell or until you fail all your checks.\u003cbr /\u003eMagic items carried by a creature are not affected.\u003c/p\u003e","descriptors":"","divine_focus_component":"0","duration":"Instantaneous","effect":null,"id":2909,"material_component":"0","meta_breath_component":"0","name":"Dispelling Touch","page":null,"rulebook":"Player's Handbook II","saving_throw":"None","school":"Abjuration","somatic_component":"1","spell_range":"Touch","spell_resistance":"No","subschool":"","target":"One touched creature, object, or spell effect","true_name_component":"0","verbal_component":"1","xp_component":"0"}}