{"id":2911,"created":1449242809,"modified":1449242809,"data":{"arcane_focus_component":"0","area":null,"casting_time":"1 standard action","corrupt_component":"0","description_html":"\u003cp\u003eSilvery tendrils erupt from your outstretched arms and strike the creatures you choose.\u003cbr /\u003eA lingering silvery aura engulfs them thereafter.\u003cbr /\u003eEnergy vulnerability can affect a number of creatures with total Hit Dice equal to twice your caster level or lower.\u003cbr /\u003eYou select which creatures are affected.\u003cbr /\u003eWhen you cast this spell, specify an energy type (acid, cold, electricity, fire, or sonic).\u003cbr /\u003eThe affected creatures gain vulnerability to that energy type (they take +50% damage from that energy, even on a successful save).\u003cbr /\u003eArcane Material Component: A tiny wooden shield, which the caster snaps in half.\u003c/p\u003e","descriptors":"","divine_focus_component":"1","duration":"1 round/level","effect":null,"id":2911,"material_component":"1","meta_breath_component":"0","name":"Energy Vulnerability","page":null,"rulebook":"Player's Handbook II","saving_throw":"Will negates","school":"Abjuration","somatic_component":"1","spell_range":"Medium (100 ft. + 10 ft./level)","spell_resistance":"Yes","subschool":"","target":"One or more creatures within a 10-ft.-radius burst","true_name_component":"0","verbal_component":"1","xp_component":"0"}}