{"id":2929,"created":1449242809,"modified":1449242809,"data":{"arcane_focus_component":"0","area":"20-ft. radius spread, 20 ft. high","casting_time":"1 standard action","corrupt_component":"0","description_html":"\u003cp\u003eWith a gesture, you create a cloud of clammy, thin mist.\u003cbr /\u003eThe light in the area seems to dim as the mist appears, and a slight wind washes over the area, sending a chill down your spine.\u003cbr /\u003eThis spell creates a thin mist within the spell\u0026#39;s area.\u003cbr /\u003eThe mist is too thin to have any effect on vision, but the necromantic energy infused within it hampers the living.\u003cbr /\u003eAll living creatures within the mist become fatigued and take 1d6 points of cold damage per round.\u003cbr /\u003eIf the spell fails to overcome a creature\u0026#39;s spell resistance, the subject takes the cold damage but ignores the fatigue.\u003cbr /\u003eMaterial Component: A handful of dirt taken from a graveyard or tomb.\u003c/p\u003e","descriptors":"Cold","divine_focus_component":"0","duration":"1 round/level","effect":null,"id":2929,"material_component":"1","meta_breath_component":"0","name":"Kelgore's Grave Mist","page":null,"rulebook":"Player's Handbook II","saving_throw":"None","school":"Conjuration/Necromancy","somatic_component":"1","spell_range":"Medium (100 ft. + 10 ft./level)","spell_resistance":"See text","subschool":"","target":null,"true_name_component":"0","verbal_component":"1","xp_component":"0"}}