{"id":2931,"created":1449242809,"modified":1449242809,"data":{"arcane_focus_component":"1","area":"","casting_time":"1 Standard Action","corrupt_component":"0","description_html":"\u003cp\u003eThis spell functions like \u003ca href=\"/spells/players-handbook-ii--80/luminous-assassin-lesser--4363/\"\u003e\u003cem\u003eLesser Luminous Assassin\u003c/em\u003e\u003c/a\u003e, except that the assassin has the following statistics:  \u003ca href=\"/monsters/players-handbook-ii--80/luminous-assassin--23/\"\u003eGreater Luminous Assassin\u003c/a\u003e.\u003c/p\u003e","descriptors":"","divine_focus_component":"0","duration":"1 round/level","effect":"One summoned assassin","id":2931,"material_component":"0","meta_breath_component":"0","name":"Luminous Assassin, Greater","page":null,"rulebook":"Player's Handbook II","saving_throw":"None","school":"Conjuration","somatic_component":"1","spell_range":"Medium (100 ft. + 10 ft./level)","spell_resistance":"No","subschool":"Summoning","target":"","true_name_component":"0","verbal_component":"1","xp_component":"0"}}