{"id":294,"created":1449242754,"modified":1449242754,"data":{"arcane_focus_component":"0","area":null,"casting_time":"1 swift action","corrupt_component":"0","description_html":"\u003cp\u003eThis spell is cast upon a masterwork arrow or bolt, transforming it into a glowing missile that destabilizes other forms of magic.\u003cbr /\u003eIn addition to dealing normal damage, a spellslayer arrow deals an extra 1d4 points of damage for each ongoing spell currently in effect on the target.\u003cbr /\u003eFor example, an arrow would deal an extra 3d4 points of damage to a creature under the effects of bull\u0026#39;s strength,\u003cbr /\u003ehaste, and mage armor.\u003cbr /\u003eThe arrow or bolt must be fired during the same round the spell is cast, or the magic dissipates and is lost.\u003cbr /\u003eThe projectile is destroyed even if it misses its target.\u003cbr /\u003eMaterial Component:Masterwork arrow or bolt.\u003c/p\u003e","descriptors":"","divine_focus_component":"0","duration":"Instantaneous","effect":null,"id":294,"material_component":"1","meta_breath_component":"0","name":"Spellslayer Arrow","page":null,"rulebook":"Champions of Ruin","saving_throw":"None","school":"Transmutation","somatic_component":"1","spell_range":"Touch","spell_resistance":"Yes","subschool":"","target":"One masterwork arrow or bolt","true_name_component":"0","verbal_component":"1","xp_component":"0"}}