{"id":2941,"created":1449242809,"modified":1449242809,"data":{"arcane_focus_component":"0","area":null,"casting_time":"1 swift action","corrupt_component":"0","description_html":"\u003cp\u003eYour vision blurs for a moment.\u003cbr /\u003eWhen it clears, you can see through your enemies\u0026#39; skin to spot their arteries, organs, and other vulnerable points.\u003cbr /\u003eYour slice into a foe with uncanny precision, allowing you to strike a foe\u0026#39;s vulnerable points and deal extra damage.\u003cbr /\u003eThis spell grants you the sneak attack ability.\u003cbr /\u003eYou deal an extra 1d6 points of damage per three caster levels.\u003cbr /\u003eIf you already have the sneak attack ability, this damage stacks with it.\u003c/p\u003e","descriptors":"","divine_focus_component":"0","duration":"1 round","effect":null,"id":2941,"material_component":"0","meta_breath_component":"0","name":"Hunter's Eye","page":null,"rulebook":"Player's Handbook II","saving_throw":null,"school":"Divination","somatic_component":"1","spell_range":"Personal","spell_resistance":null,"subschool":"","target":"You","true_name_component":"0","verbal_component":"1","xp_component":"0"}}