{"id":2957,"created":1449242810,"modified":1449242810,"data":{"arcane_focus_component":"0","area":null,"casting_time":"1 standard action","corrupt_component":"0","description_html":"\u003cp\u003eYou thrust one arm forward toward your foe, palm open and fingers splayed.\u003cbr /\u003eThe creature reels as an invisible surge of power invades its mind.\u003cbr /\u003eYou launch a magical assault that wears at the target\u0026#39;s mind, dealing 1d6 points of nonlethal damage if it fails its saving throw.\u003cbr /\u003eFor every two caster levels beyond 1st, you deal an extra 1d6 points of nonlethal damage to the subject, to a maximum of 5d6 at 9th level.\u003c/p\u003e","descriptors":"Mind-Affecting","divine_focus_component":"0","duration":"Instantaneous","effect":null,"id":2957,"material_component":"0","meta_breath_component":"0","name":"Whelm","page":null,"rulebook":"Player's Handbook II","saving_throw":"Will negates","school":"Enchantment","somatic_component":"1","spell_range":"Close (25 ft. + 5 ft./2 levels)","spell_resistance":"Yes","subschool":"Compulsion","target":"One living creature","true_name_component":"0","verbal_component":"1","xp_component":"0"}}