{"id":2964,"created":1449242810,"modified":1449242810,"data":{"arcane_focus_component":"1","area":null,"casting_time":"1 standard action","corrupt_component":"0","description_html":"\u003cp\u003eA spectral human hand springs into existence.\u003cbr /\u003eIt pushes into the target, forcing him back as he attempts to move.\u003cbr /\u003eThis spell creates a hand of pure force that hinders the subject\u0026#39;s ability to move.\u003cbr /\u003eYou designate a target when casting this spell.\u003cbr /\u003eYou can change the spell\u0026#39;s target by taking a move action to do so.\u003cbr /\u003eThis spell has no effect on Huge or larger creatures.\u003cbr /\u003eIf the target of the spell attempts to move, it must make a Strength check (DC 12 + your key ability modifier).\u003cbr /\u003eIf this check fails, the creature moves at half speed.\u003cbr /\u003eThe target must make a new check each round to overcome the hand\u0026#39;s hindering force.\u003cbr /\u003eThe hand is about 1 foot long.\u003cbr /\u003eIt has hit points equal to half your full normal hit points, and its AC is 20 (+4 size, +6 natural).\u003cbr /\u003eIt makes saving throws using your total save bonuses and takes damage from spells and attacks as normal.\u003cbr /\u003eFocus: A soft glove.\u003c/p\u003e","descriptors":"Force","divine_focus_component":"0","duration":"1 round/level (D)","effect":"One hand of force","id":2964,"material_component":"0","meta_breath_component":"0","name":"Bigby's Warding Hand","page":null,"rulebook":"Player's Handbook II","saving_throw":"None","school":"Evocation","somatic_component":"1","spell_range":"Medium (100 ft. + 10 ft./level)","spell_resistance":"Yes","subschool":"","target":null,"true_name_component":"0","verbal_component":"1","xp_component":"0"}}