{"id":2971,"created":1449242810,"modified":1449242810,"data":{"arcane_focus_component":"0","area":null,"casting_time":"1 swift action","corrupt_component":"0","description_html":"\u003cp\u003eA spectral weapon composed of pure force energy springs into existence next to you.\u003cbr /\u003eEach time a foe strikes you, the weapon springs into action, chopping into your foe and dealing a grievous wound.\u003cbr /\u003eThis spell creates a divine weapon that mimics your deity\u0026#39;s favored weapon.\u003cbr /\u003eAny time you are struck for damage by a melee attack, this weapon strikes at your foe.\u003cbr /\u003eIt has a base attack bonus equal to your caster level + your Str modifier or Wis modifier (your choice).\u003cbr /\u003eIt deals damage as per your deity\u0026#39;s favored weapon, and is of a size equal to your current size.\u003cbr /\u003eThe weapon gains a bonus on damage rolls equal to 1-1/2 times your Str modifier or Wis modifier (your choice).\u003cbr /\u003eThere is no limit to the number of attacks that this weapon can make.\u003cbr /\u003eIf a hydra bites at and hits you six times, this weapon in turn strikes at the hydra six times.\u003cbr /\u003eThe weapon has reach or range appropriate to its type.\u003cbr /\u003eIt shares a space with you.\u003cbr /\u003eIf you are Large or larger, it counts as occupying each square of the space you fill.\u003c/p\u003e","descriptors":"Force","divine_focus_component":"1","duration":"1 round","effect":"Magic weapon of force","id":2971,"material_component":"0","meta_breath_component":"0","name":"Divine Retaliation","page":null,"rulebook":"Player's Handbook II","saving_throw":"None","school":"Evocation","somatic_component":"1","spell_range":"0 ft.","spell_resistance":"No","subschool":"","target":null,"true_name_component":"0","verbal_component":"1","xp_component":"0"}}