{"id":2977,"created":1449242810,"modified":1449242810,"data":{"arcane_focus_component":"0","area":null,"casting_time":"1 standard action","corrupt_component":"0","description_html":"\u003cp\u003eA ray of pulsing yellow light springs from your hand.\u003cbr /\u003eIt strikes your target and wraps around him like a snake, hampering his ability to move and attack.\u003cbr /\u003eThis spell creates a ropey strand of arcane energy that restricts a creature\u0026#39;s movements.\u003cbr /\u003eA creature struck by this ray can only make one attack per round and cannot make attacks of opportunity.\u003cbr /\u003eIn addition, the creature\u0026#39;s speed is reduced by 10 feet.\u003cbr /\u003eAfter the spell has been in effect for 1 round, at the start of its turn in each round thereafter, the subject is allowed a Reflex save to resist the spell\u0026#39;s effects.\u003cbr /\u003eIf the save succeeds, the creature ignores the spell\u0026#39;s effects for that round.\u003cbr /\u003eIt must make a new save each round, regardless of the result of a previous save.\u003c/p\u003e","descriptors":"","divine_focus_component":"0","duration":"1 minute","effect":null,"id":2977,"material_component":"0","meta_breath_component":"0","name":"Ray of the Python","page":null,"rulebook":"Player's Handbook II","saving_throw":"Reflex negates; see below","school":"Evocation","somatic_component":"1","spell_range":"Close (25 ft. + 5 ft./2 levels)","spell_resistance":"Yes","subschool":"","target":"One creature","true_name_component":"0","verbal_component":"1","xp_component":"0"}}