{"id":2983,"created":1449242810,"modified":1449242810,"data":{"arcane_focus_component":"1","area":null,"casting_time":"1 standard action","corrupt_component":"0","description_html":"\u003cp\u003eYou point at the target of this spell.\u003cbr /\u003eThe colors of your clothing, skin, and hair shine for a brief moment before they surge away from you, forming a multicolored ray that strikes your target.\u003cbr /\u003eYou disappear as the colors of your body and items leap from you into the beam.\u003cbr /\u003eThe target clutches his eyes and staggers.\u003cbr /\u003eYou strip the color from your body and gear, turn it into a lance of energy, and hurl it at a target.\u003cbr /\u003eWhen you cast this spell, you target a creature with the colors stripped from your form.\u003cbr /\u003eThe target must make a Will save or be blinded for 1 round.\u003cbr /\u003eYou also gain the benefit of invisibility, for the duration of this spell, even if the target creature succeeds on its save or if its spell resistance protects it.\u003cbr /\u003eFocus: A small prism.\u003c/p\u003e","descriptors":"","divine_focus_component":"0","duration":"1 round/level","effect":null,"id":2983,"material_component":"0","meta_breath_component":"0","name":"Blinding Color Surge","page":null,"rulebook":"Player's Handbook II","saving_throw":"Will negates","school":"Illusion","somatic_component":"1","spell_range":"Medium (100 ft. + 10 ft./level)","spell_resistance":"Yes","subschool":"Glamer","target":"You and one creature","true_name_component":"0","verbal_component":"1","xp_component":"0"}}