{"id":299,"created":1449242754,"modified":1449242754,"data":{"arcane_focus_component":"0","area":null,"casting_time":"1 immediate action","corrupt_component":"0","description_html":"\u003cp\u003eThis spell functions like dispel magic, except as noted above and that it only works against effects that create an area of silence (silence, Khelben\u0026#39;s suspended silence, and so on).\u003cbr /\u003eWhile you have this spell prepared, you gain a +2 competence bonus on Listen checks.\u003c/p\u003e","descriptors":"","divine_focus_component":"1","duration":null,"effect":null,"id":299,"material_component":"0","meta_breath_component":"0","name":"Dispel Silence","page":null,"rulebook":"Champions of Valor","saving_throw":null,"school":"Abjuration","somatic_component":"1","spell_range":null,"spell_resistance":null,"subschool":"","target":"One silence effect","true_name_component":"0","verbal_component":"0","xp_component":"0"}}