{"id":2994,"created":1449242811,"modified":1449242811,"data":{"arcane_focus_component":"0","area":null,"casting_time":"1 standard action","corrupt_component":"0","description_html":"\u003cp\u003eYou call upon your deity to mark your foes as enemies of the faith.\u003cbr /\u003eDivine energy surges through the area, and for a brief moment a holy symbol of your deity shines from the forehead of each targeted creature.\u003cbr /\u003eYou and your allies see the mark of judgment on a creature and know to strike it in preference over other unmarked targets.\u003cbr /\u003eWhenever a creature succeeds on a melee or ranged attack against any subject of a mark of judgment spell, that attacker heals 2 points of damage.\u003cbr /\u003eThe targets of this spell must have an alignment that opposes yours on at least one axis\u0026#8212;evil if you are good, lawful if you are chaotic, and so on.\u003cbr /\u003eFor example, a lawful good cleric can place a mark of judgment upon a chaotic good, chaotic neutral, lawful evil, neutral evil, or chaotic evil opponent.\u003cbr /\u003eA neutral caster can use this spell against any good, evil, lawful, or chaotic foe.\u003c/p\u003e","descriptors":"","divine_focus_component":"1","duration":"1 round/level","effect":null,"id":2994,"material_component":"0","meta_breath_component":"0","name":"Mark of Judgment","page":null,"rulebook":"Player's Handbook II","saving_throw":"Will negates","school":"Necromancy","somatic_component":"1","spell_range":"Medium (100 ft. + 10 ft./level)","spell_resistance":"Yes","subschool":"","target":"One creature/3 levels, no two of which are more than 30 ft. apart","true_name_component":"0","verbal_component":"1","xp_component":"0"}}