{"id":2998,"created":1449242811,"modified":1449242811,"data":{"arcane_focus_component":"0","area":null,"casting_time":null,"corrupt_component":"0","description_html":"\u003cp\u003eThis spell functions like animalistic power, except that it affects multiple creature.\u003c/p\u003e","descriptors":"","divine_focus_component":"0","duration":null,"effect":null,"id":2998,"material_component":"0","meta_breath_component":"0","name":"Animalistic Power, Mass","page":null,"rulebook":"Player's Handbook II","saving_throw":null,"school":"Transmutation","somatic_component":"0","spell_range":"Close (25 ft. + 5 ft./2 levels)","spell_resistance":null,"subschool":"","target":"One creature/level, no two of which are more than 30 ft. apart","true_name_component":"0","verbal_component":"0","xp_component":"0"}}