{"id":3,"created":1449242747,"modified":1449242747,"data":{"arcane_focus_component":"0","area":"","casting_time":"1 round","corrupt_component":"0","description_html":"\u003cp\u003eLike the \u003ca href=\"/spells/book-of-exalted-deeds--52/ease-pain--26/\"\u003e\u003cem\u003eease pain\u003c/em\u003e\u003c/a\u003e spell, empyreal ecstasy immediately removes any lingering effects of pain, including penalties imposed by symbol of pain, angry ache, and similar spells. It neither prevents damage nor blocks other effects not directly related to pain (such as the recall agony or recall pain psionic power).\u003cbr /\u003eThe spell also induces a pleasurable fuguelike state that yields a number of additional effects:\u003c/p\u003e\u003c/b\u003e\u003c/b\u003e\u003cp\u003eFirst, empyreal ecstasy renders its targets immune to mind-affecting spells and effects for the spell\u0026#39;s duration, but does not negate mind-influencing effects already in place.\u003c/p\u003e\u003c/b\u003e\u003c/b\u003e\u003cp\u003eSecond, targets of the spell take only half damage from all melee and ranged attacks for the duration of the spell.\u003c/p\u003e\u003c/b\u003e\u003c/b\u003e\u003cp\u003eThird, the fuguelike state induced by the spell makes it difficult for targets to concentrate on certain tasks.\u003cbr /\u003eCreatures in ecstasy take a -4 penalty on all skill checks, and casting a spell while under the influence of \u003cem\u003eempyreal ecstasy\u003c/em\u003e requires a DC 15 Concentration check.\u003c/p\u003e","descriptors":"","divine_focus_component":"1","duration":"1 minute/level (D)","effect":"","id":3,"material_component":"0","meta_breath_component":"0","name":"Empyreal Ecstasy","page":98,"rulebook":"Book of Exalted Deeds","saving_throw":"Will negates","school":"Abjuration","somatic_component":"1","spell_range":"30 ft.","spell_resistance":"Yes","subschool":"","target":"One creature/level","true_name_component":"0","verbal_component":"1","xp_component":"0"}}