{"id":3018,"created":1449242811,"modified":1449242811,"data":{"arcane_focus_component":"0","area":null,"casting_time":"1 minute","corrupt_component":"0","description_html":"\u003cp\u003eRibbons of green and black energy engulf your hand and pass into the vial or creature you touch.\u003cbr /\u003eYou make the poison in a vial or a creature more lethal.\u003cbr /\u003eThe DCs for all saving throws against the poison increase by 2.\u003cbr /\u003eMaterial Component: Licorice root.\u003c/p\u003e","descriptors":"","divine_focus_component":"0","duration":"1 minute/level","effect":null,"id":3018,"material_component":"1","meta_breath_component":"0","name":"Increase Virulence","page":null,"rulebook":"Player's Handbook II","saving_throw":"None","school":"Transmutation","somatic_component":"1","spell_range":"Touch","spell_resistance":"No","subschool":"","target":"Vial of poison or creature touched","true_name_component":"0","verbal_component":"1","xp_component":"0"}}