{"id":3036,"created":1449242812,"modified":1449242812,"data":{"arcane_focus_component":"0","area":"10 miles/level radius circle, centered on you","casting_time":"1 round","corrupt_component":"0","description_html":"\u003cp\u003eYou sense the distance and direction to the nearest community of a minimum size designated by you at the time of casting.\u003cbr /\u003eFor instance, you could choose to find the nearest community at least as large as a village, or you could choose to locate only the nearest metropolis.\u003cbr /\u003eThis spell measures the distance to the \u0026quot;nearest\u0026quot;\u003cbr /\u003ecommunity as the minimum distance one would have to travel to reach the city without moving through solid objects.\u003cbr /\u003eThus, a caster on the surface isn\u0026#39;t likely to locate a subterranean city half a mile beneath his feet, even if the next closest community is 5 miles away overland.\u003c/p\u003e","descriptors":"","divine_focus_component":"0","duration":"Instantaneous","effect":null,"id":3036,"material_component":"0","meta_breath_component":"0","name":"Locate City","page":null,"rulebook":"Races of Destiny","saving_throw":null,"school":"Divination","somatic_component":"0","spell_range":"10 miles/level","spell_resistance":null,"subschool":"","target":null,"true_name_component":"0","verbal_component":"1","xp_component":"0"}}