{"id":3037,"created":1449242812,"modified":1449242812,"data":{"arcane_focus_component":"1","area":"","casting_time":"1 round","corrupt_component":"0","description_html":"\u003cp\u003eA brief supplication grants you a vision that hints at how dangerous the immediate future is likely to be.\u003cbr /\u003eBased on an assessment of the caster\u0026#39;s immediate surroundings and likely path of travel, the caster receives one of three visions: safety, peril, or great danger.\u003c/p\u003e\u003c/b\u003e\u003c/b\u003e\u003cp\u003eThe base chance for receiving an accurate reply is 70% + 1% per caster level, to a maximum of 90%; the DM makes the roll secretly.\u003c/p\u003e\u003c/b\u003e\u003c/b\u003e\u003cp\u003eIf the omen of peril is successful, you receive one of three fleeting visions:\u003c/b\u003e\u003cul\u003e\u003c/b\u003e\u003cli\u003eSafety: The caster isn\u0026#39;t in any immediate danger. If he continues on his present course (or remains where he is if he\u0026#39;s been stationary for some time before casting the spell), he\u0026#39;ll face no significant monsters, traps, or challenges for the next hour or so.\u003c/li\u003e\u003c/b\u003e\u003cli\u003ePeril: The caster will face challenges typical of an adventure: challenging but not overwhelming monsters, dangerous traps, and other hazards for the next hour or so.\u003c/li\u003e\u003c/b\u003e\u003cli\u003eGreat danger: The caster\u0026#39;s very life is at grave risk.\u003c/li\u003e\u003c/b\u003e\u003c/ul\u003e\u003cbr /\u003eHe will likely face powerful NPCs or deadly traps in the next hour.\u003cbr /\u003eIf the roll fails, you receive one of the other two results, determined randomly by the DM, and you don\u0026#39;t necessarily know you failed because the DM rolls secretly.\u003cbr /\u003eChoosing which vision is \u0026quot;correct\u0026quot; takes some educated guesswork on the part of the DM, who should assess the party\u0026#39;s likely courses of action and what dangers they\u0026#39;re likely to face.\u003cbr /\u003eThe form that an omen of peril takes depends on whether the caster worships a specific deity, venerates nature as a druid, or simply upholds abstract principles.\u003cbr /\u003eA druid might see a white dove for safety, a dark cloud obscuring the sun for peril, and a forest fire for great danger.\u003cbr /\u003eA cleric of Fharlanghn might see a vision of a straight road for safety, a crossroads for peril, and a washed-out bridge for great danger.\u003cbr /\u003eUnlike the more powerful augury, an omen of peril doesn\u0026#39;t respond to a specific question.\u003cbr /\u003eIt only indicates the level of danger likely for the next hour, not what form the danger will take.\u003cbr /\u003eFocus: A set of marked sticks, bones, or similar tokens of at least 25 gp value.\u003c/p\u003e","descriptors":"","divine_focus_component":"0","duration":"Instantaneous","effect":"","id":3037,"material_component":"0","meta_breath_component":"0","name":"Omen of Peril","page":null,"rulebook":"Races of Destiny","saving_throw":"","school":"Divination","somatic_component":"0","spell_range":"Personal","spell_resistance":"","subschool":"","target":"You","true_name_component":"0","verbal_component":"1","xp_component":"0"}}