{"id":3088,"created":1449242813,"modified":1449242813,"data":{"arcane_focus_component":"0","area":null,"casting_time":"1 standard action","corrupt_component":"0","description_html":"\u003cp\u003eYou speak a word to make your target ungainly and awkward.\u003cbr /\u003eYou utter a single word of power that instantly causes one creature of your choice to become clumsier, dealing 2 points of damage to its Dexterity, whether the creature can hear the word or not.\u003cbr /\u003eThe specific effect and duration of the spell depend on the target\u0026#39;s current hit point total, as shown below.\u003cbr /\u003eAny creature that currently has 75 or more hit points is unaffected by power word maladroit.\u003c/p\u003e","descriptors":"Mind-Affecting","divine_focus_component":"0","duration":"See text","effect":null,"id":3088,"material_component":"0","meta_breath_component":"0","name":"Power Word Maladroit","page":null,"rulebook":"Races of the Dragon","saving_throw":"None","school":"Enchantment","somatic_component":"0","spell_range":"Close (25 ft. + 5 ft./2 levels)","spell_resistance":"Yes","subschool":"Compulsion","target":"One living creature with 75 hp or less","true_name_component":"0","verbal_component":"1","xp_component":"0"}}