{"id":3090,"created":1449242813,"modified":1449242813,"data":{"arcane_focus_component":"0","area":"","casting_time":"1 standard action","corrupt_component":"0","description_html":"\u003cp\u003eA word you speak causes continuing pain to your target.\u003c/p\u003e\u003c/b\u003e\u003c/b\u003e\u003cp\u003eYou utter a single word of power that instantly deals 1d6 points of damage to one creature of your choice, and another 1d6 points in every round thereafter for as long as the spell lasts. The duration of the spell depends on the target\u0026#39;s current hit point total, as shown below. Any creature that currently has 101 or more hit points is unaffected by \u003cem\u003epower word pain\u003c/em\u003e.\u003c/p\u003e\u003c/b\u003e\u003c/b\u003e\u003ctable\u003e\u003c/b\u003e\u003ctr\u003e\u003c/b\u003e\u003cth\u003eHit Points \u003c/th\u003e\u003c/b\u003e\u003cth\u003eDuration \u003c/th\u003e\u003c/b\u003e\u003c/tr\u003e\u003c/b\u003e\u003ctr\u003e\u003c/b\u003e\u003ctd\u003e 50 or less \u003c/td\u003e\u003c/b\u003e\u003ctd\u003e 4d4 rounds \u003c/td\u003e\u003c/b\u003e\u003c/tr\u003e\u003c/b\u003e\u003ctr\u003e\u003c/b\u003e\u003ctd\u003e 51-75 \u003c/td\u003e\u003c/b\u003e\u003ctd\u003e 2d4 rounds \u003c/td\u003e\u003c/b\u003e\u003c/tr\u003e\u003c/b\u003e\u003ctr\u003e\u003c/b\u003e\u003ctd\u003e 76-100 \u003c/td\u003e\u003c/b\u003e\u003ctd\u003e 1d4 rounds \u003c/td\u003e\u003c/b\u003e\u003c/tr\u003e\u003c/b\u003e\u003c/table\u003e","descriptors":"Mind-Affecting","divine_focus_component":"0","duration":"See text","effect":"","id":3090,"material_component":"0","meta_breath_component":"0","name":"Power Word Pain","page":null,"rulebook":"Races of the Dragon","saving_throw":"None","school":"Enchantment","somatic_component":"0","spell_range":"Close (25 ft. + 5 ft./2 levels)","spell_resistance":"Yes","subschool":"Compulsion","target":"One living creature with 100 hp or less","true_name_component":"0","verbal_component":"1","xp_component":"0"}}