{"id":3110,"created":1449242813,"modified":1449242813,"data":{"arcane_focus_component":"0","area":null,"casting_time":"1 round","corrupt_component":"0","description_html":"\u003cp\u003eThis spell summons a particularly powerful roc.\u003cbr /\u003eIt appears where you designate (assuming the space is large enough to hold a Gargantuan creature) and acts immediately, on your turn.\u003cbr /\u003eYou may command the roc telepathically as a free action, allowing you to direct its actions as you desire.\u003cbr /\u003eThe roc has normal statistics for a creature of its kind (see page 215 of the Monster Manual), with the addition of a +5 enhancement bonus on its attack rolls, damage rolls, and saving throws.\u003cbr /\u003eIts natural weapons are treated as magic weapons for the purpose of overcoming damage reduction.\u003c/p\u003e","descriptors":"","divine_focus_component":"1","duration":"1 hour/level (D)","effect":"One summoned roc","id":3110,"material_component":"0","meta_breath_component":"0","name":"Summon Devoted Roc","page":null,"rulebook":"Races of the Wild","saving_throw":"None","school":"Conjuration","somatic_component":"1","spell_range":"Close (25 ft. + 5 ft./2 levels)","spell_resistance":"No","subschool":"Summoning","target":null,"true_name_component":"0","verbal_component":"1","xp_component":"0"}}