{"id":3125,"created":1449242814,"modified":1449242814,"data":{"arcane_focus_component":"0","area":null,"casting_time":"1 standard action","corrupt_component":"0","description_html":"\u003cp\u003eThe warded creature gains temporary immunity to dehydration of any kind.\u003cbr /\u003eWhile protected by the spell, the subject cannot become dehydrated even if it takes dessication damage.\u003cbr /\u003eOnce the spell has prevented a total of 10 points of damage from dehydration per caster level (maximum 100 points), whether that damage is dessication damage or nonlethal damage, it is discharged.\u003c/p\u003e","descriptors":"","divine_focus_component":"1","duration":"10 min./level or until discharged","effect":null,"id":3125,"material_component":"0","meta_breath_component":"0","name":"Protection from Dessication","page":null,"rulebook":"Sandstorm","saving_throw":"Fortitude negates (harmless)","school":"Abjuration","somatic_component":"1","spell_range":"Touch","spell_resistance":"Yes (harmless)","subschool":"","target":"Living creature touched","true_name_component":"0","verbal_component":"1","xp_component":"0"}}