{"id":3137,"created":1449242814,"modified":1449242814,"data":{"arcane_focus_component":"0","area":null,"casting_time":"1 round","corrupt_component":"0","description_html":"\u003cp\u003eThis spell summons a dustform creature (see page 161).\u003cbr /\u003eIt appears where you designate and acts immediately on your turn.\u003cbr /\u003eIt attacks your opponents to the best of its ability.\u003cbr /\u003eIf you can communicate with the creature, you can direct it not to attack, to attack particular enemies, or to perform other actions.\u003cbr /\u003eA summoned creature cannot summon or otherwise conjure another creature, nor can it use any teleportation or planar travel abilities.\u003cbr /\u003eCreatures cannot be summoned into an environment that cannot support them.\u003cbr /\u003eThis spell conjures one of the creatures from the 1st-level list on the accompanying Summon Desert Ally table.\u003cbr /\u003eYou choose which kind of creature to summon, and you can change that choice each time you cast the spell.\u003cbr /\u003eAll the creatures on the table are neutral unless otherwise noted.\u003c/p\u003e","descriptors":"Summoning","divine_focus_component":"1","duration":"1 round/level (D)","effect":"One summoned creature","id":3137,"material_component":"0","meta_breath_component":"0","name":"Summon Desert Ally I","page":null,"rulebook":"Sandstorm","saving_throw":"None","school":"Conjuration","somatic_component":"1","spell_range":"Close (25 ft. + 5 ft./2 levels)","spell_resistance":"No","subschool":"","target":null,"true_name_component":"0","verbal_component":"1","xp_component":"0"}}