{"id":3143,"created":1449242814,"modified":1449242814,"data":{"arcane_focus_component":"0","area":null,"casting_time":null,"corrupt_component":"0","description_html":"\u003cp\u003eThis spell functions like summon desert ally I, except that you can summon one 7th-level creature, 1d3 6th-level creatures of the same kind, or 1d4+1 lower-level creatures of the same kind.\u003c/p\u003e","descriptors":"Summoning","divine_focus_component":"0","duration":null,"effect":"One or more creatures, no two of which can be more than 30 ft. apart","id":3143,"material_component":"0","meta_breath_component":"0","name":"Summon Desert Ally Vii","page":null,"rulebook":"Sandstorm","saving_throw":null,"school":"Conjuration","somatic_component":"0","spell_range":null,"spell_resistance":null,"subschool":"","target":null,"true_name_component":"0","verbal_component":"0","xp_component":"0"}}