{"id":3146,"created":1449242814,"modified":1449242814,"data":{"arcane_focus_component":"0","area":null,"casting_time":"1 standard action","corrupt_component":"0","description_html":"\u003cp\u003eThis spell creates a wall of thick magma that glows with a dull red heat.\u003cbr /\u003eIt merges into adjoining rock surfaces, melting the rock at the point of connection to form a smooth bond.\u003cbr /\u003eThe wall can seal off a passage or breach, but the intense heat causes flammable materials in contact with the wall of magma to catch fire instantly.\u003cbr /\u003eA wall of magma is 1 inch thick per four caster levels.\u003cbr /\u003eYou can double the wall\u0026#39;s area by halving its thickness.\u003cbr /\u003eThe wall cannot be conjured so that it occupies the same space as a creature or another object.\u003cbr /\u003eYou can shape a wall of magma into sheets and curves, but the molten wall cannot form domes or unsupported horizontal surfaces more than 5 feet across.\u003cbr /\u003eThe wall need not be vertical but must rest upon a firm foundation; it must merge with and be solidly supported by existing stone.\u003cbr /\u003eThe wall cannot hold complex forms such as crenellations.\u003cbr /\u003eIt is possible (though difficult) to form the wall into a ring to enclose creatures, but they can avoid this with successful Reflex saves.\u003cbr /\u003eThe wall sends forth waves of heat, dealing 2d6 points of fire damage to creatures within 10 feet and 1d6 points of fire damage to those past 10 feet but within 20 feet.\u003cbr /\u003eUnlike a wall of fire, both sides of a wall of magma radiate heat.\u003cbr /\u003eSince it is molten, the wall cannot be broken as such, but an object or creature could force its way through.\u003cbr /\u003eIt costs 4 squares of movement to move through a square containing a wall of magma, but creatures of the earth subtype can pass through the wall at normal speed.\u003cbr /\u003eA wall of magma deals 5d6 points of fire damage +1 point of fire damage per caster level (maximum +20) to creatures passing through it, the same amount each round to any creature within it, and 2d6 points of fire damage per round for 1d3 rounds after a creature leaves the area of the wall.\u003cbr /\u003eIt deals double damage to undead and creatures with the water subtype.\u003cbr /\u003eThe wall can be destroyed normally by a disintegrate spell.\u003cbr /\u003eIf any 5-foot section of the wall takes 40 points of cold damage or more in a round, that section hardens into normal stone (hardness 8, 15 hit points per inch of thickness), which can then be chipped or broken as normal (DC 20 Strength check, +2 per inch of thickness).\u003cbr /\u003eDo not divide cold damage by four, as normal for objects.\u003cbr /\u003eCasting create water on the surface of a wall of magma creates a cloud of steamy fog that fills a cube with the dimensions of the length of wall affected.\u003cbr /\u003eThe fog dissipates after 10 minutes.\u003cbr /\u003eOnly the surface of the stone hardens; the wall is not cooled completely.\u003cbr /\u003eWall of magma can be made permanent with a permanency spell.\u003cbr /\u003eA permanent wall of magma that is chilled by cold damage stays solid for 10 minutes, then returns to its molten state.\u003cbr /\u003eArcane Material Component: A small piece of pumice, obsidian, or other volcanic rock.\u003c/p\u003e","descriptors":"Earth, Fire","divine_focus_component":"1","duration":"1 min./level","effect":"Wall of molten stone whose area is up to one 5-ft. square/level (S)","id":3146,"material_component":"1","meta_breath_component":"0","name":"Wall of Magma","page":null,"rulebook":"Sandstorm","saving_throw":"See text","school":"Conjuration","somatic_component":"1","spell_range":"Medium (100 ft. + 10 ft./level)","spell_resistance":"Yes","subschool":"Creation","target":null,"true_name_component":"0","verbal_component":"1","xp_component":"0"}}