{"id":3154,"created":1449242814,"modified":1449242814,"data":{"arcane_focus_component":"0","area":null,"casting_time":"1 standard action","corrupt_component":"0","description_html":"\u003cp\u003eThis spell fills the subject with a terrible sense of thirst.\u003cbr /\u003eDesperate and unable to focus on any other goal, it must drink as deeply as it can.\u003cbr /\u003eThe affected creature runs to the nearest body of water in sight, grabs and empties the closest container of water or liquor (even those carried by allies), or runs toward the nearest known source of water.\u003cbr /\u003eNo matter how much the subject drinks, the sensation of thirst is not quenched.\u003cbr /\u003eIf denied the opportunity to quench its thirst, an affected creature flies into a rage similar to the barbarian class feature (see page 25 of the Player\u0026#39;s Handbook).\u003cbr /\u003eThe subject attacks friend and foe alike in its quest to find water, though not necessarily with lethal force.\u003c/p\u003e","descriptors":"Mind-Affecting","divine_focus_component":"0","duration":"1 round/level","effect":null,"id":3154,"material_component":"0","meta_breath_component":"0","name":"Tormenting Thirst","page":null,"rulebook":"Sandstorm","saving_throw":"Will negates","school":"Enchantment","somatic_component":"1","spell_range":"Close (25 ft. + 5 ft./2 levels)","spell_resistance":"Yes","subschool":"Compulsion","target":"One living creature","true_name_component":"0","verbal_component":"1","xp_component":"0"}}