{"id":3164,"created":1449242814,"modified":1449242814,"data":{"arcane_focus_component":"0","area":"","casting_time":"1 standard action","corrupt_component":"0","description_html":"\u003cp\u003eYou evaporate moisture from the body of a living creature, dealing it 1d6 points of dessication damage per two caster\u003cbr /\u003elevels (maximum 5d6) and making it dehydrated (see page 15).\u003cbr /\u003eA successful Fortitude save results in half damage and negates the dehydration.\u003cbr /\u003eA plant or elemental of the water subtype takes 1d8 points of damage per caster level (maximum 10d8).\u003cbr /\u003eAn elemental of the earth subtype takes only 1d4 points of damage per two caster levels (maximum 5d4).\u003cbr /\u003eMaterial Component: A pinch of dust.\u003c/p\u003e","descriptors":"","divine_focus_component":"0","duration":"Instantaneous","effect":"","id":3164,"material_component":"1","meta_breath_component":"0","name":"Dessicate","page":null,"rulebook":"Sandstorm","saving_throw":"Fortitude partial","school":"Necromancy","somatic_component":"1","spell_range":"Close (25 ft. + 5 ft./2 levels)","spell_resistance":"Yes","subschool":"","target":"One living creature","true_name_component":"0","verbal_component":"1","xp_component":"0"}}