{"id":3166,"created":1449242814,"modified":1449242814,"data":{"arcane_focus_component":"0","area":null,"casting_time":"1 standard action","corrupt_component":"0","description_html":"\u003cp\u003eYou flash-dry a creature, killing it and preserving it in an instantaneous mummification process.\u003cbr /\u003eA creature that makes a successful Fortitude saving throw instead takes 6d6 points of dessication damage and is dehydrated.\u003cbr /\u003eIf the damage kills the target, it is still mummified.\u003cbr /\u003eArcane Material Component: A strip of salted cloth.\u003c/p\u003e","descriptors":"","divine_focus_component":"1","duration":"Instantaneous","effect":null,"id":3166,"material_component":"1","meta_breath_component":"0","name":"Mummify","page":null,"rulebook":"Sandstorm","saving_throw":"Fortitude partial; see text","school":"Necromancy","somatic_component":"1","spell_range":"Touch","spell_resistance":"Yes","subschool":"","target":"One living creature","true_name_component":"0","verbal_component":"1","xp_component":"0"}}