{"id":3185,"created":1449242815,"modified":1449242815,"data":{"arcane_focus_component":"0","area":null,"casting_time":"1 standard action","corrupt_component":"0","description_html":"\u003cp\u003eThe subject can move through desert environments without hindrance, ignoring movement penalties and penalties on skill checks for all types of desert and waste terrain.\u003cbr /\u003eThis spell does not grant a subject immunity to other ill effects of waste environments, such as heat and sun.\u003c/p\u003e","descriptors":"","divine_focus_component":"1","duration":"1 hour/level (D)","effect":null,"id":3185,"material_component":"0","meta_breath_component":"0","name":"Waste Strider","page":null,"rulebook":"Sandstorm","saving_throw":"Will negates (harmless)","school":"Transmutation","somatic_component":"1","spell_range":"Touch","spell_resistance":"Yes (harmless)","subschool":"","target":"One touched creature/level","true_name_component":"0","verbal_component":"1","xp_component":"0"}}