{"id":3202,"created":1449242815,"modified":1449242815,"data":{"arcane_focus_component":"0","area":"","casting_time":"1 action","corrupt_component":"0","description_html":"\u003cp\u003eThe subject may take a full attack action to use one of its natural weapons as if it were a thrown weapon with a 20-foot range increment.\u003cbr /\u003eThe subject may do so every round while the spell is in effect.\u003cbr /\u003eThe subject gestures with the natural weapon as if making a melee attack.\u003cbr /\u003eThe effect of this attack always emanates from the subject\u0026#39;s location.\u003cbr /\u003eThe attack does not get a flanking bonus or help a combatant get one.\u003cbr /\u003eThe subject uses its highest melee attack bonus, and deals damage normally if it hits.\u003cbr /\u003eAll normal modifiers to ranged combat apply.\u003cbr /\u003eIf the subject has more than one natural weapon, it may choose which weapon to use during each round the spell is in effect.\u003c/p\u003e","descriptors":"","divine_focus_component":"0","duration":"1 round/level (D)","effect":"","id":3202,"material_component":"0","meta_breath_component":"0","name":"Blood Wind","page":null,"rulebook":"Savage Species","saving_throw":"Will negates (harmless)","school":"Evocation","somatic_component":"1","spell_range":"Close (25 ft. + 5 ft./2 caster levels)","spell_resistance":"Yes (harmless)","subschool":"","target":"A single creature with Intelligence of 4 or higher","true_name_component":"0","verbal_component":"1","xp_component":"0"}}