{"id":3203,"created":1449242815,"modified":1449242815,"data":{"arcane_focus_component":"0","area":null,"casting_time":"1 action","corrupt_component":"0","description_html":"\u003cp\u003eYou command the water supporting or surrounding a swimming or floating creature or object to rise and hold the creature above the surface of the water.\u003cbr /\u003eAn object so lifted may contain creatures or other objects (for example, a boat).\u003cbr /\u003eThe creature must be willing to be lifted in this manner, and an object must be unattended or possessed by a willing creature.\u003cbr /\u003eThe spell causes a smooth wave of water to rise under the subject and hold it 20 feet above the rest of the water\u0026#39;s surface.\u003cbr /\u003eIf obstructions prevent the subject from being raised that high (such as being in a cave with a low ceiling), the wave lifts the subject until it touches the obstruction.\u003cbr /\u003eThe subject is otherwise resting at the top of this wave (rescuing it from drowning if it was a sinking air-breather) and can swim away under its own power or be moved by others (such as with a rope).\u003cbr /\u003eIf the subject is removed from the wave, it collapses gently and the spell ends.\u003c/p\u003e","descriptors":"","divine_focus_component":"1","duration":"10 minutes/level (D) (see text)","effect":null,"id":3203,"material_component":"0","meta_breath_component":"0","name":"Buoyant Lifting","page":null,"rulebook":"Savage Species","saving_throw":"None","school":"Evocation","somatic_component":"1","spell_range":"Medium (100 ft. + 10 ft./level)","spell_resistance":"No","subschool":"","target":"One willing swimming or floating creature or object (total weight up to 200 lb./level)","true_name_component":"0","verbal_component":"1","xp_component":"0"}}