{"id":3204,"created":1449242815,"modified":1449242815,"data":{"arcane_focus_component":"0","area":"20-ft.-radius burst","casting_time":"1 action","corrupt_component":"0","description_html":"\u003cp\u003eYou cause a burst of low, discordant noise to erupt at the chosen location.\u003cbr /\u003eIt deals 1d6 points of sonic damage per caster level (maximum 15d6) to all creatures within the area.\u003cbr /\u003eCacophonic burst cannot penetrate the area of a silence spell.\u003c/p\u003e","descriptors":"Sonic","divine_focus_component":"0","duration":"Instantaneous","effect":null,"id":3204,"material_component":"0","meta_breath_component":"0","name":"Cacophonic Burst","page":null,"rulebook":"Savage Species","saving_throw":"Reflex half","school":"Evocation","somatic_component":"1","spell_range":"Long (400 ft. + 40 ft./level)","spell_resistance":"Yes","subschool":"","target":null,"true_name_component":"0","verbal_component":"1","xp_component":"0"}}