{"id":3207,"created":1449242815,"modified":1449242815,"data":{"arcane_focus_component":"0","area":"","casting_time":"1 action","corrupt_component":"0","description_html":"\u003cp\u003e\u003cem\u003eSound lance\u003c/em\u003e causes a projectile of intense sonic energy sound to leap unerringly from you to a target within range. The sound does 1d6 points of sonic damage per caster level, to a maximum of 10d6. The \u003cem\u003esound lance\u003c/em\u003e strikes unerringly, unless the target has total cover or total concealment. A \u003cem\u003esound lance\u003c/em\u003e cannot penetrate the area of a \u003ca href=\"/spells/players-handbook-v35--6/silence--2704/\"\u003esilence\u003c/a\u003e spell.\u003c/p\u003e","descriptors":"Sonic","divine_focus_component":"0","duration":"Instantaneous","effect":"","id":3207,"material_component":"0","meta_breath_component":"0","name":"Sound Lance","page":70,"rulebook":"Savage Species","saving_throw":"Fortitude half","school":"Evocation","somatic_component":"1","spell_range":"Medium (100 ft. + 10 ft./level)","spell_resistance":"Yes","subschool":"","target":"One creature or object","true_name_component":"0","verbal_component":"1","xp_component":"0"}}