{"id":3210,"created":1449242815,"modified":1449242815,"data":{"arcane_focus_component":"0","area":null,"casting_time":"1 action","corrupt_component":"0","description_html":"\u003cp\u003eThis spell creates the illusion of a pit 10 feet square and 20 feet deep.\u003cbr /\u003eIt may be cast on a flat surface (such as a floor) or in an open space (such as on an actual pit to conceal its contents).\u003cbr /\u003eIt appears absolutely real when viewed.\u003cbr /\u003eIf it is cast on a solid floor, objects dropped into the pit do not fall, instead resting in place on top of the pit as if levitating or as if the pit were covered with a wall of force.\u003cbr /\u003eIf it is cast in an open space, objects dropped into the pit appear to fall into it until they pass below the bottom of the spell\u0026#39;s area (at which point they vanish) or come to rest on a solid object within the spell\u0026#39;s area (at which point they appear to float within the pit).\u003cbr /\u003eDetection abilities that do not require sight work normally on the pit, instantly revealing it to be illusory (for example, a creature with blindsight or a character feeling the ground with a pole would realize that there is no pit) or covered in some invisible way.\u003cbr /\u003eTouching the illusion does not cause it to disappear.\u003cbr /\u003eThe bottom of the illusory pit may be bare, or it may contain metal spikes, a humanoid skeleton, filth, or any combination you desire, chosen at the casting of the spell.\u003c/p\u003e","descriptors":"","divine_focus_component":"0","duration":"Permanent","effect":"Image 10 ft. by 10 ft. by 20 ft.","id":3210,"material_component":"0","meta_breath_component":"0","name":"Illusory Pit","page":null,"rulebook":"Savage Species","saving_throw":"Will disbelief (if interacted with)","school":"Illusion","somatic_component":"1","spell_range":"Close (25 ft. + 5 ft./2 levels)","spell_resistance":"No","subschool":"Figment","target":null,"true_name_component":"0","verbal_component":"1","xp_component":"0"}}