{"id":3220,"created":1449242816,"modified":1449242816,"data":{"arcane_focus_component":"0","area":null,"casting_time":"1 action)","corrupt_component":"0","description_html":"\u003cp\u003eThis spell increases the subject\u0026#39;s fly speed by 30 feet.\u003cbr /\u003eIt has no effect on other modes of movement, nor does it allow the subject to fly if it cannot already do so.\u003c/p\u003e","descriptors":"","divine_focus_component":"0","duration":"1 minute/level","effect":null,"id":3220,"material_component":"0","meta_breath_component":"0","name":"Cloud Wings","page":null,"rulebook":"Savage Species","saving_throw":"Fortitude negates (harmless)","school":"Transmutation","somatic_component":"1","spell_range":"Tough","spell_resistance":"Yes(harmless)","subschool":"","target":"Creature touched","true_name_component":"0","verbal_component":"1","xp_component":"0"}}