{"id":3221,"created":1449242816,"modified":1449242816,"data":{"arcane_focus_component":"0","area":"20-ft.-radius spread, +10 ft./level","casting_time":"1 action","corrupt_component":"0","description_html":"\u003cp\u003eYou point at a spot on the ground, and the earth at that point erupts in a shower of rock, dirt, and fire.\u003cbr /\u003eCreatures and objects within the area take 7d6 points of damage; the damage is 4d6 impact and 3d6 fire.\u003cbr /\u003eThose that fail the saving throw are knocked prone.\u003c/p\u003e","descriptors":"Fire","divine_focus_component":"0","duration":"Instantaneous","effect":null,"id":3221,"material_component":"0","meta_breath_component":"0","name":"Earth Reaver","page":null,"rulebook":"Savage Species","saving_throw":"None","school":"Transmutation","somatic_component":"1","spell_range":"Medium (100 ft. + 10 ft./level)","spell_resistance":"Yes","subschool":"","target":null,"true_name_component":"0","verbal_component":"1","xp_component":"0"}}