{"id":3222,"created":1449242816,"modified":1449242816,"data":{"arcane_focus_component":"1","area":null,"casting_time":"1 action","corrupt_component":"0","description_html":"\u003cp\u003eThis spell allows you to adopt the nature and some abilities of a wild animal.\u003cbr /\u003eYou retain your own form, but you gain the natural and extraordinary senses of the creature you choose, as well as its skill ranks (though these do not stack with any ranks\u003cbr /\u003eyou already have in the same skills), for the duration of the spell.\u003cbr /\u003eThus, depending on your choice of animal, you could gain blindsight, scent, and ranks in Listen, Spot, or other skills.\u003cbr /\u003eEmbrace the wild does not grant you the animal\u0026#39;s natural attacks, methods of locomotion, feats, or nonsensory extraordinary abilities, such as trample or improved grab.\u003cbr /\u003eFocus:Hide, skin, or feathers of the selected animal, or an item or component of its lair.\u003cbr /\u003eYou must have obtained the focus from the animal yourself.\u003c/p\u003e","descriptors":"","divine_focus_component":"0","duration":"10 minutes/level","effect":null,"id":3222,"material_component":"0","meta_breath_component":"0","name":"Embrace the Wild","page":null,"rulebook":"Savage Species","saving_throw":null,"school":"Transmutation","somatic_component":"0","spell_range":"Personal","spell_resistance":null,"subschool":"","target":"You","true_name_component":"0","verbal_component":"1","xp_component":"0"}}