{"id":3248,"created":1449242816,"modified":1449242816,"data":{"arcane_focus_component":"0","area":null,"casting_time":"1 standard action","corrupt_component":"0","description_html":"\u003cp\u003eA missile of lava darts forth from your fingertip and strikes its target, dealing 1d4 points of fire damage.\u003cbr /\u003eThe missile strikes unerringly if the target has less than total cover or concealment.\u003cbr /\u003eSpecific parts of a creature can\u0026#39;t be singled out.\u003cbr /\u003eA target that fails its saving throw catches on fire (see Catching on Fire in the Dungeon Master\u0026#39;s Guide).\u003cbr /\u003eFor every two caster levels, you gain an additional missile\u0026#8212;\u003cbr /\u003etwo at 4th level, three at 6th level, four at 8th level, and the maximum of five at 10th level or higher.\u003cbr /\u003eIf you shoot multiple missiles, you can have them strike a single creature or several creatures.\u003cbr /\u003eA single missile can strike only one creature.\u003cbr /\u003eYou must designate targets before you check for spell resistance or roll damage.\u003cbr /\u003eA lava missile cures firenewts of 1d4 points of damage.\u003cbr /\u003eThis spell was first used by firenewt clerics of Kossuth.\u003c/p\u003e","descriptors":"Fire","divine_focus_component":"1","duration":"Instantaneous","effect":null,"id":3248,"material_component":"0","meta_breath_component":"0","name":"Lava Missile","page":null,"rulebook":"Serpent Kingdoms","saving_throw":"Reflex half","school":"Conjuration","somatic_component":"1","spell_range":"Medium (100 ft. + 10 ft./level)","spell_resistance":"No","subschool":"Creation","target":"Up to five creatures, no two of which can be more than 15 ft. apart.","true_name_component":"0","verbal_component":"1","xp_component":"0"}}