{"id":3252,"created":1449242816,"modified":1449242816,"data":{"arcane_focus_component":"0","area":"","casting_time":"1 hour","corrupt_component":"0","description_html":"\u003cp\u003eYou rip a supernatural ability of your choice away from one creature and transfer it to another.\u003c/p\u003e\u003c/b\u003e\u003c/b\u003e\u003cp\u003eThe two creatures must be within 30 feet of each other and remain conscious throughout the casting of the spell. In exchange for this new ability, the recipient permanently loses a supernatural ability it already possesses. If it has none to exchange, it instead loses two class levels (or 2 Hit Dice if it has no class levels).\u003c/p\u003e\u003c/b\u003e\u003c/b\u003e\u003cp\u003eClass features cannot be transferred by means of this spell.\u003c/p\u003e\u003c/b\u003e\u003c/b\u003e\u003cp\u003eThe spell fails if used to transfer an ability to a creature that lacks the proper body parts, size, or other criterion for its use, or if the target creature has fewer than 2 Hit Dice and no supernatural abilities to trade. Either subject may negate the transfer with a successful Fortitude save.\u003c/p\u003e\u003c/b\u003e\u003c/b\u003e\u003cp\u003eMaterial Component: A caterpillar in a cocoon.\u003c/p\u003e","descriptors":"","divine_focus_component":"0","duration":"1 hour/level","effect":"","id":3252,"material_component":"1","meta_breath_component":"0","name":"Ability Rip","page":null,"rulebook":"Serpent Kingdoms","saving_throw":"Fortitude negates (see text)","school":"Transmutation","somatic_component":"1","spell_range":"Touch","spell_resistance":"Yes","subschool":"","target":"Two living creatures","true_name_component":"0","verbal_component":"1","xp_component":"0"}}