{"id":3255,"created":1449242816,"modified":1449242816,"data":{"arcane_focus_component":"0","area":null,"casting_time":"1 standard action","corrupt_component":"0","description_html":"\u003cp\u003eYour scales become razor-sharp.\u003cbr /\u003eWhile this spell is in effect, you deal lethal instead of nonlethal damage when grappling.\u003cbr /\u003eIf are not a Scaled One, this spell automatically fails.\u003cbr /\u003eMaterial Component: A thin-bladed razor.\u003c/p\u003e","descriptors":"","divine_focus_component":"1","duration":"1 round/level (D)","effect":null,"id":3255,"material_component":"1","meta_breath_component":"0","name":"Razorscales","page":null,"rulebook":"Serpent Kingdoms","saving_throw":null,"school":"Transmutation","somatic_component":"0","spell_range":"Personal","spell_resistance":null,"subschool":"","target":"You","true_name_component":"0","verbal_component":"1","xp_component":"0"}}