{"id":327,"created":1449242754,"modified":1449242754,"data":{"arcane_focus_component":"0","area":null,"casting_time":"1 immediate action","corrupt_component":"0","description_html":"\u003cp\u003eDrawing upon the talents of some creatures of the insect world, you change your flesh to make it unpalatable to other creatures.\u003cbr /\u003eAny creature that hits you with a bite attack becomes nauseated until the end of your next turn unless it succeeds on a Fortitude save.\u003cbr /\u003eCreatures immune to poison are unaffected by this spell.\u003c/p\u003e","descriptors":"","divine_focus_component":"0","duration":"1 turn/level","effect":null,"id":327,"material_component":"0","meta_breath_component":"0","name":"Horrible Taste","page":null,"rulebook":"Champions of Valor","saving_throw":null,"school":"Transmutation","somatic_component":"1","spell_range":"Personal","spell_resistance":null,"subschool":"","target":"You","true_name_component":"0","verbal_component":"1","xp_component":"0"}}