{"id":3278,"created":1449242817,"modified":1449242817,"data":{"arcane_focus_component":"0","area":"One 5-ft. square + one 5-ft. square/four levels","casting_time":"1 standard action","corrupt_component":"0","description_html":"\u003cp\u003eYou cause natural, nonliving stone to combust, emitting thick black smoke and sending forth waves of heat.\u003cbr /\u003eAnyone touching the burning rock takes 2d6 points of fire damage each round, while the intense heat coming from the stone deals 2d4 points of fire damage to creatures within 10 feet and 1d4 points of fire damage to those past 10 feet but within 20 feet.\u003cbr /\u003eThe burning stone deals its damage to all creatures in the area when it appears and on your turn each round.\u003cbr /\u003eUndead take double damage from stonefire.\u003cbr /\u003eIgnited stone is consumed by the flames at the rate of 1 foot of thickness per round (so a 10-foot-thick wall covered with stonefire would require 10 rounds to burn through).\u003cbr /\u003eBurning away load-bearing walls, columns, or other supports might cause cave-ins or collapses.\u003cbr /\u003eSee Cave-Ins and Collapses, page 66 of the Dungeon Master\u0026#39;s Guide.\u003cbr /\u003eIf the burning stone takes 20 points of cold damage or more in 1 round, the flames go out.\u003cbr /\u003e(Do not divide cold damage by 4, as normal for objects).\u003c/p\u003e","descriptors":"Fire","divine_focus_component":"1","duration":"1 round/level","effect":null,"id":3278,"material_component":"0","meta_breath_component":"0","name":"Stonefire","page":null,"rulebook":"Shining South","saving_throw":"None","school":"Evocation","somatic_component":"1","spell_range":"Touch","spell_resistance":"Yes","subschool":"","target":null,"true_name_component":"0","verbal_component":"1","xp_component":"0"}}