{"id":3286,"created":1449242817,"modified":1449242817,"data":{"arcane_focus_component":"0","area":null,"casting_time":"1 standard action","corrupt_component":"0","description_html":"\u003cp\u003eYou cause a creature\u0026#39;s natural armor to crystallize and become brittle.\u003cbr /\u003eWhenever the affected creature is hit in combat, part of the crystallized hide cracks and shatters, dealing it additional lethal damage equal to its natural armor bonus.\u003cbr /\u003eThus, if a creature with +3 natural armor is affected by this spell, it takes an extra 3 points of damage each time it is struck by a melee, ranged, or natural weapon.\u003cbr /\u003eThe creature\u0026#39;s actual Armor Class does not change.\u003c/p\u003e","descriptors":"","divine_focus_component":"0","duration":"1 round/level","effect":null,"id":3286,"material_component":"0","meta_breath_component":"0","name":"Brittleskin","page":null,"rulebook":"Shining South","saving_throw":"Fortitude negates","school":"Transmutation","somatic_component":"1","spell_range":"Medium (100 ft. + 10 ft./level)","spell_resistance":"Yes","subschool":"","target":"One creature","true_name_component":"0","verbal_component":"1","xp_component":"0"}}