{"id":3287,"created":1449242817,"modified":1449242817,"data":{"arcane_focus_component":"0","area":null,"casting_time":"1 standard action","corrupt_component":"0","description_html":"\u003cp\u003eYou cause living, submerged coral to grow at an accelerated pace in a shape you control.\u003cbr /\u003eSince you control the form, you can cause the coral to grow into a wall, a large ball, and so forth.\u003cbr /\u003eYou are limited in the size of the new coral, but this is not dependent upon the amount of existing material\u0026#8212;a tiny piece can be used as a starter seed for the new growth, so long as that piece is alive.\u003cbr /\u003eCoral growth is popular for constructing buildings and statues out of coral in Halruaa.\u003cbr /\u003eIt is also a favorite of various aquatic races for building underwater cities.\u003cbr /\u003eMaterial Component: A small piece of coral.\u003c/p\u003e","descriptors":"","divine_focus_component":"0","duration":"Permanent","effect":"5 ft. cube of coral/level (S)","id":3287,"material_component":"1","meta_breath_component":"0","name":"Coral Growth","page":null,"rulebook":"Shining South","saving_throw":"None","school":"Transmutation","somatic_component":"1","spell_range":"Close (25 ft. + 5 ft./2 levels)","spell_resistance":"No","subschool":"","target":null,"true_name_component":"0","verbal_component":"1","xp_component":"0"}}