{"id":3294,"created":1449242817,"modified":1449242817,"data":{"arcane_focus_component":"0","area":null,"casting_time":"1 action","corrupt_component":"0","description_html":"\u003cp\u003eAn early spell created by Alustriel, this illusion has been circulated among the arcane spellcasters of Silverymoon and to others beyond the city.\u003cbr /\u003eA simplified form of minor image, it allows you to cause a banner (such as a battle standard, family crest, or other identifying device) to appear anywhere within range, accompanied by musical fanfare or the sound of a horn blowing.\u003cbr /\u003eThe banner may appear large or small (up to 10 feet square), new or old, clean or dirty, and of any color or pattern you desire and bearing any identifying images you desire.\u003cbr /\u003eThe banner sheds light as a light spell.\u003cbr /\u003eYou can move it anywhere within range as a move-equivalent action.\u003cbr /\u003eThe fanfare or horn is normally of the sort announcing the presence of an important person or a military unit, although the spell can create any sort of horn signal.\u003cbr /\u003eNormally, casters use the spell to rally troops or direct people to a particular location, especially at night when its light aspect becomes more useful.\u003cbr /\u003eMaterial Component: A horn or trumpet, whether normal size or miniature.\u003c/p\u003e","descriptors":"","divine_focus_component":"0","duration":"1 round/level (D)","effect":"Figment of a banner and sound of a trumpet or horn","id":3294,"material_component":"1","meta_breath_component":"0","name":"Alustriel's Banner","page":null,"rulebook":"Silver Marches","saving_throw":"Will disbelief (if interacted with)","school":"Illusion","somatic_component":"1","spell_range":"Long (400 ft. + 40 ft./level)","spell_resistance":"No","subschool":"Figment","target":null,"true_name_component":"0","verbal_component":"1","xp_component":"0"}}