{"id":3309,"created":1449242818,"modified":1449242818,"data":{"arcane_focus_component":"0","area":null,"casting_time":"1 action","corrupt_component":"0","description_html":"\u003cp\u003eFortissimo doubles the volume of one source of sound specified by the caster.\u003cbr /\u003eBards often use this spell to help their music carry to larger audiences\u0026#8212;or just be heard over the din of a noisy tavern.\u003cbr /\u003eWhen casting fortissimo on a creature, the caster may specify items that the creature is wearing or carrying for inclusion in the effect.\u003cbr /\u003eFor example, casting fortissimo on a singer and including her lute would make both her song and her accompaniment twice as loud.\u003cbr /\u003eIf the affected creature or item can generate a sonic or language-based attack, such as a command spell, a harpy\u0026#39;s song, the fascinate effect of bardic music, or a horn of blasting,\u003cbr /\u003ethe saving throw DC against that attack increases by +2.\u003cbr /\u003eIf a sonic attack deals damage (like a shout), the spell increases that damage by +1d6 points.\u003cbr /\u003eFortissimo counters and dispels silence and is countered and dispelled by it.\u003cbr /\u003eIf cast at a target affected by silence, it negates the effect for that creature or item only.\u003c/p\u003e","descriptors":"","divine_focus_component":"0","duration":"1 minute/level","effect":null,"id":3309,"material_component":"0","meta_breath_component":"0","name":"Fortissimo","page":null,"rulebook":"Song and Silence: A Guidebook to Bards and Rogues","saving_throw":"None","school":"Evocation","somatic_component":"1","spell_range":"Medium (100 ft. + 10 ft./level)","spell_resistance":"No","subschool":"","target":"One creature or item","true_name_component":"0","verbal_component":"1","xp_component":"0"}}