{"id":3317,"created":1449242818,"modified":1449242818,"data":{"arcane_focus_component":"1","area":null,"casting_time":"1 action","corrupt_component":"0","description_html":"\u003cp\u003eThis spell creates spectral accompanists.\u003cbr /\u003eThey appear to be normal performers of any humanoid race (caster\u0026#39;s choice) who back up the bard\u0026#39;s performance by playing, dancing, singing, or any other means the caster desires.\u003cbr /\u003eThey can also interact with others on a limited basis\u0026#8212;\u003cbr /\u003esmiling, nodding, responding to questions with a few stock phrases, serving as dance partners, and the like.\u003cbr /\u003eThese illusory performers grant the caster a +2 circumstance bonus on Perform checks for the spell\u0026#39;s duration.\u003cbr /\u003eChoir is a Pattern, not a Figment\u0026#8212;creatures that become aware of the accompanists\u0026#39; spectral nature can still see them.\u003cbr /\u003eHowever, not only does a successful Will save negate the bard\u0026#39;s bonus on Perform checks with respect to that creature, it also imposes a -2 circumstance penalty on those checks for the remainder of the spell\u0026#39;s duration.\u003cbr /\u003eFocus: The caster\u0026#39;s instrument.\u003c/p\u003e","descriptors":"Mind-Affecting","divine_focus_component":"0","duration":"Concentration + 4 rounds","effect":"Three illusory performers","id":3317,"material_component":"0","meta_breath_component":"0","name":"Choir","page":null,"rulebook":"Song and Silence: A Guidebook to Bards and Rogues","saving_throw":"Will disbelief (see below)","school":"Illusion","somatic_component":"1","spell_range":"Close (25 ft. + 5 ft./2 levels)","spell_resistance":"No","subschool":"Pattern","target":null,"true_name_component":"0","verbal_component":"1","xp_component":"0"}}