{"id":3326,"created":1449242818,"modified":1449242818,"data":{"arcane_focus_component":"0","area":null,"casting_time":"1 action","corrupt_component":"0","description_html":"\u003cp\u003eHarmonic chorus lets you improve the spellcasting ability of another spellcaster.\u003cbr /\u003eFor the duration of the spell, the save DCs for all spells that the subject casts increase by 1d4+1.\u003cbr /\u003eIf such a spell deals damage, that damage increases by +1 point per die.\u003cbr /\u003eFor example, if you cast harmonic chorus on a 9th-level wizard who in turn casts fireball, the DC of the fireball\u0026#39;s Reflex save would increase by 1d4+1, and the spell would deal 9d6+9 points of fire damage.\u003cbr /\u003eOther variable aspects of the spell (range, duration, and so forth) remain unchanged.\u003cbr /\u003eThe benefits of multiple harmonic chorus spells stack only when they are cast by different casters.\u003cbr /\u003eMaterial Component: A tuning fork.\u003c/p\u003e","descriptors":"","divine_focus_component":"0","duration":"Concentration, up to 1 round/level (D)","effect":null,"id":3326,"material_component":"1","meta_breath_component":"0","name":"Harmonic Chorus","page":null,"rulebook":"Song and Silence: A Guidebook to Bards and Rogues","saving_throw":"Will negates (harmless)","school":"Transmutation","somatic_component":"1","spell_range":"Close (25 ft. + 5 ft./2 levels)","spell_resistance":"Yes","subschool":"","target":"One living creature","true_name_component":"0","verbal_component":"1","xp_component":"0"}}