{"id":3351,"created":1449242819,"modified":1449242819,"data":{"arcane_focus_component":"0","area":null,"casting_time":"1 standard action","corrupt_component":"0","description_html":"\u003cp\u003eThe ocean\u0026#39;s voice is a terrible and majestic thing.\u003cbr /\u003eBards understand the power of the ocean\u0026#39;s song and have harnessed that in this spell.\u003cbr /\u003eThe targets of this spell are suddenly bombarded by the sound of the roaring ocean.\u003cbr /\u003eThe target is deafened for the duration of the spell.\u003cbr /\u003eAdditionally, each target must make a Will save or be shaken.\u003cbr /\u003eThis sound can be heard by anyone within 30 feet of the targets, but only those actually targeted are affected.\u003cbr /\u003eMaterial Component: Pieces of shell that have been battered by the surf.\u003c/p\u003e","descriptors":"Fear, Mind-Affecting, Sonic","divine_focus_component":"0","duration":"1 round/level (D)","effect":null,"id":3351,"material_component":"1","meta_breath_component":"0","name":"Roar of the Waves","page":null,"rulebook":"Stormwrack","saving_throw":"Will partial; see text","school":"Illusion","somatic_component":"1","spell_range":"Close (25 ft. + 5 ft./2 levels)","spell_resistance":"Yes","subschool":"Pattern","target":"One target/2 levels, no two of which can be more than 30 ft. apart","true_name_component":"0","verbal_component":"1","xp_component":"0"}}