{"id":3354,"created":1449242819,"modified":1449242819,"data":{"arcane_focus_component":"0","area":"One-half mile radius spread","casting_time":"1 full round","corrupt_component":"0","description_html":"\u003cp\u003eYou infuse the target area with the enervating essence of the blackwater depths, creating a tide of blackwater that spreads out from the designated point of origin at a rate of 100 feet per round until it fills the entire area.\u003cbr /\u003eThe water is black and terribly chilling, and its touch causes a sense of fear in those affected by it.\u003cbr /\u003eThose within the area must make a Fortitude save when they first enter the blackwater (or when it first surrounds\u003cbr /\u003ethem).\u003cbr /\u003eFailure indicates that they take 1 point of Strength damage.\u003cbr /\u003eAdditionally, every creature in the area takes 1d6 points of negative energy damage for every hour they remain in the dark, murky waters (no save).\u003cbr /\u003eSpells that protect against negative energy damage will prevent the Strength damage.\u003cbr /\u003eCreatures who take damage from the dark tide are considered shaken as long as they remain in the area.\u003cbr /\u003eThis spell is a favored first move by sahuagin and other blackwater-dwelling creatures before they attack the settlements of their enemies.\u003c/p\u003e","descriptors":"Evil, Water","divine_focus_component":"1","duration":"1 hour/level (D)","effect":null,"id":3354,"material_component":"0","meta_breath_component":"0","name":"Dark Tide","page":null,"rulebook":"Stormwrack","saving_throw":"Fortitude half","school":"Necromancy","somatic_component":"1","spell_range":"Long (400 ft. + 40 ft./level)","spell_resistance":"Yes","subschool":"","target":null,"true_name_component":"0","verbal_component":"1","xp_component":"0"}}