{"id":3360,"created":1449242819,"modified":1449242819,"data":{"arcane_focus_component":"0","area":"","casting_time":"1 standard action","corrupt_component":"0","description_html":"\u003cp\u003eThis spell grants the subject a bite attack, which deals damage as indicated below. As a primary attack, it adds the creature\u0026#39;s Strength modifier to damage. It can also be used as a secondary natural attack in conjunction with a manufactured weapon. Such secondary attacks do not interfere with the primary attack as attacking with an off-hand weapon would do, but the subject takes the usual \u0026#8212;5 penalty (or \u0026#8212;2 with the \u003ca href=\"/feats/monster-manual-v35--5/multiattack--1997/\"\u003eMultiattack\u003c/a\u003e feat) for the bite attack when used as a secondary natural attack.\u003c/p\u003e\u003c/b\u003e\u003c/b\u003e\u003cp\u003eIf the subject hits with its bite attack, it attaches itself to the foe and deals automatic bite damage each round it remains attached. It does not need to make a grapple check, and it does not provoke attacks of opportunity. An attached attacker loses its Dexterity bonus to Armor Class. It cannot use other weapons while attached, but each attack upon from the grappled foe requires a successful grapple check. Others can attack an attached creature with a weapon or grapple. To remove the attached creature through grappling, the opponent must achieve a pin against it.\u003c/p\u003e\u003c/b\u003e\u003c/b\u003e\u003cp\u003eA creature with a natural bite attack can use its own bite damage, if greater, but still gains the ability to attach itself.\u003c/p\u003e\u003c/b\u003e\u003c/b\u003e\u003ctable\u003e\u003c/b\u003e\u003ctr\u003e\u003c/b\u003e\u003cth\u003eSize \u003c/th\u003e\u003c/b\u003e\u003cth\u003eDamage \u003c/th\u003e\u003c/b\u003e\u003c/tr\u003e\u003c/b\u003e\u003ctr\u003e\u003c/b\u003e\u003ctd\u003e Fine \u003c/td\u003e\u003c/b\u003e\u003ctd\u003e 1d2 \u003c/td\u003e\u003c/b\u003e\u003c/tr\u003e\u003c/b\u003e\u003ctr\u003e\u003c/b\u003e\u003ctd\u003e Diminutive \u003c/td\u003e\u003c/b\u003e\u003ctd\u003e 1d3 \u003c/td\u003e\u003c/b\u003e\u003c/tr\u003e\u003c/b\u003e\u003ctr\u003e\u003c/b\u003e\u003ctd\u003e Tiny \u003c/td\u003e\u003c/b\u003e\u003ctd\u003e 1d4 \u003c/td\u003e\u003c/b\u003e\u003c/tr\u003e\u003c/b\u003e\u003ctr\u003e\u003c/b\u003e\u003ctd\u003e Small \u003c/td\u003e\u003c/b\u003e\u003ctd\u003e 1d6 \u003c/td\u003e\u003c/b\u003e\u003c/tr\u003e\u003c/b\u003e\u003ctr\u003e\u003c/b\u003e\u003ctd\u003e Medium \u003c/td\u003e\u003c/b\u003e\u003ctd\u003e 1d8 \u003c/td\u003e\u003c/b\u003e\u003c/tr\u003e\u003c/b\u003e\u003ctr\u003e\u003c/b\u003e\u003ctd\u003e Large \u003c/td\u003e\u003c/b\u003e\u003ctd\u003e 2d6 \u003c/td\u003e\u003c/b\u003e\u003c/tr\u003e\u003c/b\u003e\u003ctr\u003e\u003c/b\u003e\u003ctd\u003e Huge \u003c/td\u003e\u003c/b\u003e\u003ctd\u003e 2d8 \u003c/td\u003e\u003c/b\u003e\u003c/tr\u003e\u003c/b\u003e\u003ctr\u003e\u003c/b\u003e\u003ctd\u003e Gargantuan \u003c/td\u003e\u003c/b\u003e\u003ctd\u003e 4d6 \u003c/td\u003e\u003c/b\u003e\u003c/tr\u003e\u003c/b\u003e\u003ctr\u003e\u003c/b\u003e\u003ctd\u003e Colossal \u003c/td\u003e\u003c/b\u003e\u003ctd\u003e 4d8 \u003c/td\u003e\u003c/b\u003e\u003c/tr\u003e\u003c/b\u003e\u003c/table\u003e","descriptors":"","divine_focus_component":"0","duration":"1 min./level","effect":"","id":3360,"material_component":"0","meta_breath_component":"0","name":"Jaws of the Moray","page":117,"rulebook":"Stormwrack","saving_throw":"Will negates (harmless)","school":"Transmutation","somatic_component":"1","spell_range":"Touch","spell_resistance":"Yes (harmless)","subschool":"","target":"Creature touched","true_name_component":"0","verbal_component":"1","xp_component":"0"}}