{"id":3361,"created":1449242819,"modified":1449242819,"data":{"arcane_focus_component":"0","area":null,"casting_time":"1 standard action","corrupt_component":"0","description_html":"\u003cp\u003eThe subject\u0026#39;s skin, as well as clothing, armor, and other personal effects (including worn magic items), take on an oily sheen like the slippery skin of kuo-toas.\u003cbr /\u003eFor the duration of the spell, the subject gains a +8 bonus on Escape Artist checks and cannot be snared by webs (magical or otherwise).\u003cbr /\u003eArcane Material Component: A kuo-toa scale.\u003c/p\u003e","descriptors":"","divine_focus_component":"1","duration":"1 hour/level","effect":null,"id":3361,"material_component":"1","meta_breath_component":"0","name":"Kuo-toa Skin","page":null,"rulebook":"Stormwrack","saving_throw":"Will negates (harmless)","school":"Transmutation","somatic_component":"1","spell_range":"Touch","spell_resistance":"Yes (harmless)","subschool":"","target":"Creature touched","true_name_component":"0","verbal_component":"1","xp_component":"0"}}