{"id":3372,"created":1449242819,"modified":1449242819,"data":{"arcane_focus_component":"0","area":null,"casting_time":"1 immediate action","corrupt_component":"0","description_html":"\u003cp\u003eOn the seas, there is always the danger of falling overboard, especially to those wearing armor or who simply cannot swim.\u003cbr /\u003eThe affected targets do not go under the water if they fail a Swim check for any reason, including being tied up, unconscious, or heavily loaded.\u003cbr /\u003eHowever, the targets can still be dragged under by the actions of other creatures.\u003cbr /\u003eYou can cast this spell with an instant utterance.\u003cbr /\u003eCasting this spell is an immediate action.\u003cbr /\u003eYou can even cast this spell when it isn\u0026#39;t your turn.\u003cbr /\u003eWave blessing counters and dispels sink.\u003c/p\u003e","descriptors":"Water","divine_focus_component":"0","duration":"10 min./level","effect":null,"id":3372,"material_component":"0","meta_breath_component":"0","name":"Wave Blessing","page":null,"rulebook":"Stormwrack","saving_throw":"None","school":"Transmutation","somatic_component":"0","spell_range":"Medium (100 ft. + 10 ft./level)","spell_resistance":"Yes (harmless)","subschool":"","target":"One Medium or smaller object or creature/level, no two of which can be more than 30 ft. apart","true_name_component":"0","verbal_component":"1","xp_component":"0"}}