{"id":3375,"created":1449242819,"modified":1449242819,"data":{"arcane_focus_component":"0","area":null,"casting_time":"1 minute","corrupt_component":"0","description_html":"\u003cp\u003eThis spell adds +20 to the break DC of the object and doubles its hardness and hit points.\u003cbr /\u003eAn augmented object also gains a saving throw against spells when unattended as if it were a magic item (save bonus equals 2 + half the caster level).\u003cbr /\u003eMaterial Component: A pinch of chalk.\u003c/p\u003e","descriptors":"","divine_focus_component":"0","duration":"1 day/level","effect":null,"id":3375,"material_component":"1","meta_breath_component":"0","name":"Augment Object","page":null,"rulebook":"Stronghold Builder's Guidebook","saving_throw":"None (Object)","school":"Transmutation","somatic_component":"1","spell_range":"Close (25 ft. + 5 ft./2 levels)","spell_resistance":"Yes (Object)","subschool":"","target":"Object of up to 200 cubic ft./level","true_name_component":"0","verbal_component":"1","xp_component":"0"}}