{"id":3380,"created":1449242819,"modified":1449242819,"data":{"arcane_focus_component":"0","area":null,"casting_time":"1 action","corrupt_component":"0","description_html":"\u003cp\u003eThis spell creates an invisible bubble of protection around the recipient\u0026#39;s body that filters out all noxious and toxic elements in the air.\u003cbr /\u003eThe warded creature takes no damage and no penalties from inhaled natural or alchemical poisons.\u003cbr /\u003eIt is likewise protected against magical poisons created by spells of 4th level or lower (such as stinking cloud) cast by creatures of 8 or fewer Hit Dice.\u003cbr /\u003eAgainst more powerful affects, the creature receives a +2 circumstance modifier on any saving throw allowed.\u003cbr /\u003eArcane Material Component: A strand of spider web and a scrap of cotton cloth.\u003c/p\u003e","descriptors":"","divine_focus_component":"1","duration":"10 minutes/level","effect":null,"id":3380,"material_component":"1","meta_breath_component":"0","name":"Filter","page":null,"rulebook":"Tome and Blood: A Guidebook to Wizards and Sorcerers","saving_throw":"Will negates (harmless)","school":"Abjuration","somatic_component":"1","spell_range":"Touch","spell_resistance":"Yes","subschool":"","target":"Creature touched","true_name_component":"0","verbal_component":"1","xp_component":"0"}}