{"id":3384,"created":1449242819,"modified":1449242819,"data":{"arcane_focus_component":"0","area":null,"casting_time":"1 action","corrupt_component":"0","description_html":"\u003cp\u003eYou create an opaque, immobile, shimmering screen of violet energy Any creature or unattended object passing through the screen is affected by a targeted dispel magic cast at your caster level (see page 196 of the Player\u0026#39;s Handbook).\u003cbr /\u003eYou make a dispel check against the spell or against each ongoing spell currently in effect on the object or creature.\u003cbr /\u003eA dispel check is 1d20 +1 per caster level (maximum +10) against a DC of 11+the spell\u0026#39;s caster level.\u003cbr /\u003eThe screen has no effect on any items a creature carries.\u003cbr /\u003eIf an unattended magic item passes through the screen, you make a dispel check against the item\u0026#39;s caster level.\u003cbr /\u003eIf you succeed, all the item\u0026#39;s magical properties are suppressed for 1d4 rounds.\u003cbr /\u003eSpell effects that are not operating on objects or creatures cannot pass through the screen.\u003cbr /\u003eA disintegrate or successful dispel magic spell removes Otiluke\u0026#39;s dispelling screen, while an antimagic field suppresses it.\u003cbr /\u003eMaterial Component: A sheet of fine lead crystal.\u003c/p\u003e","descriptors":"","divine_focus_component":"0","duration":"1 minute/level (D)","effect":"Wall whose area is up to one 10ft. square/level or a sphere or hemisphere with a radius of up to 1 ft./level","id":3384,"material_component":"1","meta_breath_component":"0","name":"Otiluke's Dispelling Screen","page":null,"rulebook":"Tome and Blood: A Guidebook to Wizards and Sorcerers","saving_throw":"None","school":"Abjuration","somatic_component":"1","spell_range":"Close (25 ft. + 5 ft./2 levels)","spell_resistance":"No","subschool":"","target":null,"true_name_component":"0","verbal_component":"1","xp_component":"0"}}