{"id":3385,"created":1449242819,"modified":1449242819,"data":{"arcane_focus_component":"0","area":null,"casting_time":null,"corrupt_component":"0","description_html":"\u003cp\u003eAs Otiluke\u0026#39;s dispelling screen, except that the maximum bonus on the dispel check is +20 instead of +10.\u003c/p\u003e","descriptors":"","divine_focus_component":"0","duration":null,"effect":null,"id":3385,"material_component":"0","meta_breath_component":"0","name":"Otiluke's Greater Dispelling Screen","page":null,"rulebook":"Tome and Blood: A Guidebook to Wizards and Sorcerers","saving_throw":null,"school":"Abjuration","somatic_component":"0","spell_range":null,"spell_resistance":null,"subschool":"","target":null,"true_name_component":"0","verbal_component":"0","xp_component":"0"}}