{"id":3392,"created":1449242819,"modified":1449242819,"data":{"arcane_focus_component":"0","area":null,"casting_time":null,"corrupt_component":"0","description_html":"\u003cp\u003eAs the contingency spell, except that you can place up to three other spells upon your person so that they come into effect under some condition you dictate when casting chain contingency.\u003cbr /\u003eThe spells can come into effect simultaneously or one at a time, one per round.\u003c/p\u003e","descriptors":"","divine_focus_component":"0","duration":null,"effect":null,"id":3392,"material_component":"0","meta_breath_component":"0","name":"Chain Contingency","page":null,"rulebook":"Tome and Blood: A Guidebook to Wizards and Sorcerers","saving_throw":null,"school":"Evocation","somatic_component":"0","spell_range":null,"spell_resistance":null,"subschool":"","target":null,"true_name_component":"0","verbal_component":"0","xp_component":"0"}}