{"id":3395,"created":1449242819,"modified":1449242819,"data":{"arcane_focus_component":"0","area":"","casting_time":"","corrupt_component":"0","description_html":"\u003cp\u003eAs \u003ca href=\"/spells/tome-and-blood-a-guidebook-to-wizards-and-sorcerers--51/acid-orb--3391/\"\u003e\u003cem\u003eacid orb\u003c/em\u003e\u003c/a\u003e, except fire orb deals fire damage.\u003cbr /\u003eA creature struck directly takes the orb\u0026#39;s damage, and the flash of heat dazes it for 1 round.\u003cbr /\u003eA dazed creature can take no actions (but defends itself normally).\u003cbr /\u003eA successful Fortitude save reduces damage by half and negates the daze effect.\u003c/p\u003e","descriptors":"Fire","divine_focus_component":"0","duration":"","effect":"","id":3395,"material_component":"0","meta_breath_component":"0","name":"Fire Orb","page":null,"rulebook":"Tome and Blood: A Guidebook to Wizards and Sorcerers","saving_throw":"","school":"Evocation","somatic_component":"0","spell_range":"","spell_resistance":"","subschool":"","target":"","true_name_component":"0","verbal_component":"0","xp_component":"0"}}