{"id":3427,"created":1449242820,"modified":1449242820,"data":{"arcane_focus_component":"0","area":null,"casting_time":null,"corrupt_component":"0","description_html":"\u003cp\u003eAs repair light damage, except repair serious damage repairs 3d8 points of damage +1 point per caster level (up to +15).\u003c/p\u003e","descriptors":"","divine_focus_component":"0","duration":null,"effect":null,"id":3427,"material_component":"0","meta_breath_component":"0","name":"Repair Serious Damage","page":null,"rulebook":"Tome and Blood: A Guidebook to Wizards and Sorcerers","saving_throw":null,"school":"Transmutation","somatic_component":"0","spell_range":null,"spell_resistance":null,"subschool":"","target":null,"true_name_component":"0","verbal_component":"0","xp_component":"0"}}