{"id":3438,"created":1449242820,"modified":1449242820,"data":{"arcane_focus_component":"0","area":null,"casting_time":"1 standard action","corrupt_component":"0","description_html":"\u003cp\u003eYou utter your own truename, weaving its power into a matrix of force-tentacles that shimmer briefly, then descend around your form.\u003cbr /\u003eA faintly glowing silvery field of force surrounds you, providing you with a +6 armor bonus to Armor Class.\u003cbr /\u003eUnlike mundane armor, the bulwark of reality entails no armor check penalty, arcane spell failure chance, or speed reduction.\u003cbr /\u003eBecause the bulwark of reality is made of force, incorporeal creatures can\u0026#39;t bypass it the way they do normal armor.\u003cbr /\u003eTruename Component: When you cast this spell, you must correctly speak your own personal truename.\u003c/p\u003e","descriptors":"Force","divine_focus_component":"0","duration":"1 minute/level (D)","effect":null,"id":3438,"material_component":"0","meta_breath_component":"0","name":"Bulwark of Reality","page":null,"rulebook":"Tome of Magic","saving_throw":null,"school":"Conjuration","somatic_component":"1","spell_range":"Personal","spell_resistance":null,"subschool":"Creation","target":"You","true_name_component":"1","verbal_component":"1","xp_component":"0"}}