{"id":3445,"created":1449242821,"modified":1449242821,"data":{"arcane_focus_component":"0","area":null,"casting_time":"1 standard action","corrupt_component":"0","description_html":"\u003cp\u003eThis spell functions like beckon person, except that the effect is not restricted by creature type or size.\u003c/p\u003e","descriptors":"Mind-Affecting","divine_focus_component":"0","duration":"1 round; see text (D)","effect":null,"id":3445,"material_component":"0","meta_breath_component":"0","name":"Beckon Monster","page":null,"rulebook":"Tome of Magic","saving_throw":"Will negates","school":"Enchantment","somatic_component":"1","spell_range":"Medium (100 ft. + 10 ft./level)","spell_resistance":"Yes","subschool":"Compulsion","target":"One creature","true_name_component":"1","verbal_component":"1","xp_component":"0"}}