{"id":3447,"created":1449242821,"modified":1449242821,"data":{"arcane_focus_component":"0","area":null,"casting_time":null,"corrupt_component":"0","description_html":"\u003cp\u003esorcerer/wizard 2\u003cbr /\u003eComponents: V, S, T\u003cbr /\u003eCasting Time: 1 standard action\u003cbr /\u003eRange: Close (25 ft. + 5 ft./2 levels)\u003cbr /\u003eTarget: One creature\u003cbr /\u003eDuration: 1d4 rounds or 1 round; see text\u003cbr /\u003eSaving Throw:Will partial\u003cbr /\u003eSpell Resistance: Yes\u003cbr /\u003eYou practically howl the truename of your foe, screaming with as much imposing hatred as you can muster.\u003cbr /\u003eThe affected creature becomes frightened.\u003cbr /\u003eIf the subject succeeds on a Will save, it is shaken for 1 round.\u003cbr /\u003eCreatures with 10 or more Hit Dice have immunity to this effect.\u003cbr /\u003eHorror of the spoken name counters and dispels remove fear.\u003cbr /\u003eTruename Component: When you cast this spell, you must correctly speak the truename of the creature you\u0026#39;re targeting.\u003c/p\u003e","descriptors":"Fear, Mind-Affecting","divine_focus_component":"0","duration":null,"effect":null,"id":3447,"material_component":"0","meta_breath_component":"0","name":"Horror of the Spoken Name","page":null,"rulebook":"Tome of Magic","saving_throw":null,"school":"Necromancy","somatic_component":"0","spell_range":null,"spell_resistance":null,"subschool":"","target":null,"true_name_component":"0","verbal_component":"0","xp_component":"0"}}