{"id":346,"created":1449242755,"modified":1449242755,"data":{"arcane_focus_component":"1","area":null,"casting_time":"1 standard action","corrupt_component":"0","description_html":"\u003cp\u003eThis spell brings into being a shimmering, silver lancelike column of force, equivalent to a Large lance.\u003cbr /\u003eThe lance flies toward a single creature you pantomime throwing it at when you cast the spell.\u003cbr /\u003eIts attack bonus is equal to your caster level + your Intelligence bonus or your Charisma bonus (for wizards or sorcerers, respectively) with an additional +3 enhancement bonus and a +2 bonus for charging.\u003cbr /\u003eIt deals 4d6+3 points of force damage, with a threat range of 20 and a critical multiplier of x3.\u003cbr /\u003eIn addition, the creature struck must succeed on a Fortitude save or be knocked prone by the impact.\u003cbr /\u003eFocus: A miniature platinum lance engraved with arcane runes that costs 250 gp to construct.\u003c/p\u003e","descriptors":"Force","divine_focus_component":"0","duration":"Instantaneous","effect":null,"id":346,"material_component":"0","meta_breath_component":"0","name":"Laeral's Silver Lance","page":null,"rulebook":"City of Splendors: Waterdeep","saving_throw":"Fortitude partial; see text","school":"Evocation","somatic_component":"1","spell_range":"Long (400 ft. + 40 ft./level)","spell_resistance":"Yes","subschool":"","target":null,"true_name_component":"0","verbal_component":"1","xp_component":"0"}}