{"id":3477,"created":1449242821,"modified":1449242821,"data":{"arcane_focus_component":"0","area":null,"casting_time":"1 standard action","corrupt_component":"0","description_html":"\u003cp\u003eThe subject gains the ability to see in total darkness, with no limitation to the range of vision.\u003cbr /\u003eTerrain, distance, and line of sight are the only limitations to the subject\u0026#39;s ability to see, and the normal Spot check penalties apply on attempts to descry distant or small objects or creatures.\u003cbr /\u003eDarkvision is black and white only but otherwise like normal sight.\u003cbr /\u003eSuperior darkvision does not grant the target creature the ability to see in magical darkness.\u003cbr /\u003eMaterial Component: A chip of agate.\u003c/p\u003e","descriptors":"","divine_focus_component":"0","duration":"1 hour/level","effect":null,"id":3477,"material_component":"1","meta_breath_component":"0","name":"Superior Darkvision","page":null,"rulebook":"Unapproachable East","saving_throw":"Will negates (harmless)","school":"Transmutation","somatic_component":"1","spell_range":"Touch","spell_resistance":"Yes (harmless)","subschool":"","target":"Creature touched","true_name_component":"0","verbal_component":"1","xp_component":"0"}}