{"id":3485,"created":1449242821,"modified":1449242821,"data":{"arcane_focus_component":"0","area":null,"casting_time":"1 standard action","corrupt_component":"0","description_html":"\u003cp\u003eYou create water in the lungs of the subject, causing it to begin drowning.\u003cbr /\u003eThe subject\u0026#39;s hit points immediately drop to 0, and it falls unconscious.\u003cbr /\u003eIn the next round, it loses another hit point (bringing its hp to -1) and is dying.\u003cbr /\u003eIn the following round, it dies.\u003cbr /\u003e(For details on drowning, see the Drowning rule in the Dungeon Master\u0026#39;s Guide).\u003cbr /\u003eCoughing and other attempts by the subject to physically expel the water from its lungs are useless.\u003cbr /\u003eHowever, another creature can stabilize the subject with a DC 15 Heal check before death.\u003cbr /\u003eUndead, constructs, creatures that do not need to breathe, and creatures that can breathe water are unaffected by this spell.\u003c/p\u003e","descriptors":"Water","divine_focus_component":"1","duration":"Instantaneous","effect":null,"id":3485,"material_component":"0","meta_breath_component":"0","name":"Drown","page":null,"rulebook":"Underdark","saving_throw":"Fortitude negates","school":"Conjuration","somatic_component":"1","spell_range":"Close (25 ft. + 5 ft./2 levels)","spell_resistance":"Yes","subschool":"Creation","target":"One living creature","true_name_component":"0","verbal_component":"1","xp_component":"0"}}