{"id":3498,"created":1449242822,"modified":1449242822,"data":{"arcane_focus_component":"0","area":null,"casting_time":"1 standard action","corrupt_component":"0","description_html":"\u003cp\u003eThis spell functions like reflective disguise, except you can change the appearance of other creatures as well.\u003cbr /\u003eAffected creatures resume their normal appearances if slain.\u003cbr /\u003eAn unwilling target can negate the spell\u0026#39;s effect on itself by making a successful Will save or with spell resistance.\u003c/p\u003e","descriptors":"","divine_focus_component":"0","duration":"12 hours (D)","effect":null,"id":3498,"material_component":"0","meta_breath_component":"0","name":"Reflective Disguise, Mass","page":null,"rulebook":"Underdark","saving_throw":"Will negates","school":"Illusion","somatic_component":"1","spell_range":"Close (25 ft. + 5 ft./2 levels)","spell_resistance":"Yes","subschool":"Glamer","target":"One person/2 levels, no two of which can be more than 30 ft. apart","true_name_component":"0","verbal_component":"1","xp_component":"0"}}