{"id":351,"created":1449242755,"modified":1449242755,"data":{"arcane_focus_component":"0","area":null,"casting_time":null,"corrupt_component":"0","description_html":"\u003cp\u003eAs fly, except Halaster\u0026#39;s light step provides a maximum speed of 30 feet (20 feet if the subject wears medium or heavy armor).\u003cbr /\u003eAdditionally, the subject cannot ascend or descend vertically unless hovering 1 foot or less above terrain that ascends or descends at an angle of less than 45 degrees.\u003cbr /\u003eThe practical impact of this spell is to allow the recipient to walk along reasonably level terrain without leaving tracks and to stride across chasms at will.\u003cbr /\u003eIt also adds a +15 circumstance bonus on Climb checks, a +10 circumstance bonus on Move Silently checks (which does not stack with the bonus provided by boots of elvenkind), and negates any chance of falling.\u003cbr /\u003eWhen this spell is used in combination with levitate, the combined effect is equivalent to a slow-speed fly spell.\u003cbr /\u003eIt provides no additional benefit if used in combination with fly.\u003c/p\u003e","descriptors":"","divine_focus_component":"0","duration":null,"effect":null,"id":351,"material_component":"0","meta_breath_component":"0","name":"Halaster's Light Step","page":null,"rulebook":"City of Splendors: Waterdeep","saving_throw":null,"school":"Transmutation","somatic_component":"0","spell_range":null,"spell_resistance":null,"subschool":"","target":null,"true_name_component":"0","verbal_component":"0","xp_component":"0"}}