{"id":3510,"created":1449242822,"modified":1449242822,"data":{"arcane_focus_component":"0","area":null,"casting_time":"1 standard action","corrupt_component":"0","description_html":"\u003cp\u003eAs with passwall, you create a passage through wooden, plaster, or stone walls, but not through metal or other harder materials.\u003cbr /\u003eIf the wall\u0026#39;s thickness is more than 1 foot per caster level, then a single excavate spell simply makes a niche or short tunnel with the stated dimensions.\u003cbr /\u003eSeveral excavate spells can be used in succession to breach very thick walls by forming a continuing passage.\u003cbr /\u003eUnlike passwall, excavate is an instantaneous effect that does not end and cannot be dispelled; any passage it creates is permanent.\u003cbr /\u003eMaterial Component: A pinch of excavated earth.\u003c/p\u003e","descriptors":"","divine_focus_component":"0","duration":"Instantaneous","effect":"One 5-ft.-by-8-ft. opening, 1 ft./level deep","id":3510,"material_component":"1","meta_breath_component":"0","name":"Excavate","page":null,"rulebook":"Underdark","saving_throw":"None","school":"Transmutation","somatic_component":"1","spell_range":"Close (25 ft. + 5 ft./2 levels)","spell_resistance":"No","subschool":"","target":null,"true_name_component":"0","verbal_component":"1","xp_component":"0"}}