{"id":3519,"created":1449242822,"modified":1449242822,"data":{"arcane_focus_component":"0","area":null,"casting_time":null,"corrupt_component":"0","description_html":"\u003cp\u003eThis spell functions like stone metamorphosis, except as noted.\u003c/p\u003e","descriptors":"Earth","divine_focus_component":"0","duration":null,"effect":null,"id":3519,"material_component":"0","meta_breath_component":"0","name":"Stone Metamorphosis, Greater","page":null,"rulebook":"Underdark","saving_throw":null,"school":"Transmutation","somatic_component":"0","spell_range":null,"spell_resistance":null,"subschool":"","target":"Stone or stone objects touched, up to 10 cu. ft. + 10 cu. ft./level","true_name_component":"0","verbal_component":"0","xp_component":"0"}}