{"id":3525,"created":1449242822,"modified":1449242822,"data":{"arcane_focus_component":"0","area":null,"casting_time":"1 round","corrupt_component":"0","description_html":"\u003cp\u003eYou permanently disrupt the bond between the target creature and its legacy item (or items).\u003cbr /\u003eThe target is treated as if it had not performed any of the legacy rituals for its item or items.\u003cbr /\u003eIt loses all of the following feats it has gained for all of its legacy items: Greater Legacy, Least Legacy, Lesser Legacy.\u003cbr /\u003eIf the target\u0026#39;s Hit Dice total exceeds your caster level, the target adds the difference as a bonus on its Will save to negate the effect.\u003cbr /\u003eAny creature that successfully saves against this spell cannot be affected by it again for 24 hours.\u003cbr /\u003eThe target does not regain any of the personal costs paid to gain access to legacy abilities.\u003cbr /\u003eIt can regain access to its item\u0026#39;s legacy abilities by performing the requisite rituals again.\u003cbr /\u003eIn this case, it does not pay again any personal costs that it has already paid.\u003cbr /\u003eOther than by again performing the legacy rituals to regain lost feats, the effect of this spell can be negated only by miracle or wish.\u003c/p\u003e","descriptors":"","divine_focus_component":"0","duration":"Permanent","effect":null,"id":3525,"material_component":"0","meta_breath_component":"0","name":"Sever Legacy","page":null,"rulebook":"Weapons of Legacy","saving_throw":"Will negates","school":"Necromancy","somatic_component":"1","spell_range":"Close (25 ft. + 5 ft./2 levels)","spell_resistance":"Yes","subschool":"","target":"One creature","true_name_component":"0","verbal_component":"1","xp_component":"0"}}