{"id":353,"created":1449242755,"modified":1449242755,"data":{"arcane_focus_component":"0","area":null,"casting_time":"1 standard action","corrupt_component":"0","description_html":"\u003cp\u003eThis spell reduces the hardness and hit points of the targeted object to that of glass (hardness 1 and 1 hit point/inch of thickness).\u003cbr /\u003eIf the object already has a lower hardness score, the spell has no effect.\u003cbr /\u003e(As always, if the object is attended, its owner receives a saving throw; unattended nonmagical objects do not receive saving throws).\u003cbr /\u003eMaterial Component: A glass needle worth 100 gp.\u003c/p\u003e","descriptors":"","divine_focus_component":"0","duration":"Permanent","effect":null,"id":353,"material_component":"1","meta_breath_component":"0","name":"Trobriand's Crystalbrittle","page":null,"rulebook":"City of Splendors: Waterdeep","saving_throw":"Fortitude negates","school":"Transmutation","somatic_component":"1","spell_range":"Close (25 ft. + 5 ft./2 levels)","spell_resistance":"Yes","subschool":"","target":"One nonmagical object up to 1 cu. ft. per level","true_name_component":"0","verbal_component":"1","xp_component":"0"}}