{"id":3530,"created":1449242822,"modified":1449242822,"data":{"arcane_focus_component":"0","area":"","casting_time":"1 action","corrupt_component":"0","description_html":"\u003cp\u003eImprovisation makes available a floating \u0026quot;pool\u0026quot; of bonus points that the caster can use as desired to improve his or her odds of success at various tasks.\u003cbr /\u003eThis bonus pool consists of 2 points per level, which the caster can divide as desired among attack rolls and skill or ability checks.\u003cbr /\u003eThe caster must declare any bonus-point usage before the appropriate rolls are made.\u003cbr /\u003eUsed points disappear from the pool, and any points remaining when the spell ends are wasted.\u003cbr /\u003eThese points count as luck bonuses for purposes of stacking.\u003cbr /\u003eFor example, a 14th-level bard pauses from chasing a pickpocket to cast improvisation.\u003cbr /\u003eOver the next 14 rounds, he could add +8 to a Spot check, +6 to a Climb check, and +7 to two of his attack rolls.\u003cbr /\u003eMaterial Component: A pair of dice.\u003c/p\u003e","descriptors":"","divine_focus_component":"0","duration":"1 round/level","effect":"","id":3530,"material_component":"1","meta_breath_component":"0","name":"Improvisation","page":92,"rulebook":"Song and Silence: A Guidebook to Bards and Rogues","saving_throw":"","school":"Transmutation","somatic_component":"1","spell_range":"Personal","spell_resistance":"","subschool":"","target":"You","true_name_component":"0","verbal_component":"1","xp_component":"0"}}