{"id":3541,"created":1449242823,"modified":1449242823,"data":{"arcane_focus_component":"0","area":"","casting_time":"1 standard action","corrupt_component":"0","description_html":"\u003cp\u003e\u003cem\u003eEnergy wells up inside you and explodes outward in a furious burst.\u003c/em\u003e\u003c/p\u003e\u003c/b\u003e\u003c/b\u003e\u003cp\u003eWhen you cast energy vortex, you choose one of four energy types: acid, cold, electricity, or fire. A blast of that energy type bursts in all directions from you, dealing 1d8 points of damage +1 point per caster level (maximum +20) to nearby creatures other than you. If you are willing to take the damage yourself, you deal twice as much damage. You don\u0026#39;t get a Reflex save, but spell resistance applies, as do any resistances and immunities you have to the energy type.\u003c/p\u003e\u003c/b\u003e\u003c/b\u003e\u003cp\u003eThe descriptor of this spell is the same as the energy type you choose when you cast it.\u003c/p\u003e","descriptors":"see text","divine_focus_component":"0","duration":"Instantaneous","effect":"","id":3541,"material_component":"0","meta_breath_component":"0","name":"Energy Vortex","page":81,"rulebook":"Spell Compendium","saving_throw":"Reflex half","school":"Evocation","somatic_component":"1","spell_range":"20 ft.","spell_resistance":"Yes","subschool":"","target":"All creatures within a 20-ft.-radius burst centered on you","true_name_component":"0","verbal_component":"1","xp_component":"0"}}