{"id":3545,"created":1449242823,"modified":1449242823,"data":{"arcane_focus_component":"1","area":"30-ft.-radius emanation centered on the creature","casting_time":"1 standard action","corrupt_component":"0","description_html":"\u003cp\u003eThis spell creates a crown of magical energy that grants the spell?s recipient and all allies within 30 feet a +1 bonus on attack rolls and weapon damage rolls, and a +4 morale bonus on saving throws against fear. As an immediate action, the creature wearing a crown of courage can discharge its magic to grant himself and all allies within 30 feet a new saving throw against any fear effect currently affecting them, with the +4 morale bonus granted by the crown. The spell ends after the wearer uses the crown in this manner.\u003c/p\u003e\u003c/b\u003e\u003c/b\u003e\u003cp\u003eThe crown occupies space on the body as a headband, hat, or helm. If the targeted creature is already wearing an item on its head, the casting of this spell fails. If the crown is removed, or if the targeted creature dons an item that occupies its head, the spell immediately ends.\u003c/p\u003e\u003c/b\u003e\u003c/b\u003e\u003cp\u003e\u003cstrong\u003eFocus\u003c/strong\u003e: A thin golden hoop 6 inches in diameter costing 50 gp.\u003c/p\u003e","descriptors":"Mind-Affecting","divine_focus_component":"0","duration":"1 hour/level (D) or until discharged","effect":"","id":3545,"material_component":"0","meta_breath_component":"0","name":"Crown of Courage","page":113,"rulebook":"The Forge of War","saving_throw":"Will negates (harmless)","school":"Enchantment","somatic_component":"1","spell_range":"Touch","spell_resistance":"Yes (harmless)","subschool":"","target":"","true_name_component":"0","verbal_component":"1","xp_component":"0"}}