{"id":3555,"created":1449242823,"modified":1449242823,"data":{"arcane_focus_component":"0","area":"","casting_time":"1 swift action","corrupt_component":"0","description_html":"\u003cp\u003eWhen you cast this spell, you and one willing ally trade positions. If you occupy different spaces, the smaller of you must occupy at least one square previously occupied by the larger, the larger creature?s new space must completely cover the space previously occupied by the smaller, and you must start and end adjacent to each other.\u003c/p\u003e\u003c/b\u003e\u003c/b\u003e\u003cp\u003eYour ally gains a +2 sacred bonus to AC and on saves for 1 round, and you gain a +2 sacred bonus on a melee attack roll you make in the same round when you cast the spell.\u003c/p\u003e","descriptors":"","divine_focus_component":"1","duration":"Instantaneous","effect":"","id":3555,"material_component":"0","meta_breath_component":"0","name":"Protective Interposition","page":115,"rulebook":"The Forge of War","saving_throw":"None","school":"Conjuration","somatic_component":"1","spell_range":"Touch","spell_resistance":"No","subschool":"Teleportation","target":"One willing creature","true_name_component":"0","verbal_component":"1","xp_component":"0"}}