{"id":3557,"created":1449242823,"modified":1449242823,"data":{"arcane_focus_component":"0","area":"","casting_time":"1 standard action","corrupt_component":"0","description_html":"\u003cp\u003eTo employ this spell, you must make a successful ranged touch attack. If you hit, the target is sickened for the duration and cannot make use of the scent ability (if it possesses that ability). A successful Fortitude save reduces the duration to 1 round.\u003c/p\u003e","descriptors":"","divine_focus_component":"0","duration":"1 round/level","effect":"","id":3557,"material_component":"0","meta_breath_component":"0","name":"Skunk Scent","page":116,"rulebook":"The Forge of War","saving_throw":"Fortitude partial; see text","school":"Conjuration","somatic_component":"1","spell_range":"30 ft.","spell_resistance":"No","subschool":"Creation","target":"One living creature","true_name_component":"0","verbal_component":"0","xp_component":"0"}}