{"id":3577,"created":1449242823,"modified":1449242823,"data":{"arcane_focus_component":"0","area":"","casting_time":"1 swift action","corrupt_component":"0","description_html":"\u003cp\u003e\u003cem\u003eFire is not your enemy, and it does not harm you.\u003c/em\u003e\u003c/p\u003e\u003c/b\u003e\u003c/b\u003e\u003cp\u003eYou gain some resistance to fire as long as you remain in this stance. The amount of resistance is determined by your ranks in Tumble. If you have 19 or more ranks in Tumble, you gain immunity to fire while you are in this stance.\u003cbr /\u003eThis stance is a supernatural ability.\u003c/p\u003e\u003c/b\u003e\u003c/b\u003e\u003ctable\u003e\u003c/b\u003e\u003ctr\u003e\u003c/b\u003e\u003cth\u003eTumble Ranks \u003c/th\u003e\u003c/b\u003e\u003cth\u003eFire Resistance \u003c/th\u003e\u003c/b\u003e\u003c/tr\u003e\u003c/b\u003e\u003ctr\u003e\u003c/b\u003e\u003ctd\u003e 4-8 \u003c/td\u003e\u003c/b\u003e\u003ctd\u003e 5 \u003c/td\u003e\u003c/b\u003e\u003c/tr\u003e\u003c/b\u003e\u003ctr\u003e\u003c/b\u003e\u003ctd\u003e 9-13 \u003c/td\u003e\u003c/b\u003e\u003ctd\u003e 10 \u003c/td\u003e\u003c/b\u003e\u003c/tr\u003e\u003c/b\u003e\u003ctr\u003e\u003c/b\u003e\u003ctd\u003e14-18 \u003c/td\u003e\u003c/b\u003e\u003ctd\u003e 20 \u003c/td\u003e\u003c/b\u003e\u003c/tr\u003e\u003c/b\u003e\u003ctr\u003e\u003c/b\u003e\u003ctd\u003e 19+ \u003c/td\u003e\u003c/b\u003e\u003ctd\u003e Immunity \u003c/td\u003e\u003c/b\u003e\u003c/tr\u003e\u003c/b\u003e\u003c/table\u003e","descriptors":"Fire","divine_focus_component":"0","duration":"Stance","effect":"","id":3577,"material_component":"0","meta_breath_component":"0","name":"Flame's Blessing","page":53,"rulebook":"Tome of Battle: The Book of Nine Swords","saving_throw":"","school":"Desert Wind","somatic_component":"0","spell_range":"Personal","spell_resistance":"","subschool":"Stance","target":"You","true_name_component":"0","verbal_component":"0","xp_component":"0"}}