{"id":3610,"created":1449242824,"modified":1449242824,"data":{"arcane_focus_component":"0","area":"","casting_time":"1 full-round action","corrupt_component":"0","description_html":"\u003cp\u003e\u003cstrong\u003ePrerequisite\u003c/strong\u003e: good alignment\u003c/p\u003e\u003c/b\u003e\u003c/b\u003e\u003cp\u003e\u003cem\u003eYou gather the power of your faith and discipline, surrounding yourself in an aura of blinding glory.\u003c/em\u003e\u003c/p\u003e\u003c/b\u003e\u003c/b\u003e\u003cp\u003eYou must make a charge attack as part of this maneuver. If the target is evil-aligned, your attack deals an extra 6d6 points of damage. In addition, if your charge attack hits and the target is evil-aligned, you become wreathed in holy energy. You gain damage reduction 10/? until the beginning of your next turn.\u003c/p\u003e","descriptors":"Good","divine_focus_component":"0","duration":"1 round","effect":"","id":3610,"material_component":"0","meta_breath_component":"0","name":"Radiant Charge","page":60,"rulebook":"Tome of Battle: The Book of Nine Swords","saving_throw":"","school":"Devoted Spirit","somatic_component":"0","spell_range":"Melee attack","spell_resistance":"","subschool":"Strike","target":"One creature","true_name_component":"0","verbal_component":"0","xp_component":"0"}}