{"id":3628,"created":1449242825,"modified":1449242825,"data":{"arcane_focus_component":"0","area":"","casting_time":"1 standard action","corrupt_component":"0","description_html":"\u003cp\u003e\u003cem\u003eYour keen eye picks out the slightest imperfection in your opponent?s defenses. Your weapon becomes a tool of your mind.\u003c/em\u003e\u003c/p\u003e\u003c/b\u003e\u003c/b\u003e\u003cp\u003eThis maneuver functions like insightful strike, except that you deal damage equal to 2 ? your concentration check result.\u003c/p\u003e","descriptors":"","divine_focus_component":"0","duration":"","effect":"","id":3628,"material_component":"0","meta_breath_component":"0","name":"Insightful Strike, Greater","page":64,"rulebook":"Tome of Battle: The Book of Nine Swords","saving_throw":"","school":"Diamond Mind","somatic_component":"0","spell_range":"Melee attack","spell_resistance":"","subschool":"Strike","target":"One creature","true_name_component":"0","verbal_component":"0","xp_component":"0"}}