{"id":3629,"created":1449242825,"modified":1449242825,"data":{"arcane_focus_component":"0","area":"","casting_time":"1 immediate action","corrupt_component":"0","description_html":"\u003cp\u003e\u003cem\u003eYour training and mental toughness allow you to use your focus to overcome physical threats. By focusing your mind, you ignore the effect of a deadly poison or debilitating sickness.\u003c/em\u003e\u003c/p\u003e\u003c/b\u003e\u003c/b\u003e\u003cp\u003eYour diligent training and intense mental focus combine to allow you to overcome physical threats with the raw power of your mind.\u003c/p\u003e\u003c/b\u003e\u003c/b\u003e\u003cp\u003eYou can use this maneuver any time you would be required to make a Fortitude save. Make a Concentration check instead of the Fortitude save and use the result of that check to determine the save?s success. You must use this maneuver before you attempt the Fortitude save. A result of a natural 1 on your Concentration check is not an automatic failure.\u003c/p\u003e","descriptors":"","divine_focus_component":"0","duration":"","effect":"","id":3629,"material_component":"0","meta_breath_component":"0","name":"Mind Over Body","page":64,"rulebook":"Tome of Battle: The Book of Nine Swords","saving_throw":"","school":"Diamond Mind","somatic_component":"0","spell_range":"Personal","spell_resistance":"","subschool":"Counter","target":"You","true_name_component":"0","verbal_component":"0","xp_component":"0"}}