{"id":3634,"created":1449242825,"modified":1449242825,"data":{"arcane_focus_component":"0","area":"","casting_time":"1 swift action","corrupt_component":"0","description_html":"\u003cp\u003e\u003cem\u003eIn the blink of an eye, you make your move. Your speed, reflexes, and boundless confidence combine to allow you to make a fast, bold move that catches your foes off guard.\u003c/em\u003e\u003c/p\u003e\u003c/b\u003e\u003c/b\u003e\u003cp\u003eWith a burst of energy, you move forward to press an attack, draw an item from your backpack, or take some other move action. Your training, mental acuity, and drive allow you to move with greater speed and confidence than other warriors.\u003c/p\u003e\u003c/b\u003e\u003c/b\u003e\u003cp\u003eThis maneuver requires a swift action to initiate. You can take a free move action after you initiate this maneuver. You can use any of the options available for a move action. You can then use the rest of your actions as normal. For example, you could use this maneuver to move next to a foe, then take a full attack action. You could move, then make a charge attack, and so forth. The move action you gain from this maneuver provokes attacks of opportunity as normal.\u003c/p\u003e","descriptors":"","divine_focus_component":"0","duration":"","effect":"","id":3634,"material_component":"0","meta_breath_component":"0","name":"Quicksilver Motion","page":65,"rulebook":"Tome of Battle: The Book of Nine Swords","saving_throw":"","school":"Diamond Mind","somatic_component":"0","spell_range":"Personal","spell_resistance":"","subschool":"Boost","target":"You","true_name_component":"0","verbal_component":"0","xp_component":"0"}}