{"id":3639,"created":1449242825,"modified":1449242825,"data":{"arcane_focus_component":"0","area":"","casting_time":"1 swift action","corrupt_component":"0","description_html":"\u003cp\u003e\u003cem\u003eYou focus your efforts on a single opponent, studying his moves and preparing an attack. Your other opponents fade from sight as your mind locks onto your target.\u003c/em\u003e\u003c/p\u003e\u003c/b\u003e\u003c/b\u003e\u003cp\u003eThis stance allows you to focus on a single opponent to the exclusion of all others. You read your foe?s fighting stance, his favored attacks, and the methods he used to train. By combining these factors into a single analysis of his abilities, you see how to foil his attacks.\u003c/p\u003e\u003c/b\u003e\u003c/b\u003e\u003cp\u003eWhile you are in this stance, you must choose a single opponent as your target at the start of your turn. You gain a +2 insight bonus to AC against that foe until you change the target of this stance. You take a ?2 penalty to AC against all other opponents while using stance of clarity.\u003c/p\u003e","descriptors":"","divine_focus_component":"0","duration":"Stance","effect":"","id":3639,"material_component":"0","meta_breath_component":"0","name":"Stance of Clarity","page":66,"rulebook":"Tome of Battle: The Book of Nine Swords","saving_throw":"","school":"Diamond Mind","somatic_component":"0","spell_range":"Personal","spell_resistance":"","subschool":"Stance","target":"You","true_name_component":"0","verbal_component":"0","xp_component":"0"}}