{"id":3641,"created":1449242825,"modified":1449242825,"data":{"arcane_focus_component":"0","area":"","casting_time":"1 swift action","corrupt_component":"0","description_html":"\u003cp\u003e\u003cem\u003eYou shift your weight to the back of your feet and hold your blade carefully forward at the ready. Your muscles twitch slightly as you prepare to dodge the next attack you face.\u003c/em\u003e\u003c/p\u003e\u003c/b\u003e\u003c/b\u003e\u003cp\u003eThe absolute steel stance allows you to enhance your mobility and speed. You move quickly, keep a sharp eye on your enemies, and are ready to instantly sidestep any incoming attacks.\u003c/p\u003e\u003c/b\u003e\u003c/b\u003e\u003cp\u003eWhile you are in this stance, you gain a +10-foot enhancement bonus to your speed. If you move at least 10 feet during your turn, you gain a +2 dodge bonus to AC until the beginning of your next turn.\u003c/p\u003e","descriptors":"","divine_focus_component":"0","duration":"Stance","effect":"","id":3641,"material_component":"0","meta_breath_component":"0","name":"Absolute Steel","page":66,"rulebook":"Tome of Battle: The Book of Nine Swords","saving_throw":"","school":"Iron Heart","somatic_component":"0","spell_range":"Personal","spell_resistance":"","subschool":"Stance","target":"You","true_name_component":"0","verbal_component":"0","xp_component":"0"}}