{"id":3647,"created":1449242825,"modified":1449242825,"data":{"arcane_focus_component":"0","area":"","casting_time":"1 standard action","corrupt_component":"0","description_html":"\u003cp\u003e\u003cem\u003eYou deliver a devastating strike against a wounded foe, aiming to finish him off once and for all.\u003c/em\u003e\u003c/p\u003e\u003c/b\u003e\u003c/b\u003e\u003cp\u003eIron Heart teaches that it is best to finish off a foe with as little effort as possible, the better to save your strength for your remaining enemies. When you use this maneuver, you throw yourself on the offensive with little thought to your defenses. If this attack strikes home, it might end a fight several crucial seconds early.\u003c/p\u003e\u003c/b\u003e\u003c/b\u003e\u003cp\u003eAs part of this maneuver, you make a melee attack against a creature. This attack deals an extra 4d6 points of damage. If the target?s current hit points are less than its full normal hit points, the attack instead deals an extra 6d6 points of damage. If its hit points are equal to or less than one-half its full normal hit points, the attack instead deals an extra 14d6 points of damage.\u003c/p\u003e","descriptors":"","divine_focus_component":"0","duration":"","effect":"","id":3647,"material_component":"0","meta_breath_component":"0","name":"Finishing Move","page":67,"rulebook":"Tome of Battle: The Book of Nine Swords","saving_throw":"","school":"Iron Heart","somatic_component":"0","spell_range":"Melee attack","spell_resistance":"","subschool":"Strike","target":"One creature","true_name_component":"0","verbal_component":"0","xp_component":"0"}}