{"id":3648,"created":1449242825,"modified":1449242825,"data":{"arcane_focus_component":"0","area":"","casting_time":"1 swift action","corrupt_component":"0","description_html":"\u003cp\u003e\u003cem\u003eYou push aside the pain of your injuries to fight on past mortal limits.\u003c/em\u003e\u003c/p\u003e\u003c/b\u003e\u003c/b\u003e\u003cp\u003eIf you have half or fewer of your full normal hit points remaining, you can initiate this maneuver to heal hit points equal to 2 ? your level.\u003c/p\u003e","descriptors":"","divine_focus_component":"0","duration":"","effect":"","id":3648,"material_component":"0","meta_breath_component":"0","name":"Iron Heart Endurance","page":68,"rulebook":"Tome of Battle: The Book of Nine Swords","saving_throw":"","school":"Iron Heart","somatic_component":"0","spell_range":"Personal","spell_resistance":"","subschool":"Boost","target":"You","true_name_component":"0","verbal_component":"0","xp_component":"0"}}