{"id":3651,"created":1449242825,"modified":1449242825,"data":{"arcane_focus_component":"0","area":"","casting_time":"1 immediate action","corrupt_component":"0","description_html":"\u003cp\u003e\u003cem\u003eYour foe twists out of the way of your initial attack, but your weapon becomes a blur as you reverse direction and strike at him again with lightning speed. In the blink of an eye, you complete your attack and resume your defensive posture.\u003c/em\u003e\u003c/p\u003e\u003c/b\u003e\u003c/b\u003e\u003cp\u003eThis maneuver embodies the ethos of speed and energy that the Iron Heart tradition teaches. If one of your melee attacks misses, you can initiate this maneuver to reroll that attack roll with a +2 bonus.\u003c/p\u003e","descriptors":"","divine_focus_component":"0","duration":"","effect":"","id":3651,"material_component":"0","meta_breath_component":"0","name":"Lightning Recovery","page":68,"rulebook":"Tome of Battle: The Book of Nine Swords","saving_throw":"","school":"Iron Heart","somatic_component":"0","spell_range":"Personal","spell_resistance":"","subschool":"Counter","target":"You","true_name_component":"0","verbal_component":"0","xp_component":"0"}}