{"id":3671,"created":1449242825,"modified":1449242825,"data":{"arcane_focus_component":"0","area":"","casting_time":"1 swift action","corrupt_component":"0","description_html":"\u003cp\u003e\u003cem\u003eYou dart between a giant?s legs, lashing at his inner ankles and other vulnerable areas while staying inside his reach where he cannot hope to parry your attacks.\u003c/em\u003e\u003c/p\u003e\u003c/b\u003e\u003c/b\u003e\u003cp\u003eThe Setting Sun school teaches a fighting style that emphasizes using an opponent?s strength and momentum against him. The giant killing strike epitomizes this approach. By sizing up a larger opponent and studying his fighting stance and tendencies, you aim your strikes at vulnerable points on his lower body that he cannot defend effectively. You slice at tendons on your foe?s feet, smash his knees, and cut into his hamstrings.\u003c/p\u003e\u003c/b\u003e\u003c/b\u003e\u003cp\u003eWhen you are in this stance, you gain a +2 bonus on attack rolls and a +4 bonus on damage rolls against opponents of a larger size category than yours. This bonus applies to all attacks you make for the rest of your turn.\u003c/p\u003e","descriptors":"","divine_focus_component":"0","duration":"Stance","effect":"","id":3671,"material_component":"0","meta_breath_component":"0","name":"Giant Killing Style","page":72,"rulebook":"Tome of Battle: The Book of Nine Swords","saving_throw":"","school":"Setting Sun","somatic_component":"0","spell_range":"Personal","spell_resistance":"","subschool":"Stance","target":"You","true_name_component":"0","verbal_component":"0","xp_component":"0"}}