{"id":3672,"created":1449242826,"modified":1449242826,"data":{"arcane_focus_component":"0","area":"","casting_time":"1 standard action","corrupt_component":"0","description_html":"\u003cp\u003e\u003cem\u003eYou take stock of an opponent?s fighting style and make a single, carefully aimed attack that leaves the creature unable to make all of its attacks.\u003c/em\u003e\u003c/p\u003e\u003c/b\u003e\u003c/b\u003e\u003cp\u003eYou take careful aim at an enemy creature, striking it with the precise amount of force needed to push it off guard and leave it unable to bring all of its attacks to bear. Your opponent must spend critical seconds adjusting its guard and reevaluating its surroundings.\u003c/p\u003e\u003c/b\u003e\u003c/b\u003e\u003cp\u003eAs part of this maneuver, make a single melee attack. If this attack hits, your target takes normal damage and cannot make a full attack on its next turn. Otherwise, it can act normally.\u003c/p\u003e","descriptors":"","divine_focus_component":"0","duration":"","effect":"","id":3672,"material_component":"0","meta_breath_component":"0","name":"Hydra Slaying Strike","page":73,"rulebook":"Tome of Battle: The Book of Nine Swords","saving_throw":"","school":"Setting Sun","somatic_component":"0","spell_range":"Melee attack","spell_resistance":"","subschool":"Strike","target":"One creature","true_name_component":"0","verbal_component":"0","xp_component":"0"}}