{"id":3675,"created":1449242826,"modified":1449242826,"data":{"arcane_focus_component":"0","area":"","casting_time":"1 immediate action","corrupt_component":"0","description_html":"\u003cp\u003e\u003cem\u003eYou knock your opponent?s attack aside, guiding his weapon into one of his allies.\u003c/em\u003e\u003c/p\u003e\u003c/b\u003e\u003c/b\u003e\u003cp\u003eYour keen eye and ability to discern a foe?s motives and intentions allow you to deflect an incoming attack into a different target. \u003c/p\u003e\u003c/b\u003e\u003c/b\u003e\u003cp\u003eIf an opponent attacks you, you can initiate this maneuver to make an opposed attack roll as an immediate action. If your foe?s result is higher, he attacks you as normal. If your result is higher, you can choose a creature adjacent to you and within your opponent?s threatened area. The chosen creature is the new target of your foe?s attack. Use your enemy?s original attack roll result to determine if he strikes the new target.\u003c/p\u003e","descriptors":"","divine_focus_component":"0","duration":"","effect":"","id":3675,"material_component":"0","meta_breath_component":"0","name":"Scorpion Parry","page":73,"rulebook":"Tome of Battle: The Book of Nine Swords","saving_throw":"","school":"Setting Sun","somatic_component":"0","spell_range":"Personal","spell_resistance":"","subschool":"Counter","target":"You","true_name_component":"0","verbal_component":"0","xp_component":"0"}}