{"id":3687,"created":1449242826,"modified":1449242826,"data":{"arcane_focus_component":"0","area":"","casting_time":"1 swift action","corrupt_component":"0","description_html":"\u003cp\u003e\u003cem\u003eThe shadows around you seem to surge forward and engulf you. For a brief moment, they render you invisible.\u003c/em\u003e\u003c/p\u003e\u003c/b\u003e\u003c/b\u003e\u003cp\u003eWhen you initiate this maneuver, you turn invisible, as the \u003cem\u003egreater invisibility\u003c/em\u003e spell (PH 245). You remain invisible until the end of your current turn.\u003c/p\u003e\u003c/b\u003e\u003c/b\u003e\u003cp\u003eThis maneuver is a supernatural ability.\u003c/p\u003e","descriptors":"","divine_focus_component":"0","duration":"End of turn","effect":"","id":3687,"material_component":"0","meta_breath_component":"0","name":"Cloak of Deception","page":76,"rulebook":"Tome of Battle: The Book of Nine Swords","saving_throw":"","school":"Shadow Hand","somatic_component":"0","spell_range":"Personal","spell_resistance":"","subschool":"Boost","target":"You","true_name_component":"0","verbal_component":"0","xp_component":"0"}}