{"id":3714,"created":1449242826,"modified":1449242826,"data":{"arcane_focus_component":"0","area":"","casting_time":"1 standard action","corrupt_component":"0","description_html":"\u003cp\u003e\u003cem\u003eThe overwhelming power behind your attack leaves your opponent unable to move. The punishing strike forces it to waste a few moments shrugging off the effects of your attack.\u003c/em\u003e\u003c/p\u003e\u003c/b\u003e\u003c/b\u003e\u003cp\u003eBy making a powerful, focused blow, you leave your opponent unable to move. The crushing weight of your attack forces it to waste a precious moment regaining its footing.\u003c/p\u003e\u003c/b\u003e\u003c/b\u003e\u003cp\u003eAs part of this maneuver, you make a melee attack. This attack deals an extra 4d6 points of damage. If the creature you hit is standing on the ground, your attack also drops the target?s speed to 0 feet (for all movement types) for 1 round. It can act normally in all other ways.\u003c/p\u003e\u003c/b\u003e\u003c/b\u003e\u003cp\u003eThis maneuver functions only against opponents standing on the ground. A flying creature or a levitating target is immune to the speed reducing effect, but not to the extra damage.\u003c/p\u003e","descriptors":"","divine_focus_component":"0","duration":"1 round","effect":"","id":3714,"material_component":"0","meta_breath_component":"0","name":"Crushing Vise","page":82,"rulebook":"Tome of Battle: The Book of Nine Swords","saving_throw":"","school":"Stone Dragon","somatic_component":"0","spell_range":"Melee attack","spell_resistance":"","subschool":"Strike","target":"One creature","true_name_component":"0","verbal_component":"0","xp_component":"0"}}