{"id":3776,"created":1449242828,"modified":1449242828,"data":{"arcane_focus_component":"0","area":"","casting_time":"1 immediate action","corrupt_component":"0","description_html":"\u003cp\u003e\u003cem\u003eYou gesture toward your ally and call upon the power of your beliefs. A soft, golden glow appears on your companion\u0026#39;s chest, around his heart.\u003c/em\u003e\u003c/p\u003e\u003c/b\u003e\u003c/b\u003e\u003cp\u003eThe subject of this powerful spell is unable to die from hit point damage. While under the protection of this spell, the normal limit of \u0026#8212;9 hit points before a character dies is extended without limit. A condition or spell that destroys enough of the subject\u0026#39;s body so as to not allow \u003ca href=\"/spells/players-handbook-v35--6/raise-dead--2424/\"\u003e\u003cem\u003eraise dead\u003c/em\u003e\u003c/a\u003e to work, such as a  \u003ca href=\"/spells/players-handbook-v35--6/disintegrate--2801/\"\u003e\u003cem\u003edisintegrate\u003c/em\u003e\u003c/a\u003e effect, still kills the creature, as does death brought about by ability score damage, level drain, or a death effect.\u003c/p\u003e\u003c/b\u003e\u003c/b\u003e\u003cp\u003eThe spell does not prevent the subject from entering the dying state by dropping to \u0026#8212;1 hit points. It merely prevents death as a result of hit point loss.\u003c/p\u003e\u003c/b\u003e\u003c/b\u003e\u003cp\u003eIf the subject has fewer than \u0026#8212;9 hit points when the spell\u0026#39;s duration expires, it dies instantly.\u003c/p\u003e","descriptors":"","divine_focus_component":"1","duration":"1 round/level","effect":"","id":3776,"material_component":"0","meta_breath_component":"0","name":"Delay Death","page":63,"rulebook":"Spell Compendium","saving_throw":"Will negates (harmless)","school":"Necromancy","somatic_component":"1","spell_range":"Close (25 ft. + 5 ft./2 levels)","spell_resistance":"Yes (harmless)","subschool":"","target":"One creature","true_name_component":"0","verbal_component":"1","xp_component":"0"}}