{"id":3779,"created":1449242828,"modified":1449242828,"data":{"arcane_focus_component":"0","area":"","casting_time":"1 swift action","corrupt_component":"0","description_html":"\u003cp\u003e\u003cem\u003eBy presenting your weapon with an overly dramatic flourish and calling out with a sickly-sounding moan, you complete the spell. As you do so, your weapon becomes translucent almost to the point that you cannot see it, though it still weighs as heavily in your hand.\u003c/em\u003e\u003c/p\u003e\u003c/b\u003e\u003c/b\u003e\u003cp\u003eWhile this spell is in effect, your melee attacks are resolved as melee touch attacks rather than normal melee attacks.\u003c/p\u003e","descriptors":"","divine_focus_component":"0","duration":"1 round","effect":"","id":3779,"material_component":"0","meta_breath_component":"0","name":"Wraithstrike","page":243,"rulebook":"Spell Compendium","saving_throw":"","school":"Transmutation","somatic_component":"1","spell_range":"Personal","spell_resistance":"","subschool":"","target":"You","true_name_component":"0","verbal_component":"1","xp_component":"0"}}