{"id":3830,"created":1449242829,"modified":1449242829,"data":{"arcane_focus_component":"0","area":"All sighted creatures within a 20-ft-radius burst centered on you","casting_time":"1 standard action","corrupt_component":"0","description_html":"\u003cp\u003e\u003cem\u003eYour body explodes with radiance that bathes the area around you in sunlight.\u003c/em\u003e\u003c/p\u003e\u003c/b\u003e\u003c/b\u003e\u003cp\u003eAny creature within the area of the spell that can see you must make a saving throw or be temporarily blinded. The blindness lasts for 1 minute per caster level.\u003c/p\u003e\u003c/b\u003e\u003c/b\u003e\u003cp\u003eAn undead creature caught within the spell\u0026#39;s area takes 1d6 points of damage per two caster levels (maximum 10d6), or half damage if a Reflex save is successful. In addition, the beam results in the destruction of any undead creature specifically harmed by bright light (such as a vampire) if it fails its save.\u003c/p\u003e\u003c/b\u003e\u003c/b\u003e\u003cp\u003eThe ultraviolet light generated by the spell deals damage to fungi, mold, oozes, and slimes as if they were undead creatures.\u003c/p\u003e","descriptors":"Light","divine_focus_component":"0","duration":"Instantaneous","effect":"","id":3830,"material_component":"0","meta_breath_component":"0","name":"Anger of the Noonday Sun","page":11,"rulebook":"Spell Compendium","saving_throw":"Reflex negates; see text","school":"Evocation","somatic_component":"1","spell_range":"20 feet","spell_resistance":"Yes","subschool":"","target":"","true_name_component":"0","verbal_component":"1","xp_component":"0"}}