{"id":3839,"created":1449242829,"modified":1449242829,"data":{"arcane_focus_component":"1","area":"","casting_time":"15 minutes","corrupt_component":"0","description_html":"\u003cp\u003e_Although there is no visible effect from this spellcasting, you channel divine power through your mind, shaping and transforming this energy into the potential to cast one arcane spell.\u003c/p\u003e\u003c/b\u003e\u003c/b\u003e\u003cp\u003eAnyspell allows you to read and prepare any arcane spell of up to 2nd level. You must have an arcane magical writing (a scroll or spellbook) on hand to cast anyspell. During the spell\u0026#39;s 15-minute casting time, you can scan the spells available and choose one to read and prepare.\u003c/p\u003e\u003c/b\u003e\u003c/b\u003e\u003cp\u003eOnce you choose and prepare an arcane spell, you retain it in your mind. The prepared spell occupies your 3rd-level domain spell slot. If you read the spell from a spellbook, the book is unharmed, but reading a spell from a scroll erases the spell from the scroll.\u003c/p\u003e\u003c/b\u003e\u003c/b\u003e\u003cp\u003eWhen you cast the arcane spell, it works just as though cast by a wizard of your cleric level except that your Wisdom score sets the save DC (if applicable). You must have a Wisdom of at least 10 + the arcane spell\u0026#39;s level to prepare and cast it. Your holy symbol substitutes for any noncostly material component. If the spell has a costly material component (one to which a gold piece value is assigned), you must provide it. If the spell has another focus, you must provide the focus. If the spell has an XP component, you must pay the experience point cost.\u003c/p\u003e","descriptors":"","divine_focus_component":"1","duration":"Instantaneous","effect":"","id":3839,"material_component":"1","meta_breath_component":"0","name":"Anyspell","page":14,"rulebook":"Spell Compendium","saving_throw":"","school":"Transmutation","somatic_component":"1","spell_range":"Personal","spell_resistance":"","subschool":"","target":"You","true_name_component":"0","verbal_component":"1","xp_component":"1"}}