{"id":384,"created":1449242755,"modified":1449242755,"data":{"arcane_focus_component":"0","area":"","casting_time":"1 standard action","corrupt_component":"0","description_html":"\u003cp\u003eYou and a willing target can communicate verbally no matter how much distance you put between yourselves on the same plane.\u003cbr /\u003eEither participant can end the spell at any time.\u003cbr /\u003eSpeechlink allows each to hear the other\u0026#39;s vocalizations, whatever their volume.\u003cbr /\u003eIt does not transfer other sounds from either participant\u0026#39;s location.\u003cbr /\u003eThis spell works on any creatures, including animals, but does not convey any special language comprehension abilities.\u003c/p\u003e","descriptors":"","divine_focus_component":"0","duration":"10 minutes/level (D)","effect":"","id":384,"material_component":"0","meta_breath_component":"0","name":"Speechlink","page":null,"rulebook":"Complete Adventurer","saving_throw":"None","school":"Divination","somatic_component":"1","spell_range":"Touch","spell_resistance":"No","subschool":"","target":"You and one creature touched","true_name_component":"0","verbal_component":"1","xp_component":"0"}}