{"id":3843,"created":1449242829,"modified":1449242829,"data":{"arcane_focus_component":"0","area":"","casting_time":"1 standard action","corrupt_component":"0","description_html":"\u003cp\u003e\u003cem\u003eThe spell envelops the creature in a shroud of flickering shadows.\u003c/em\u003e\u003c/p\u003e\u003c/b\u003e\u003c/b\u003e\u003cp\u003eThe shroud grants the subject a +4 deflection bonus to Armor Class plus an additional +1 for every three caster levels above 7th (for a total of +5 at 10th level, +6 at 13th, +7 at 16th, to a maximum of +8 at 19th level). The subject can see through the armor as if it did not exist and is also afforded darkvision out to 60 feet. The subject gains a +2 saving throw bonus against any holy, good, or light spells or effects. Undead creatures that are subjects of armor of darkness also gain +4 turn resistance.\u003c/p\u003e","descriptors":"Darkness","divine_focus_component":"1","duration":"10 minutes/level","effect":"","id":3843,"material_component":"0","meta_breath_component":"0","name":"Armor of Darkness","page":15,"rulebook":"Spell Compendium","saving_throw":"Will negates (harmless)","school":"Abjuration","somatic_component":"1","spell_range":"Touch","spell_resistance":"Yes (harmless)","subschool":"","target":"Creature touched","true_name_component":"0","verbal_component":"1","xp_component":"0"}}