{"id":3846,"created":1449242829,"modified":1449242829,"data":{"arcane_focus_component":"0","area":"","casting_time":"1 swift action","corrupt_component":"0","description_html":"\u003cp\u003e\u003cem\u003eYour bow glows blue for an instant and now feels as light as a feather in your hand. In your mind\u0026#39;s eye you see the arrows in your quiver, and your hand feels drawn to them.\u003c/em\u003e\u003c/p\u003e\u003c/b\u003e\u003c/b\u003e\u003cp\u003eYou can cast this spell only at the beginning of your turn, before you take any other actions. After casting arrow storm, you can use a full-round action to make one ranged attack with a bow with which you are proficient against every foe within a distance equal to the weapon\u0026#39;s range increment. You can attack a maximum number of individual targets equal to your character level. If you choose not to spend a full-round action in this fashion after casting the spell, the spell has no effect.\u003c/p\u003e","descriptors":"","divine_focus_component":"0","duration":"1 round","effect":"","id":3846,"material_component":"0","meta_breath_component":"0","name":"Arrow Storm","page":16,"rulebook":"Spell Compendium","saving_throw":"","school":"Transmutation","somatic_component":"0","spell_range":"Personal","spell_resistance":"","subschool":"","target":"You","true_name_component":"0","verbal_component":"1","xp_component":"0"}}