{"id":3855,"created":1449242830,"modified":1449242830,"data":{"arcane_focus_component":"0","area":"10-ft.-radius spread","casting_time":"1 swift action","corrupt_component":"0","description_html":"\u003cp\u003e\u003cem\u003eYou invoke the holy words and a soft golden light radiates from you. You feel surer of yourself, bolstered by the power of your beliefs.\u003c/em\u003e\u003c/p\u003e\u003c/b\u003e\u003c/b\u003e\u003cp\u003eYou channel divine power into yourself, spreading glory to your comrades. This spell removes any fear effect from all allies within your aura of courage.\u003c/p\u003e","descriptors":"","divine_focus_component":"1","duration":"Instantaneous","effect":"","id":3855,"material_component":"0","meta_breath_component":"0","name":"Aura of Glory","page":18,"rulebook":"Spell Compendium","saving_throw":"None","school":"Transmutation","somatic_component":"0","spell_range":"","spell_resistance":"No","subschool":"","target":"","true_name_component":"0","verbal_component":"1","xp_component":"0"}}