{"id":3858,"created":1449242830,"modified":1449242830,"data":{"arcane_focus_component":"0","area":"","casting_time":"1 standard action","corrupt_component":"0","description_html":"\u003cp\u003e\u003cem\u003eYou shoot a black ray of necromantic energy from your outstretched hand, causing your foe to violently purge blood vessels through its skin. The purged blood vessels spread outward, creating a many-layered mass of bloody, adhesive tissue that traps nearby creatures in a gory horror.\u003c/em\u003e\u003c/p\u003e\u003c/b\u003e\u003c/b\u003e\u003cp\u003eYou must succeed on a ranged touch attack with the ray to strike a target. If the attack is successful, the subject loses half its hit points (rounded down) and is stunned for 1 round. On a successful Fortitude saving throw, the subject is not stunned. Oozes and plants are not affected by this spell.\u003c/p\u003e\u003c/b\u003e\u003c/b\u003e\u003cp\u003eThe avascular mass instantaneously erupts from the subject and must be anchored to at least two opposed points\u0026#8212;such as floor and ceiling or opposite walls\u0026#8212;or else the mass collapses and has no effect. Creatures caught within a 20-foot-radius avascular mass become entangled. The original target of the spell is automatically entangled. Because the avascular mass is magically animate and gradually tightens on those it holds, an entangled character who attempts to cast a spell must make a DC 25 Concentration check or lose the spell.\u003c/p\u003e\u003c/b\u003e\u003c/b\u003e\u003cp\u003eAnyone within 20 feet of the primary target when the spell is cast must make a Reflex save. If this save succeeds, the creature is not stuck in the avascular mass and is free to act, though moving might be a problem (see below). If the save fails, the creature is stuck. A stuck creature can break loose by spending 1 round and succeeding on a DC 20 Strength check or a DC 25 Escape Artist check. Once loose (either from making the initial Reflex save or a later Strength check or Escape Artist check), a creature can progress through the writhing blood vessels very slowly. Each round devoted to moving allows the creature to make a new Strength check or Escape Artist check. The creature moves 5 feet for each full 5 points by which the check result exceeds 10.\u003c/p\u003e\u003c/b\u003e\u003c/b\u003e\u003cp\u003eIf you have at least 5 feet of avascular mass between you and an opponent, it provides cover. If you have at least 20 feet of avascular mass between you, it provides total cover.\u003c/p\u003e\u003c/b\u003e\u003c/b\u003e\u003cp\u003eThe avascular mass of entangling tissue persists for 1 round per caster level. When the duration elapses, the blood vessel mass becomes so much limp, decaying tissue.\u003c/p\u003e","descriptors":"Death, Evil","divine_focus_component":"0","duration":"SEe text","effect":"Ray","id":3858,"material_component":"0","meta_breath_component":"0","name":"Avascular Mass","page":19,"rulebook":"Spell Compendium","saving_throw":"Fortitude partial and Reflex negates; see text","school":"Necromancy","somatic_component":"1","spell_range":"Close (25 ft. + 5 ft./2 levels","spell_resistance":"Yes","subschool":"","target":"","true_name_component":"0","verbal_component":"1","xp_component":"0"}}