{"id":386,"created":1449242755,"modified":1449242755,"data":{"arcane_focus_component":"0","area":null,"casting_time":"1 swift action","corrupt_component":"0","description_html":"\u003cp\u003eWhile this spell is in effect, you have a special connection to the forces of nature that allows you to deliver sneak attacks on plant creatures as if they were not immune to sneak attacks.\u003cbr /\u003eTo attack a plant creature in this manner, you must still meet the other requirements for making a sneak attack.\u003cbr /\u003eThis spell applies only to sneak attack damage.\u003cbr /\u003eIt gives you no ability to affect plant creatures with critical hits, nor does it confer any special ability to overcome the damage reduction or other defenses of plant creatures.\u003c/p\u003e","descriptors":"","divine_focus_component":"1","duration":"1 round","effect":null,"id":386,"material_component":"0","meta_breath_component":"0","name":"Vine Strike","page":null,"rulebook":"Complete Adventurer","saving_throw":null,"school":"Divination","somatic_component":"0","spell_range":"Personal","spell_resistance":null,"subschool":"","target":"You","true_name_component":"0","verbal_component":"1","xp_component":"0"}}