{"id":3876,"created":1449242830,"modified":1449242830,"data":{"arcane_focus_component":"0","area":"","casting_time":"1 standard action","corrupt_component":"0","description_html":"\u003cp\u003e\u003cem\u003eYou touch the target and it vanishes in a shower of golden sparks. Almost instantly, it appears a short distance away.\u003c/em\u003e \u003c/p\u003e\u003c/b\u003e\u003c/b\u003e\u003cp\u003eYou teleport a target to a random, safe location up to 100 feet distant and visible to you. \u003c/p\u003e\u003c/b\u003e\u003c/b\u003e\u003cp\u003eTo randomly determine the subject\u0026#39;s destination, roll 1d8 to determine the direction, then roll 1d10?10 to determine the distance from the subject\u0026#39;s previous location. Roll direction and distance again if this new destination is outside your line of sight, within a solid object, or more than 5 feet above the ground. \u003c/p\u003e\u003c/b\u003e\u003c/b\u003e\u003cp\u003eIf your target is being held (whether an object held by a character or a character being grappled by a creature), the holding or grappling creature also receives a Will saving throw to resist.\u003c/p\u003e","descriptors":"Teleportation, Sonic","divine_focus_component":"0","duration":"Instantaneous","effect":"","id":3876,"material_component":"0","meta_breath_component":"0","name":"G\"Elsewhere Chant","page":100,"rulebook":"Spell Compendium","saving_throw":"Will negates","school":"Conjuration","somatic_component":"1","spell_range":"Touch","spell_resistance":"Yes","subschool":"","target":"One creature or object touched","true_name_component":"0","verbal_component":"1","xp_component":"0"}}