{"id":3883,"created":1449242830,"modified":1449242830,"data":{"arcane_focus_component":"1","area":"","casting_time":"1 standard action","corrupt_component":"0","description_html":"\u003cp\u003e\u003cem\u003eYou clutch the quartz in your hand, focusing the energy of the spell into a sharp spear. With a thought, you send it whistling through the air at your foe.\u003c/em\u003e\u003c/p\u003e\u003c/b\u003e\u003c/b\u003e\u003cp\u003eYou must succeed on a normal ranged attack to strike a target with an \u003cem\u003eicelance\u003c/em\u003e. You gain a +4 bonus on your attack roll. If you hit, the \u003cem\u003eicelance\u003c/em\u003e deals 6d6 points of damage to the target. Half of this damage is piercing damage; the rest is cold damage. In addition, the target must make a Fortitude save or be stunned for 1d4 rounds. Regardless of the result of the attack, the \u003cem\u003eicelance\u003c/em\u003e shatters upon its first use.\u003c/p\u003e\u003c/b\u003e\u003c/b\u003e\u003cp\u003e\u003cem\u003eFocus\u003c/em\u003e: A 50-gp clear quartz gemstone. Alternatively, if you are in a cold region, you can substitute 10 pounds of ice or snow for the quartz.\u003c/p\u003e","descriptors":"","divine_focus_component":"1","duration":"Instantaneous","effect":"One lance of ice","id":3883,"material_component":"0","meta_breath_component":"0","name":"Icelance","page":119,"rulebook":"Spell Compendium","saving_throw":"Fortitude partial","school":"Conjuration","somatic_component":"1","spell_range":"Medium (100 ft. + 10 ft./level)","spell_resistance":"Yes","subschool":"Creation","target":"","true_name_component":"0","verbal_component":"1","xp_component":"0"}}