{"id":390,"created":1449242755,"modified":1449242755,"data":{"arcane_focus_component":"1","area":null,"casting_time":"1 standard action","corrupt_component":"0","description_html":"\u003cp\u003eHarmonic chorus lets you improve the spellcasting ability of another spellcaster.\u003cbr /\u003eFor the duration of the spell, the subject gains a +2 morale bonus to caster level and a +2 morale bonus on save DCs for all spells she casts.\u003cbr /\u003eFocus: A tuning fork.\u003c/p\u003e","descriptors":"Mind-Affecting","divine_focus_component":"0","duration":"Concentration, up to 1 round/level (D)","effect":null,"id":390,"material_component":"0","meta_breath_component":"0","name":"Harmonic Chorus","page":null,"rulebook":"Complete Adventurer","saving_throw":"Will negates (harmless)","school":"Enchantment","somatic_component":"1","spell_range":"Close (25 ft. + 5 ft./2 levels)","spell_resistance":"Yes","subschool":"Compulsion","target":"One living creature","true_name_component":"0","verbal_component":"1","xp_component":"0"}}