{"id":3901,"created":1449242831,"modified":1449242831,"data":{"arcane_focus_component":"0","area":"","casting_time":"1 minute","corrupt_component":"0","description_html":"\u003cp\u003e\u003cem\u003eYou place the coin on the table, touch it, and whisper the words of the spell. Softly the coin begins to replay the music of the previous night\u0026#39;s performance.\u003c/em\u003e \u003c/p\u003e\u003c/b\u003e\u003c/b\u003e\u003cp\u003eYou prepare an object that records and replays a song previously played or sung in its vicinity. When cast, the spell searches a radius of 50 feet for the lingering notes of a tune played there within the last day. It records these notes and reverberations. At your verbal command, \u0026quot;Play,\u0026quot; the ghostharp replays the music. The tune repeats until you command it to stop, or until its duration comes to an end. The ghostharp does not record conversations. Its imperfect replay can\u0026#39;t reproduce bardic music or other magical effects, nor can it cast spells.\u003c/p\u003e","descriptors":"","divine_focus_component":"0","duration":"5 minutes / level","effect":"","id":3901,"material_component":"0","meta_breath_component":"0","name":"Ghostharp","page":104,"rulebook":"Spell Compendium","saving_throw":"None","school":"Divination","somatic_component":"1","spell_range":"Touch","spell_resistance":"No","subschool":"","target":"Object touched","true_name_component":"0","verbal_component":"1","xp_component":"0"}}