{"id":391,"created":1449242755,"modified":1449242755,"data":{"arcane_focus_component":"0","area":"20-ft.-radius burst centered on you","casting_time":"1 swift action","corrupt_component":"0","description_html":"\u003cp\u003eYou produce a crowd-stopping shout that holds an air of authority others find difficult to ignore.\u003cbr /\u003eAny creature with 5 Hit Dice or less is slowed for 1 round.\u003cbr /\u003eCreatures beyond the radius of the burst might hear the shout, but they are not slowed.\u003c/p\u003e","descriptors":"Mind-Affecting, Sonic","divine_focus_component":"0","duration":"1 round","effect":null,"id":391,"material_component":"0","meta_breath_component":"0","name":"Herald's Call","page":null,"rulebook":"Complete Adventurer","saving_throw":"Will negates","school":"Enchantment","somatic_component":"1","spell_range":"20 ft.","spell_resistance":"Yes","subschool":"Compulsion","target":null,"true_name_component":"0","verbal_component":"1","xp_component":"0"}}