{"id":3936,"created":1449242831,"modified":1449242831,"data":{"arcane_focus_component":"0","area":"","casting_time":"1 standard action","corrupt_component":"0","description_html":"\u003cp\u003e\u003cem\u003eYou pinch a piece of glass between your fingers and as it crumbles to nothingness, a glassy prison springs into being.\u003c/em\u003e\u003c/p\u003e\u003c/b\u003e\u003c/b\u003e\u003cp\u003eYou create a translucent prison of pure crystalline force around a target on the Ethereal Plane. You must be able to see or otherwise target the creature you wish to affect.\u003c/p\u003e\u003c/b\u003e\u003c/b\u003e\u003cp\u003eThe subject affected by the chamber cannot move on either the Ethereal Plane or its coterminous planes for the duration of the spell but is otherwise unaffected. The subject cannot move onto another plane while inside the chamber, including the Material Plane.\u003c/p\u003e\u003c/b\u003e\u003c/b\u003e\u003cp\u003eThe subject within the crystalline prison cannot make physical attacks or be attacked and is unaffected by most spells and supernatural abilities. Gaze attacks and sonic spells function through the walls of the crystalline prison, but a creature within the chamber gains a +2 bonus on saving throws.\u003c/p\u003e\u003c/b\u003e\u003c/b\u003e\u003cp\u003eThe target of \u003cem\u003eethereal chamber\u003c/em\u003e can break the crystalline prison by making a Strength check (DC 10 + caster level). A \u003ca href=\"/spells/players-handbook-v35--6/disintegrate--2801/\"\u003e\u003cem\u003edisintegrate\u003c/em\u003e\u003c/a\u003e spell destroys an \u003cem\u003eethereal chamber\u003c/em\u003e.\u003c/p\u003e\u003c/b\u003e\u003c/b\u003e\u003cp\u003e\u003cem\u003eMaterial Component:\u003c/em\u003e A piece of translucent glass.\u003c/p\u003e","descriptors":"Force","divine_focus_component":"0","duration":"","effect":"","id":3936,"material_component":"1","meta_breath_component":"0","name":"Ethereal Chamber","page":84,"rulebook":"Spell Compendium","saving_throw":"Reflex negates","school":"Evocation","somatic_component":"1","spell_range":"Close (25 ft. + 5 ft./2 levels)","spell_resistance":"Yes","subschool":"","target":"One Etherial Creature","true_name_component":"0","verbal_component":"1","xp_component":"0"}}