{"id":3943,"created":1449242831,"modified":1449242831,"data":{"arcane_focus_component":"0","area":"","casting_time":"1 Standard Action","corrupt_component":"0","description_html":"\u003cp\u003e\u003cem\u003eYou uncork the vial and speak the old words. The smoke issues from the bottle and wraps itself around your hand, turning it into smoke as well.\u003c/em\u003e\u003c/p\u003e\u003c/b\u003e\u003c/b\u003e\u003cp\u003eWith a successful touch attack, you deal 2d12 points of damage. For every three caster levels, the smoke lasts for another round (to a maximum of 4 additional rounds at 12th level), dealing another 2d12 points of damage per round.\u003c/p\u003e\u003c/b\u003e\u003c/b\u003e\u003cp\u003eMaterial Component: A small vial of smoke.\u003c/p\u003e","descriptors":"Air","divine_focus_component":"0","duration":"Instantaneous","effect":"","id":3943,"material_component":"1","meta_breath_component":"0","name":"Belker Claws","page":26,"rulebook":"Spell Compendium","saving_throw":"None","school":"Transmutation","somatic_component":"1","spell_range":"Touch","spell_resistance":"Yes","subschool":"","target":"Living Creature","true_name_component":"0","verbal_component":"1","xp_component":"0"}}