{"id":3954,"created":1449242832,"modified":1449242832,"data":{"arcane_focus_component":"0","area":"A 20-ft.-radius emanation centered on a creature, object, or point in space","casting_time":"1 Standard Action","corrupt_component":"0","description_html":"\u003cp\u003e\u003cem\u003eWith a few short words of power, you draw the light from the surrounding area. Within just a few seconds, the light dims to utter darkness.\u003c/em\u003e\u003c/p\u003e\u003c/b\u003e\u003c/b\u003e\u003cp\u003eYou create an area of total darkness.\u003cbr /\u003eThe darkness is impenetrable to no rmalvision and darkvision, but you can see normally within the blacklit area. Creatures outside the spell\u0026#39;s area, even you, cannot see through it.  You can cast the spell on a point in space, but the effect is stationary unless you cast it cast on a mobile object. You can cast the spell on a creature, and the effect then radiates from the creature and moves as it moves. Unattended objects and points in space do not get saving throws or benefit from spell resistance.\u003c/p\u003e\u003c/b\u003e\u003c/b\u003e\u003cp\u003eBlacklight counters or dispels any light spell of equal or lower level, such as daylight.\u003c/p\u003e\u003c/b\u003e\u003c/b\u003e\u003cp\u003eMaterial Component: A piece of coal and the dried eyeball of any creature.\u003c/p\u003e","descriptors":"Darkness","divine_focus_component":"0","duration":"","effect":"","id":3954,"material_component":"1","meta_breath_component":"0","name":"Blacklight","page":30,"rulebook":"Spell Compendium","saving_throw":"Will negates or none (object)","school":"Evocation","somatic_component":"1","spell_range":"Close (25 ft. + 5 ft./2 levels)","spell_resistance":"Yes or no (object)","subschool":"","target":"","true_name_component":"0","verbal_component":"1","xp_component":"0"}}