{"id":3955,"created":1449242832,"modified":1449242832,"data":{"arcane_focus_component":"0","area":"","casting_time":"1 Standard Action","corrupt_component":"0","description_html":"\u003cp\u003e\u003cem\u003eBlack mist forms near the ground and sweeps upward to join a small cloud forming above the creature you designate as your target. Miniature peals of thunder erupt from the cloud.\u003c/em\u003e\u003c/p\u003e\u003c/b\u003e\u003c/b\u003e\u003cp\u003eThunderhead creates a small thundercloud over the subject\u0026#39;s head. The cloud moves with the subject, following it unerringly even if he becomes invisible or leaves the region. In every round of the spell\u0026#39;s duration, a miniature bolt of lightning leaps from the thundercloud to strike the subject. Each bolt deals 1 point of electricity damage that is negated by a successful Reflex save.\u003c/p\u003e\u003c/b\u003e\u003c/b\u003e\u003cp\u003e\u003cstrong\u003eMaterial Component:\u003c/strong\u003e A small piece of copper wire.\u003c/p\u003e","descriptors":"Electricity","divine_focus_component":"0","duration":"1 round/level","effect":"","id":3955,"material_component":"1","meta_breath_component":"0","name":"Thunderhead","page":219,"rulebook":"Spell Compendium","saving_throw":"Reflex negates; see text","school":"Evocation","somatic_component":"1","spell_range":"Close (25 ft. + 5 ft./2 levels)","spell_resistance":"Yes","subschool":"","target":"One Creature","true_name_component":"0","verbal_component":"1","xp_component":"0"}}