{"id":3956,"created":1449242832,"modified":1449242832,"data":{"arcane_focus_component":"0","area":"","casting_time":"1 Standard Action","corrupt_component":"0","description_html":"\u003cp\u003e\u003cem\u003eYou feel within you, as the spell nears completion, various energies locked in a battle within your body. As nausea threatens to overcome you, you croak out the final syllables of arcane power and point your hand. A single beam of brilliantly colored light then shoots from your outstretched hand.\u003c/em\u003e\u003c/p\u003e\u003c/b\u003e\u003c/b\u003e\u003cp\u003eYou must succeed on a ranged touch attack with the ray to strike a target. On a successful attack, a creature with 6 Hit Dice or fewer is blinded for 2d4 rounds by the prismatic ray in addition to suffering a randomly determined effect:\u003c/p\u003e\u003c/b\u003e\u003c/b\u003e\u003ch4\u003e\u003cspan class=\"caps\"\u003ePRISMATIC\u003c/span\u003e \u003cspan class=\"caps\"\u003eRAY\u003c/span\u003e\u003c/h4\u003e\u003c/b\u003e\u003c/b\u003e\u003ctable\u003e\u003c/b\u003e\u003ctr\u003e\u003c/b\u003e\u003cth\u003e1d6 \u003c/th\u003e\u003c/b\u003e\u003cth\u003eColor of Beam \u003c/th\u003e\u003c/b\u003e\u003cth\u003eEffect \u003c/th\u003e\u003c/b\u003e\u003c/tr\u003e\u003c/b\u003e\u003ctr\u003e\u003c/b\u003e\u003ctd\u003e 1 \u003c/td\u003e\u003c/b\u003e\u003ctd\u003e Red \u003c/td\u003e\u003c/b\u003e\u003ctd\u003e 20 points fire damage (Reflex half) \u003c/td\u003e\u003c/b\u003e\u003c/tr\u003e\u003c/b\u003e\u003ctr\u003e\u003c/b\u003e\u003ctd\u003e 2 \u003c/td\u003e\u003c/b\u003e\u003ctd\u003e Orange \u003c/td\u003e\u003c/b\u003e\u003ctd\u003e 40 points acid damage (Reflex half) \u003c/td\u003e\u003c/b\u003e\u003c/tr\u003e\u003c/b\u003e\u003ctr\u003e\u003c/b\u003e\u003ctd\u003e 3 \u003c/td\u003e\u003c/b\u003e\u003ctd\u003e Yellow \u003c/td\u003e\u003c/b\u003e\u003ctd\u003e 80 points electricity damage (Reflex half) \u003c/td\u003e\u003c/b\u003e\u003c/tr\u003e\u003c/b\u003e\u003ctr\u003e\u003c/b\u003e\u003ctd\u003e 4 \u003c/td\u003e\u003c/b\u003e\u003ctd\u003e Green \u003c/td\u003e\u003c/b\u003e\u003ctd\u003e Poison (Kills; Fortitude partial, take 1d6 Con damage instead) \u003c/td\u003e\u003c/b\u003e\u003c/tr\u003e\u003c/b\u003e\u003ctr\u003e\u003c/b\u003e\u003ctd\u003e 5 \u003c/td\u003e\u003c/b\u003e\u003ctd\u003e Blue \u003c/td\u003e\u003c/b\u003e\u003ctd\u003e Turned to stone (Fortitude negates) \u003c/td\u003e\u003c/b\u003e\u003c/tr\u003e\u003c/b\u003e\u003ctr\u003e\u003c/b\u003e\u003ctd\u003e 6 \u003c/td\u003e\u003c/b\u003e\u003ctd\u003e Indigo \u003c/td\u003e\u003c/b\u003e\u003ctd\u003e Insane, as \u003ca href=\"/spells/players-handbook-v35--6/insanity--2561/\"\u003e\u003cem\u003einsanity\u003c/em\u003e\u003c/a\u003e spell (Will negates) \u003c/td\u003e\u003c/b\u003e\u003c/tr\u003e\u003c/b\u003e\u003ctr\u003e\u003c/b\u003e\u003ctd\u003e 7 \u003c/td\u003e\u003c/b\u003e\u003ctd\u003e Violet \u003c/td\u003e\u003c/b\u003e\u003ctd\u003e Sent to another plane (Will negates) \u003c/td\u003e\u003c/b\u003e\u003c/tr\u003e\u003c/b\u003e\u003ctr\u003e\u003c/b\u003e\u003ctd\u003e 8 \u003c/td\u003e\u003c/b\u003e\u003ctd\u003e \u0026#8212; \u003c/td\u003e\u003c/b\u003e\u003ctd\u003e Two effects; roll twice more, ignoring any \u0026quot;8\u0026quot; results\u003c/td\u003e\u003c/b\u003e\u003c/tr\u003e\u003c/b\u003e\u003c/table\u003e","descriptors":"","divine_focus_component":"0","duration":"Instantaneous","effect":"Ray","id":3956,"material_component":"0","meta_breath_component":"0","name":"Prismatic Ray","page":162,"rulebook":"Spell Compendium","saving_throw":"See text","school":"Evocation","somatic_component":"1","spell_range":"Medium (100 ft. + 10 ft./level)","spell_resistance":"Yes","subschool":"","target":"","true_name_component":"0","verbal_component":"1","xp_component":"0"}}