{"id":3968,"created":1449242832,"modified":1449242832,"data":{"arcane_focus_component":"0","area":"","casting_time":"1 Standard Action","corrupt_component":"0","description_html":"\u003cp\u003e\u003cem\u003eYou touch your intended subject, which then turns its head rapidly about as if looking for the source of some sound.\u003c/em\u003e\u003c/p\u003e\u003c/b\u003e\u003c/b\u003e\u003cp\u003eThis spell functions like \u003ca href=\"/spells/spell-compendium--86/blindsight--3969/\"\u003eblindsight\u003c/a\u003e, except as noted above and that the blindsight granted by the spell is effective out to 60 feet.\u003c/p\u003e","descriptors":"","divine_focus_component":"0","duration":"1 minute/level","effect":"","id":3968,"material_component":"0","meta_breath_component":"0","name":"Blindsight, Greater","page":32,"rulebook":"Spell Compendium","saving_throw":"Will negates (harmless)","school":"Transmutation","somatic_component":"1","spell_range":"Touch","spell_resistance":"Yes (harmless)","subschool":"","target":"Creature Touched","true_name_component":"0","verbal_component":"1","xp_component":"0"}}