{"id":398,"created":1449242756,"modified":1449242756,"data":{"arcane_focus_component":"0","area":"10-ft.-radius burst centered on you","casting_time":"1 standard action","corrupt_component":"0","description_html":"\u003cp\u003eYou emit a terrible, piercing note.\u003cbr /\u003eCreatures (other than you) in the affected area take 1d8 points of sonic damage per two caster levels (maximum 5d8).\u003c/p\u003e","descriptors":"Sonic","divine_focus_component":"0","duration":"Instantaneous","effect":null,"id":398,"material_component":"0","meta_breath_component":"0","name":"Dissonant Chord","page":null,"rulebook":"Complete Adventurer","saving_throw":"Fortitude half","school":"Evocation","somatic_component":"1","spell_range":"10 ft.","spell_resistance":"Yes","subschool":"","target":null,"true_name_component":"0","verbal_component":"1","xp_component":"0"}}