{"id":3983,"created":1449242832,"modified":1449242832,"data":{"arcane_focus_component":"0","area":"","casting_time":"1 Standard Action","corrupt_component":"0","description_html":"\u003cp\u003e\u003cem\u003eWith a strangled peal of laughter to complete the spell, you point your hand at your enemy and fire a black beam from your finger.\u003c/em\u003e\u003c/p\u003e\u003c/b\u003e\u003c/b\u003e\u003cp\u003eThis spell grants you the ability to make one ray attack per round. You must succeed on a ranged touch attack with the ray to strike a target. A living creature struck by the ray is dazed for 1d3 rounds if it fails its save.\u003c/p\u003e","descriptors":"Mind-Affecting","divine_focus_component":"0","duration":"1 round/level","effect":"Ray","id":3983,"material_component":"0","meta_breath_component":"0","name":"Bolts of Bedevilment","page":37,"rulebook":"Spell Compendium","saving_throw":"Will negates","school":"Enchantment","somatic_component":"1","spell_range":"Medium (100 ft. + 10 ft./ level)","spell_resistance":"Yes","subschool":"","target":"","true_name_component":"0","verbal_component":"1","xp_component":"0"}}