{"id":3993,"created":1449242833,"modified":1449242833,"data":{"arcane_focus_component":"0","area":"40-ft.-radius spread","casting_time":"1 Standard Action","corrupt_component":"0","description_html":"\u003cp\u003e\u003cem\u003eWith a sound like a thousand knives being unsheathed, the plants in the area grow sharp thorns and warp into a thick briar patch.\u003c/em\u003e\u003c/p\u003e\u003c/b\u003e\u003c/b\u003e\u003cp\u003eThis spell causes grasses, weeds, bushes, and even trees to grow thorns and wrap and twist around creatures in or entering the area. The spell\u0026#39;s area becomes difficult terrain, and creatures move at half speed within the affected area. Any creature moving through the area also takes 1 point of nonmagical piercing damage for each 5 feet moved.\u003c/p\u003e\u003c/b\u003e\u003c/b\u003e\u003cp\u003eA creature with \u003cem\u003efreedom of movement\u003c/em\u003e or the woodland stride ability is unaffected by this spell.\u003c/p\u003e","descriptors":"","divine_focus_component":"1","duration":"1 minute/level","effect":"","id":3993,"material_component":"0","meta_breath_component":"0","name":"Briar Web","page":39,"rulebook":"Spell Compendium","saving_throw":"None","school":"Transmutation","somatic_component":"1","spell_range":"Medium (100 ft. + 10 ft./ level)","spell_resistance":"No","subschool":"","target":"","true_name_component":"0","verbal_component":"1","xp_component":"0"}}