{"id":3994,"created":1449242833,"modified":1449242833,"data":{"arcane_focus_component":"0","area":"","casting_time":"","corrupt_component":"0","description_html":"\u003cp\u003e\u003cem\u003eTaking fresh insight from contemplation of light, you cast the spell and set your allies aglow with white brilliance.\u003c/em\u003e\u003c/p\u003e\u003c/b\u003e\u003c/b\u003e\u003cp\u003eThis spell functions like \u003cem\u003ebrilliant blade\u003c/em\u003e (see below), except as noted here, and that all weapons of the subject creatures gain the brilliant energy special ability.\u003c/p\u003e","descriptors":"","divine_focus_component":"0","duration":"1 round/level","effect":"","id":3994,"material_component":"0","meta_breath_component":"0","name":"Brilliant Aura","page":39,"rulebook":"Spell Compendium","saving_throw":"Will negates (harmless)","school":"Transmutation","somatic_component":"0","spell_range":"","spell_resistance":"Yes (harmless)","subschool":"","target":"Weapons carried by one creature/2 levels, no two of which are more than 30 ft. apart","true_name_component":"0","verbal_component":"0","xp_component":"0"}}