{"id":4027,"created":1449242833,"modified":1449242833,"data":{"arcane_focus_component":"0","area":"","casting_time":"1 standard action","corrupt_component":"0","description_html":"\u003cp\u003e\u003cem\u003eA blue-green glow surrounds your hand as you complete the spell. With a touch you release it into your intended target, which then turns the same shade of blue-green.\u003c/em\u003e\u003c/p\u003e\u003c/b\u003e\u003c/b\u003e\u003cp\u003eWhile underwater, the subject functions as if affected by \u003ca href=\"/spells/players-handbook-v35--6/blur--2664/\"\u003e\u003cem\u003eblur\u003c/em\u003e\u003c/a\u003e (\u003cem\u003ePH\u003c/em\u003e 206), \u003ca href=\"/spells/players-handbook-v35--6/freedom-of-movement--2322/\"\u003e\u003cem\u003efreedom of movement\u003c/em\u003e\u003c/a\u003e (\u003cem\u003ePH\u003c/em\u003e 233), and \u003ca href=\"/spells/players-handbook-v35--6/water-breathing--2893/\"\u003e\u003cem\u003ewater breathing\u003c/em\u003e\u003c/a\u003e (\u003cem\u003ePH\u003c/em\u003e 300),and doesn\u0026#39;t take nonlethal damage for the duration of the spell. When out of the water (or even partially out), the subject gains none of these advantages except water breathing. The subject can leave and reenter water without ending the spell.\u003c/p\u003e","descriptors":"","divine_focus_component":"1","duration":"1 hour/level (D)","effect":"","id":4027,"material_component":"0","meta_breath_component":"0","name":"Cloak of the Sea","page":48,"rulebook":"Spell Compendium","saving_throw":"Will negates (harmless)","school":"Transmutation","somatic_component":"1","spell_range":"Touch","spell_resistance":"Yes (harmless)","subschool":"","target":"Creature touched","true_name_component":"0","verbal_component":"1","xp_component":"0"}}