{"id":4047,"created":1449242834,"modified":1449242834,"data":{"arcane_focus_component":"0","area":"","casting_time":"1 standard action","corrupt_component":"0","description_html":"\u003cp\u003e\u003cem\u003eYou hold the holy passage aloft and invoke the power of its words. Around you, your friends are bathed in a sea-blue nimbus of light.\u003c/em\u003e\u003c/p\u003e\u003c/b\u003e\u003c/b\u003e\u003cp\u003eThis spell functions like \u003ca href=\"/spells/spell-compendium--86/conviction--4048/\"\u003e\u003cem\u003econviction\u003c/em\u003e\u003c/a\u003e, except that it affects multiple allies at a distance.\u003c/p\u003e","descriptors":"","divine_focus_component":"0","duration":"10 minutes/level","effect":"","id":4047,"material_component":"1","meta_breath_component":"0","name":"Conviction, Mass","page":52,"rulebook":"Spell Compendium","saving_throw":"Will negates (harmless)","school":"Abjuration","somatic_component":"1","spell_range":"Medium (100 ft. + 10 ft./level)","spell_resistance":"Yes (harmless)","subschool":"","target":"Allies in a 20-ft.-radius burst","true_name_component":"0","verbal_component":"1","xp_component":"0"}}