{"id":4081,"created":1449242835,"modified":1449242835,"data":{"arcane_focus_component":"0","area":"Invisible ward that occupies two 10-ft. squares/level (S)","casting_time":"1 standard action","corrupt_component":"0","description_html":"\u003cp\u003e\u003cem\u003eA metallic stretching sound, as if a thin sheet of metal were bowed then released, echoes forth from your outstretched hand. You can see for just an instant a glowing grid that defines the protected area of your spell.\u003c/em\u003e\u003c/p\u003e\u003c/b\u003e\u003c/b\u003e\u003cp\u003eYou create a special ward that prevents unauthorized spellcasters or creatures with spell-like abilities from entering an area. Any creature that has spells prepared, spell slots available for casting without preparation, or innate spell-like abilities must succeed on a Will save or be halted by an invisible barrier that prevents passage. The DC of the Will save increases by a number equal to the spell level of the highest level spell the creature has prepared or is capable of casting (so that a 10th-level sorcerer who hasn\u0026#39;t yet depleted his 5th level spell slots for the day adds 5 to the save DC). You can choose to designate a password or special condition (such as character race, alignment, possession of a token, or any other observable or detectable characteristic) by which spellcasting characters and creatures can enter the refusal-warded area.\u003c/p\u003e\u003c/b\u003e\u003c/b\u003e\u003cp\u003eCreatures that have no spellcasting capability or spell-like abilities (including spellcasters who have used up their spell slots and creatures with spell trigger or spell completion magic items) can pass through the barrier with no difficulty. Spellcasters and creatures that have spell-like abilities and that are already within the area you protect when you create the ward are not compelled to leave or restricted in their movement within it (and spells and spell-like abilities can pass through the barrier in either direction with no difficulty). However, if such creatures leave the area, they must succeed on saving throws as described above to return.\u003c/p\u003e\u003c/b\u003e\u003c/b\u003e\u003cp\u003eCreatures attempting to use any teleportation spell or effect to enter the warded area make the normal  saving throw. They are shunted harmlessly to the nearest safe space outside the warded area if they fail.\u003c/p\u003e\u003c/b\u003e\u003c/b\u003e\u003cp\u003eMaterial Component: A pinch of dust from a wizard\u0026#39;s tomb.\u003c/p\u003e","descriptors":"","divine_focus_component":"0","duration":"1 hour/level","effect":"","id":4081,"material_component":"1","meta_breath_component":"0","name":"Refusal","page":171,"rulebook":"Spell Compendium","saving_throw":"Will negates, see text","school":"Abjuration","somatic_component":"1","spell_range":"Medium (100 ft. + 10 ft./level)","spell_resistance":"Yes","subschool":"","target":"","true_name_component":"0","verbal_component":"1","xp_component":"0"}}