{"id":4086,"created":1449242835,"modified":1449242835,"data":{"arcane_focus_component":"0","area":"","casting_time":"1 standard action","corrupt_component":"0","description_html":"\u003cp\u003e\u003cem\u003eWith a touch of a wax-covered finger to the subject, you inhale deeply and smell nothing.\u003c/em\u003e\u003c/p\u003e\u003c/b\u003e\u003c/b\u003e\u003cp\u003eThis spells hides the scent of the creature or object touched for the duration of the spell. The scent ability (MM 314) cannot detect a creature under the effect of a remove scent spell. It also negates the harmful effects of the noxious stench exuded by certain creatures, such as ghasts, for the duration of the spell.\u003c/p\u003e\u003c/b\u003e\u003c/b\u003e\u003cp\u003eMaterial Component: A pinch of unscented candle wax.\u003c/p\u003e","descriptors":"","divine_focus_component":"0","duration":"10 minutes/level","effect":"","id":4086,"material_component":"1","meta_breath_component":"0","name":"Remove Scent","page":173,"rulebook":"Spell Compendium","saving_throw":"Will negates","school":"Transmutation","somatic_component":"1","spell_range":"Touch","spell_resistance":"Yes","subschool":"","target":"Creature touched","true_name_component":"0","verbal_component":"1","xp_component":"0"}}