{"id":4096,"created":1449242835,"modified":1449242835,"data":{"arcane_focus_component":"0","area":"","casting_time":"1 standard action","corrupt_component":"0","description_html":"\u003cp\u003e\u003cem\u003eJust as you touch the spell\u0026#39;s subject, a feeling of peace and watchful guardianship fills your being.\u003c/em\u003e\u003c/p\u003e\u003c/b\u003e\u003c/b\u003e\u003cp\u003eThis spell functions like \u003ca href=\"/spells/players-handbook-v35--6/resistance--2358/\"\u003e\u003cem\u003eresistance\u003c/em\u003e\u003c/a\u003e (PH 272), except as noted here. You grant the subject a +3 resistance bonus on saves.\u003c/p\u003e","descriptors":"","divine_focus_component":"1","duration":"24 hours","effect":"","id":4096,"material_component":"1","meta_breath_component":"0","name":"Resistance, Greater","page":174,"rulebook":"Spell Compendium","saving_throw":"Will negates (harmless)","school":"Abjuration","somatic_component":"1","spell_range":"Touch","spell_resistance":"Yes (harmless)","subschool":"","target":"Creature touched","true_name_component":"0","verbal_component":"1","xp_component":"0"}}