{"id":4103,"created":1449242835,"modified":1449242835,"data":{"arcane_focus_component":"0","area":"","casting_time":"1 standard action","corrupt_component":"0","description_html":"\u003cp\u003e\u003cem\u003eYou rush to your fallen companion amid the chaos of the battle and cry out the words that will bring her back for one last fight.\u003c/em\u003e\u003c/p\u003e\u003c/b\u003e\u003c/b\u003e\u003cp\u003eThis spell brings a dead ally temporarily back to life. The subject can have been dead for up to 1 round per level. Your target functions as if a raise dead spell (PH 268) had been cast upon her, except that she does not lose a level and has half of her full normal hit points. She is alive (not undead) for the duration of the spell and can be healed normally, but dies as soon as the spell ends. While under the effect of this spell, the subject is not affected by spells that raise the dead.\u003c/p\u003e\u003c/b\u003e\u003c/b\u003e\u003cp\u003eThe subject gains a +1 morale bonus on attack rolls, damage rolls, saves, and checks against the creature that killed her.\u003c/p\u003e","descriptors":"","divine_focus_component":"1","duration":"1 minute/level","effect":"","id":4103,"material_component":"0","meta_breath_component":"0","name":"Revenance","page":175,"rulebook":"Spell Compendium","saving_throw":"None; see text","school":"Conjuration","somatic_component":"1","spell_range":"Touch","spell_resistance":"Yes (harmless)","subschool":"Healing","target":"Dead ally touched","true_name_component":"0","verbal_component":"1","xp_component":"0"}}