{"id":411,"created":1449242756,"modified":1449242756,"data":{"arcane_focus_component":"0","area":"10-ft.-radius burst, centered on you","casting_time":"1 standard action","corrupt_component":"0","description_html":"\u003cp\u003eThis spell makes you and your companions extraordinarily fleet of foot.\u003cbr /\u003eEach creature within the spell\u0026#39;s area gains a 30-foot enhancement bonus to its land speed, up to a maximum of double the creature\u0026#39;s land speed.\u003cbr /\u003eAffected creatures retain these effects for the duration of the spell, even if they leave the original area.\u003cbr /\u003eMaterial Component: A tailfeather from a bird of prey.\u003c/p\u003e","descriptors":"","divine_focus_component":"0","duration":"1 minute/level (D)","effect":"","id":411,"material_component":"1","meta_breath_component":"0","name":"Allegro","page":null,"rulebook":"Complete Adventurer","saving_throw":"Fortitude negates (harmless)","school":"Transmutation","somatic_component":"1","spell_range":"10 ft.","spell_resistance":"Yes (harmless)","subschool":"","target":"","true_name_component":"0","verbal_component":"1","xp_component":"0"}}