{"id":4138,"created":1449242836,"modified":1449242836,"data":{"arcane_focus_component":"0","area":"","casting_time":"1 standard action","corrupt_component":"0","description_html":"\u003cp\u003e\u003cem\u003eAs you complete this spell, you sense a number of invisible entities form around you.\u003c/em\u003e\u003c/p\u003e\u003c/b\u003e\u003c/b\u003e\u003cp\u003eThis spell creates a number of \u003ca href=\"/spells/players-handbook-v35--6/unseen-servant--2468/\"\u003e\u003cem\u003eunseen servants\u003c/em\u003e\u003c/a\u003e (PH 297) equal to 2d6 +1 per level (maximum +15).\u003c/p\u003e\u003c/b\u003e\u003c/b\u003e\u003cp\u003eMaterial Component: A small stick to which many lengths of knotted thread are attached.\u003c/p\u003e","descriptors":"","divine_focus_component":"0","duration":"1 hour/level","effect":"Invisible, mindless, shapeless servants","id":4138,"material_component":"1","meta_breath_component":"0","name":"Servant Horde","page":182,"rulebook":"Spell Compendium","saving_throw":"None","school":"Conjuration","somatic_component":"1","spell_range":"Close (25 ft. + 5 ft./2 levels)","spell_resistance":"No","subschool":"Creation","target":"","true_name_component":"0","verbal_component":"1","xp_component":"0"}}