{"id":4157,"created":1449242836,"modified":1449242836,"data":{"arcane_focus_component":"0","area":"","casting_time":"1 standard action","corrupt_component":"0","description_html":"\u003cp\u003e\u003cem\u003eYou hold your arms aloft and implore the power you venerate. Your comrades are bathed in a silver light, and over their hearts appears the symbol of your god, showing the deity\u0026#39;s protection.\u003c/em\u003e\u003c/p\u003e\u003c/b\u003e\u003c/b\u003e\u003cp\u003eThis spell functions like \u003ca href=\"/spells/players-handbook-v35--6/shield-of-faith--2361/\"\u003e\u003cem\u003eshield of faith\u003c/em\u003e\u003c/a\u003e (PH 278), except that it affects multiple allies at a distance.\u003c/p\u003e","descriptors":"","divine_focus_component":"0","duration":"1 minute/level","effect":"","id":4157,"material_component":"1","meta_breath_component":"0","name":"Shield of Faith, Mass","page":188,"rulebook":"Spell Compendium","saving_throw":"Will negates (harmless)","school":"Abjuration","somatic_component":"1","spell_range":"Close (25 ft. + 5 ft./2 levels)","spell_resistance":"Yes (harmless)","subschool":"","target":"One creature/level, no two of which are more than 30 ft. apart","true_name_component":"0","verbal_component":"1","xp_component":"0"}}