{"id":4166,"created":1449242836,"modified":1449242836,"data":{"arcane_focus_component":"0","area":"","casting_time":"10 minutes","corrupt_component":"0","description_html":"\u003cp\u003eThis spell functions like \u003ca href=\"/spells/spell-compendium--86/sign-sealing--4167/\"\u003e\u003cem\u003esign of sealing\u003c/em\u003e\u003c/a\u003e, except that it can also be used to seal an open space (such as a corridor or an archway), creating a magical barrier of force that repels any creature attempting to pass. In addition, doors and objects protected by a greater sign of sealing are strengthened, increasing their hardness by 10 and granting them an extra 5 hit points per caster level.  Any object protected by a greater sign of sealing is treated as a magic item for the purpose of making saving throws and gains a +4 resistance bonus on saving throws. If its seal is broken, a greater sign of sealing deals 1d6 points of damage per caster level (maximum 20d6) in a 40-foot radius (Reflex half).\u003c/p\u003e\u003c/b\u003e\u003c/b\u003e\u003cp\u003eA greater sign of sealing cannot be passed with a knock spell, but it can be dispelled (DC 15 + the caster level of the sign\u0026#39;s creator). It can be disarmed with a DC 31 Disable Device check.\u003c/p\u003e\u003c/b\u003e\u003c/b\u003e\u003cp\u003eMaterial Component: A crushed emerald worth at least 500 gp.\u003c/p\u003e","descriptors":"","divine_focus_component":"0","duration":"Permanent","effect":"","id":4166,"material_component":"1","meta_breath_component":"0","name":"Sign of Sealing, Greater","page":190,"rulebook":"Spell Compendium","saving_throw":"Reflex half; see text","school":"Abjuration","somatic_component":"1","spell_range":"Close (25 ft. + 5 ft./2 levels)","spell_resistance":"No","subschool":"","target":"One door, chest, or other opening or open space up to 30 sq. ft./level","true_name_component":"0","verbal_component":"1","xp_component":"0"}}