{"id":4177,"created":1449242837,"modified":1449242837,"data":{"arcane_focus_component":"0","area":"15-ft.-radius spread","casting_time":"1 standard action","corrupt_component":"0","description_html":"\u003cp\u003e\u003cem\u003eYou finish the spell, and a horrendous wave of green slime explodes outward from the spot where you point.\u003c/em\u003e\u003c/p\u003e\u003c/b\u003e\u003c/b\u003e\u003cp\u003eYou create a wave of green slime (\u003cspan class=\"caps\"\u003eDMG\u003c/span\u003e 76) that begins at the point of origin you choose and violently spreads to the limit of the area. The wave splashes and splatters as it passes; some slime clings to any wall or ceiling the wave touches. Green slime devours flesh and organic materials on contact, and even dissolves metal. Each creature in the area is covered with one patch of green slime. Unlike normal green slime, the slime created by this spell gradually evaporates, disappearing by the end of the duration.\u003c/p\u003e\u003c/b\u003e\u003c/b\u003e\u003cp\u003eMaterial Component: A few drops of stagnant pond water.\u003c/p\u003e","descriptors":"","divine_focus_component":"0","duration":"1 round/level","effect":"","id":4177,"material_component":"1","meta_breath_component":"0","name":"Slime Wave","page":192,"rulebook":"Spell Compendium","saving_throw":"Reflex negates","school":"Conjuration","somatic_component":"1","spell_range":"Close (25 ft. + 5 ft./2 levels)","spell_resistance":"No","subschool":"Summoning","target":"","true_name_component":"0","verbal_component":"1","xp_component":"0"}}