{"id":4198,"created":1449242837,"modified":1449242837,"data":{"arcane_focus_component":"1","area":"","casting_time":"1 standard action","corrupt_component":"0","description_html":"\u003cp\u003e\u003cem\u003eAs you rub the small piece of copper wire, it begins to buzz with the latent magical energy of the spell. When you finally release the spell\u0026#39;s energy, you hear the words you wish to share with your allies in your mind\u0026#8212;and moments later you hear their unspoken replies.\u003c/em\u003e\u003c/p\u003e\u003c/b\u003e\u003c/b\u003e\u003cp\u003eThis spell functions like \u003ca href=\"/spells/players-handbook-v35--6/message--2843/\"\u003e\u003cem\u003emessage\u003c/em\u003e\u003c/a\u003e (PH 253), except as noted above and that you and the recipients don\u0026#39;t have to mouth the words or whisper, which means that those skilled in reading lips have no opportunity to learn the messages.\u003c/p\u003e","descriptors":"Language-Dependent","divine_focus_component":"0","duration":"10 minutes/level","effect":"","id":4198,"material_component":"0","meta_breath_component":"0","name":"Speak to Allies","page":197,"rulebook":"Spell Compendium","saving_throw":"None","school":"Transmutation","somatic_component":"1","spell_range":"Medium (100 ft. + 10 ft./level)","spell_resistance":"No","subschool":"","target":"Any number of allied creatures, no two of which are more than 30 ft. apart","true_name_component":"0","verbal_component":"1","xp_component":"0"}}