{"id":4212,"created":1449242837,"modified":1449242837,"data":{"arcane_focus_component":"0","area":"","casting_time":"1 round","corrupt_component":"0","description_html":"\u003cp\u003e\u003cem\u003eYour eyes rolling wildly in their sockets, you cackle the last few words to call upon your deity\u0026#39;s power. A number of massive spiders spring up from the earth in the location you indicate.\u003c/em\u003e\u003c/p\u003e\u003c/b\u003e\u003c/b\u003e\u003cp\u003eThis spell summons five celestial or fiendish Large monstrous spiders (MM 289). They appear where you designate and act immediately, on your turn. They attack your opponents to the best of their ability. If you can communicate with the spiders, you can direct them not to attack, to attack particular enemies, or to perform other actions.\u003c/p\u003e\u003c/b\u003e\u003c/b\u003e\u003cp\u003eA celestial spider summoned by this spell has damage reduction 5/magic; resistance to acid 5, cold 5, and electricity 5; spell resistance 9; and a smite evil attack that provides a +4 bonus on one damage roll.\u003c/p\u003e\u003c/b\u003e\u003c/b\u003e\u003cp\u003eA fiendish creature (MM 107) summoned by this spell has damage reduction 5/magic; resistance to acid 5 and fire 5; spell resistance 9; and a smite good attack that provides a +4 bonus on one damage roll.\u003c/p\u003e\u003c/b\u003e\u003c/b\u003e\u003cp\u003eWhen you use a summoning spell to summon an evil or good creature, it is a spell of that type.\u003c/p\u003e","descriptors":"see text","divine_focus_component":"0","duration":"1 round/level","effect":"Five summoned spiders","id":4212,"material_component":"0","meta_breath_component":"0","name":"Spider Plague","page":201,"rulebook":"Spell Compendium","saving_throw":"None","school":"Conjuration","somatic_component":"1","spell_range":"Close (25 ft. + 5 ft./2 levels)","spell_resistance":"Yes","subschool":"Summoning","target":"","true_name_component":"0","verbal_component":"1","xp_component":"0"}}