{"id":4216,"created":1449242837,"modified":1449242837,"data":{"arcane_focus_component":"0","area":"","casting_time":"1 standard action","corrupt_component":"0","description_html":"\u003cp\u003e\u003cem\u003eWith the sound of twisting wood, the weapon you touch grows sharp spikes like rose thorns.\u003c/em\u003e\u003c/p\u003e\u003c/b\u003e\u003c/b\u003e\u003cp\u003eThis spell functions like \u003ca href=\"/spells/spell-compendium--86/brambles--3990/\"\u003e\u003cem\u003ebrambles\u003c/em\u003e\u003c/a\u003e (page 38), except that the affected weapon gains a +2 enhancement bonus on its attack rolls, and its threat range is doubled. This effect does not stack with other effects that increase a weapon\u0026#39;s threat range, such as the \u003ca href=\"/feats/players-handbook-v35--6/improved-critical--1463/\"\u003eImproved Critical\u003c/a\u003e feat.\u003c/p\u003e","descriptors":"","divine_focus_component":"0","duration":"1 round/level","effect":"","id":4216,"material_component":"1","meta_breath_component":"0","name":"Spikes","page":202,"rulebook":"Spell Compendium","saving_throw":"None","school":"Transmutation","somatic_component":"1","spell_range":"Touch","spell_resistance":"No","subschool":"","target":"Wooden weapon touched","true_name_component":"0","verbal_component":"1","xp_component":"0"}}