{"id":4228,"created":1449242838,"modified":1449242838,"data":{"arcane_focus_component":"0","area":"","casting_time":"1 standard action","corrupt_component":"0","description_html":"\u003cp\u003e\u003cem\u003eLacking someone to hold the item where you need it, you mutter and wave your hand in a simple gesture before sticking the item in place.\u003c/em\u003e\u003c/p\u003e\u003c/b\u003e\u003c/b\u003e\u003cp\u003eStick affixes one object weighing up to 5 pounds to another object. The two items can be separated with even a small amount of force, such as a wind stronger than 10 mph, a mage hand or unseen servant spell, or a move action by any corporeal creature (which provokes attacks of opportunity).\u003c/p\u003e\u003c/b\u003e\u003c/b\u003e\u003cp\u003eMaterial Component: A bit of dried glue.\u003c/p\u003e","descriptors":"","divine_focus_component":"0","duration":"Instantaneous","effect":"Nonmagical, unattended object weighing up to 5 lb.","id":4228,"material_component":"1","meta_breath_component":"0","name":"Stick","page":206,"rulebook":"Spell Compendium","saving_throw":"Will negates (object)","school":"Transmutation","somatic_component":"1","spell_range":"Touch","spell_resistance":"Yes (object)","subschool":"","target":"","true_name_component":"0","verbal_component":"1","xp_component":"0"}}