{"id":4247,"created":1449242838,"modified":1449242838,"data":{"arcane_focus_component":"0","area":"Cylinder (20-ft. radius, 100 ft. high)","casting_time":"1 round","corrupt_component":"0","description_html":"\u003cp\u003e\u003cem\u003eYou form an enormous tower of dark, swirling storm clouds and howling wind.\u003c/em\u003e\u003c/p\u003e\u003c/b\u003e\u003c/b\u003e\u003cp\u003eA storm tower absorbs any electricity damage dealt to those within it. Magic missiles cannot be cast into, out of, or within a storm tower. The storm tower is composed of windstorm-strength winds (\u003cspan class=\"caps\"\u003eDMG\u003c/span\u003e 95), making ranged attacks impossible within it, though it has no effect on the movement of creatures within it. However, only Gargantuan or Colossal creatures can pass through the outer edge of the storm tower; all creatures of smaller size must succeed on a Fortitude saving throw to enter; otherwise, they are checked at the edge.\u003c/p\u003e\u003c/b\u003e\u003c/b\u003e\u003cp\u003eAnyone within a storm tower has concealment relative to those outside the tower. The howling winds of a storm tower also apply a -10 penalty on Listen checks made within 50 feet of it (including all those made inside the tower).\u003c/p\u003e","descriptors":"Air","divine_focus_component":"0","duration":"1 round/level (D)","effect":"","id":4247,"material_component":"0","meta_breath_component":"0","name":"Storm Tower","page":210,"rulebook":"Spell Compendium","saving_throw":"Fortitude negates; see text","school":"Abjuration","somatic_component":"1","spell_range":"Long (400 ft. + 40 ft./level)","spell_resistance":"Yes","subschool":"","target":"","true_name_component":"0","verbal_component":"1","xp_component":"0"}}