{"id":4253,"created":1449242838,"modified":1449242838,"data":{"arcane_focus_component":"0","area":"","casting_time":"1 swift action","corrupt_component":"0","description_html":"\u003cp\u003eThis spell functions like \u003ca href=\"/spells/spell-compendium--86/stunning-breath--4254/\"\u003e\u003cem\u003estunning breath\u003c/em\u003e\u003c/a\u003e, except that creatures that fail their Fortitude saves are stunned for 2d4 rounds.\u003c/p\u003e","descriptors":"","divine_focus_component":"0","duration":"Instantaneous","effect":"","id":4253,"material_component":"0","meta_breath_component":"0","name":"Stunning Breath, Greater","page":211,"rulebook":"Spell Compendium","saving_throw":"","school":"Transmutation","somatic_component":"1","spell_range":"Personal","spell_resistance":"","subschool":"","target":"Your breath weapon","true_name_component":"0","verbal_component":"0","xp_component":"0"}}