{"id":4258,"created":1449242838,"modified":1449242838,"data":{"arcane_focus_component":"0","area":"","casting_time":"1 swift action","corrupt_component":"0","description_html":"\u003cp\u003e\u003cem\u003eUpon uttering the ancient phrase that completes the spell, you feel the weapon in your hand drawn toward a creature standing nearby.\u003c/em\u003e\u003c/p\u003e\u003c/b\u003e\u003c/b\u003e\u003cp\u003eWhenever you make a melee attack agains a flanked foe or against a foe denied its Dexterity bonus, you deal an extra 1d6 points of damage, your weapon\u0026#39;s threat range is doubled(as if under the effect of \u003cem\u003ekeen edge\u003c/em\u003e), and you gain a +4 insight bonus on rolls made to confirm critical threats. The increased threat range granted by this spell doesn\u0026#39;t stack with any other effect that increases your weapon\u0026#39;s threat range. Creatures immune to extra damage from sneak attacks are immne to the extra damage dealt by your attacks.\u003c/p\u003e","descriptors":"","divine_focus_component":"0","duration":"1 round","effect":"","id":4258,"material_component":"0","meta_breath_component":"0","name":"Critical Strike","page":56,"rulebook":"Spell Compendium","saving_throw":"","school":"Divination","somatic_component":"0","spell_range":"Personal","spell_resistance":"","subschool":"","target":"You","true_name_component":"0","verbal_component":"1","xp_component":"0"}}