{"id":4273,"created":1449242839,"modified":1449242839,"data":{"arcane_focus_component":"0","area":"","casting_time":"1 standard action","corrupt_component":"0","description_html":"\u003cp\u003eThis spell functions like \u003cem\u003ecurse of impending blades\u003c/em\u003e, except that it affects multiple enemies.\u003c/p\u003e","descriptors":"","divine_focus_component":"1","duration":"1 minute/level","effect":"","id":4273,"material_component":"1","meta_breath_component":"0","name":"Curse of Impending Blades, Mass","page":57,"rulebook":"Spell Compendium","saving_throw":"None","school":"Necromancy","somatic_component":"1","spell_range":"Medium (100 ft. + 10 ft./level)","spell_resistance":"Yes","subschool":"","target":"Enemies in a 20-ft.-radius burst","true_name_component":"0","verbal_component":"1","xp_component":"0"}}