{"id":4275,"created":1449242839,"modified":1449242839,"data":{"arcane_focus_component":"0","area":"","casting_time":"1 swift action","corrupt_component":"0","description_html":"\u003cp\u003e\u003cem\u003eDrawing upon dark powers, you whisper a vehement curse and draw your finger down the weapon.\u003c/em\u003e\u003c/p\u003e\u003c/b\u003e\u003c/b\u003e\u003cp\u003eA weapon affected by this spell deals wounds that can\u0026#39;t be healed in the usual fashion. Any damage dealt by the weapon (not including damage from special weapon properties such as flaming, holy, wounding, and so on) cannot be dured by any means until the damaged individual has received a \u003cem\u003eremove curse\u003c/em\u003e spell (or some other effect that neutralizes a curse).\u003c/p\u003e\u003c/b\u003e\u003c/b\u003e\u003cp\u003eIf a creature is slain by a weapon that is under the effect of this spell, it can\u0026#39;t be raised from the dead unless a \u003cem\u003eremove curse\u003c/em\u003e spell (or similar effect) is cast on the body or a \u003cem\u003etrue resurrection\u003c/em\u003e spell is used.\u003c/p\u003e","descriptors":"","divine_focus_component":"0","duration":"1 minute/level","effect":"","id":4275,"material_component":"0","meta_breath_component":"0","name":"Cursed Blade","page":57,"rulebook":"Spell Compendium","saving_throw":"None","school":"Necromancy","somatic_component":"0","spell_range":"Touch","spell_resistance":"None","subschool":"","target":"One melee weapon","true_name_component":"0","verbal_component":"1","xp_component":"0"}}