{"id":4280,"created":1449242839,"modified":1449242839,"data":{"arcane_focus_component":"1","area":"","casting_time":"1 round","corrupt_component":"0","description_html":"\u003cp\u003eThis spell functions like \u003ca href=\"/spells/spell-compendium--86/summon-undead-i--3780/\"\u003e\u003cem\u003esummon undead I\u003c/em\u003e\u003c/a\u003e, except that you can summon one undead from the 5th-level list, two undead of the same kind from the 4th-level list, or four undead of the same kind from a lower-level list.\u003c/p\u003e\u003c/b\u003e\u003c/b\u003e\u003ch4\u003e\u003cspan class=\"caps\"\u003eSUMMON\u003c/span\u003e \u003cspan class=\"caps\"\u003eUNDEAD\u003c/span\u003e \u003cspan class=\"caps\"\u003eLISTS\u003c/span\u003e\u003c/h4\u003e\u003c/b\u003e\u003c/b\u003e\u003ctable\u003e\u003c/b\u003e\u003ctr\u003e\u003c/b\u003e\u003cth\u003e\u003cstrong\u003eSpell Level\u003c/strong\u003e \u003c/th\u003e\u003c/b\u003e\u003cth\u003e\u003cstrong\u003eUndead Creature\u003c/strong\u003e \u003c/th\u003e\u003c/b\u003e\u003c/tr\u003e\u003c/b\u003e\u003ctr\u003e\u003c/b\u003e\u003ctd\u003e \u003cstrong\u003e1st\u003c/strong\u003e \u003c/td\u003e\u003c/b\u003e\u003ctd\u003e \u003cstrong\u003eHuman warrior skeleton (MM 226)\u003c/strong\u003e, \u003cstrong\u003ekobold zombie (MM 266)\u003c/strong\u003e \u003c/td\u003e\u003c/b\u003e\u003c/tr\u003e\u003c/b\u003e\u003ctr\u003e\u003c/b\u003e\u003ctd\u003e \u003cstrong\u003e2nd\u003c/strong\u003e \u003c/td\u003e\u003c/b\u003e\u003ctd\u003e \u003cstrong\u003eOwlbear skeleton (MM 226)\u003c/strong\u003e, \u003cstrong\u003ebugbear zombie (MM 267)\u003c/strong\u003e \u003c/td\u003e\u003c/b\u003e\u003c/tr\u003e\u003c/b\u003e\u003ctr\u003e\u003c/b\u003e\u003ctd\u003e \u003cstrong\u003e3rd\u003c/strong\u003e \u003c/td\u003e\u003c/b\u003e\u003ctd\u003e \u003cstrong\u003eGhoul (MM 118)\u003c/strong\u003e, \u003cstrong\u003etroll skeleton (MM 227)\u003c/strong\u003e, \u003cstrong\u003eogre zombie (MM 267)\u003c/strong\u003e \u003c/td\u003e\u003c/b\u003e\u003c/tr\u003e\u003c/b\u003e\u003ctr\u003e\u003c/b\u003e\u003ctd\u003e \u003cstrong\u003e4th\u003c/strong\u003e \u003c/td\u003e\u003c/b\u003e\u003ctd\u003e \u003cstrong\u003eAllip (MM 10)\u003c/strong\u003e, \u003cstrong\u003eghast (MM 119)\u003c/strong\u003e, \u003cstrong\u003ewyvern zombie (MM 267)\u003c/strong\u003e \u003c/td\u003e\u003c/b\u003e\u003c/tr\u003e\u003c/b\u003e\u003ctr\u003e\u003c/b\u003e\u003ctd\u003e \u003cstrong\u003e5th\u003c/strong\u003e \u003c/td\u003e\u003c/b\u003e\u003ctd\u003e \u003cstrong\u003eMummy (MM 190)\u003c/strong\u003e, \u003cstrong\u003eshadow (MM 221)\u003c/strong\u003e, \u003cstrong\u003evampire spawn (MM 253)\u003c/strong\u003e, \u003cstrong\u003ewight (MM 255)\u003c/strong\u003e \u003c/td\u003e\u003c/b\u003e\u003c/tr\u003e\u003c/b\u003e\u003c/table\u003e","descriptors":"Evil","divine_focus_component":"1","duration":"1 round/level","effect":"One or more summoned creatures, no two of which are more than 30 ft. apart","id":4280,"material_component":"0","meta_breath_component":"0","name":"Summon Undead V","page":215,"rulebook":"Spell Compendium","saving_throw":"None","school":"Conjuration","somatic_component":"1","spell_range":"Close (25 ft. + 5 ft./2 levels)","spell_resistance":"No","subschool":"Summoning","target":"","true_name_component":"0","verbal_component":"1","xp_component":"0"}}