{"id":4294,"created":1449242839,"modified":1449242839,"data":{"arcane_focus_component":"1","area":"","casting_time":"1 standard action","corrupt_component":"0","description_html":"\u003cp\u003e\u003cem\u003eA dark and ominous aura forms around you as you complete the spell. Distant chords of a harsh and terrible symphony\u0026#8212;as if multiple orchestras played different pieces simultaneously\u0026#8212;echo continuously in the air as you reach for your victim.\u003c/em\u003e\u003c/p\u003e\u003c/b\u003e\u003c/b\u003e\u003cp\u003eA creature targeted by this spell loses the ability to dream during sleep or rest. Rather, in place of dreams, the subject\u0026#39;s slumbering mind is filled with the sounds of a discordant orchestra. After the victim\u0026#39;s first attempt to sleep, it incurs a -2 penalty on Wisdom-based skill checks. This penalty persists as long as the symphonic nightmare maintains its hold. This spell affects all creatures that sleep or enter sleep-like trances, although creatures without the need to sleep are effectively immune.\u003c/p\u003e\u003c/b\u003e\u003c/b\u003e\u003cp\u003eIn addition, the creature\u0026#39;s sleep is now haunted. It can no longer gain complete rest from sleeping or resting. The subject does not regain hit points or heal ability damage naturally, nor is it able to prepare spells if doing so requires a full night\u0026#39;s rest.\u003c/p\u003e\u003c/b\u003e\u003c/b\u003e\u003cp\u003eThe creature is, however, now immune to the dream and nightmare spells, as well as to other effects that cause nightmares (such as the night hag\u0026#39;s dream haunting ability).\u003c/p\u003e\u003c/b\u003e\u003c/b\u003e\u003cp\u003eYou can lift the effect of this curse at will, but it is otherwise difficult to remove a symphonic nightmare before its duration expires. A remove curse cast at a higher caster level than the symphonic nightmare spell removes it, as does a successful break enchantment. Otherwise, a wish or miracle is required to lift the curse.\u003c/p\u003e\u003c/b\u003e\u003c/b\u003e\u003cp\u003eThis spell can also be cast on a creature you are scrying, or on a creature distant from you if you hold something the creature carried within the past 24 hours.\u003c/p\u003e\u003c/b\u003e\u003c/b\u003e\u003cp\u003eFocus: A small statue of an opened skull, within which is arranged a miniature orchestra. The quality of this component must be extraordinary, and it carries a value of 1,000 gp.\u003c/p\u003e","descriptors":"Mind-Affecting","divine_focus_component":"0","duration":"24 hours/level (D)","effect":"","id":4294,"material_component":"0","meta_breath_component":"0","name":"Symphonic Nightmare","page":218,"rulebook":"Spell Compendium","saving_throw":"Will negates","school":"Enchantment","somatic_component":"1","spell_range":"Touch; see text","spell_resistance":"Yes","subschool":"Compulsion","target":"Living creature touched; see text","true_name_component":"0","verbal_component":"1","xp_component":"0"}}