{"id":4316,"created":1449242840,"modified":1449242840,"data":{"arcane_focus_component":"1","area":"","casting_time":"1 standard action","corrupt_component":"0","description_html":"\u003cp\u003e\u003cem\u003eYou cast this spell and know where each of your opponents stands. Their presence is marked in your mind like ripples radiating along the surface of a pond.\u003c/em\u003e\u003c/p\u003e\u003c/b\u003e\u003c/b\u003e\u003cp\u003eYou can automatically pinpoint the location of any object or creature within 30 feet that is in contact with the ground.\u003c/p\u003e\u003c/b\u003e\u003c/b\u003e\u003cp\u003eArcane Focus: A fleck of skin from a creature that has tremorsense.\u003c/p\u003e","descriptors":"","divine_focus_component":"1","duration":"10 minutes/level (D)","effect":"","id":4316,"material_component":"0","meta_breath_component":"0","name":"Tremorsense","page":224,"rulebook":"Spell Compendium","saving_throw":"","school":"Transmutation","somatic_component":"1","spell_range":"Personal","spell_resistance":"","subschool":"","target":"You","true_name_component":"0","verbal_component":"1","xp_component":"0"}}