{"id":4339,"created":1449242840,"modified":1449242840,"data":{"arcane_focus_component":"0","area":"","casting_time":"1 swift action","corrupt_component":"0","description_html":"\u003cp\u003e\u003cem\u003eWith a cry similar to a rooster\u0026#39;s you cast the spell. For a moment you feel as if you had just awakened from a confortable nap, but as the feeling fades, those around you begin to stir.\u003c/em\u003e\u003c/p\u003e\u003c/b\u003e\u003c/b\u003e\u003cp\u003eAll sleeping creatures in the affected area awaken. Those who are unconscious because of nonlethal damage wake up and are staggered. This spell does not affect dying creatures.\u003c/p\u003e","descriptors":"","divine_focus_component":"0","duration":"Instantaneous","effect":"","id":4339,"material_component":"0","meta_breath_component":"0","name":"Dawn","page":59,"rulebook":"Spell Compendium","saving_throw":"Fortitude negates (harmless)","school":"Abjuration","somatic_component":"0","spell_range":"15 ft.","spell_resistance":"Yes (harmless)","subschool":"","target":"All creatures in a 15-ft.-radius burst centered on you","true_name_component":"0","verbal_component":"1","xp_component":"0"}}