{"id":4350,"created":1449242840,"modified":1449242840,"data":{"arcane_focus_component":"0","area":"","casting_time":"1 immediate action","corrupt_component":"0","description_html":"\u003cp\u003e\u003cem\u003eYou let out a quick cry and instantly feel your chest swell with air, as if you had taken a deep breath. Strangely, you feel no need to exhale.\u003c/em\u003e\u003c/p\u003e\u003c/b\u003e\u003c/b\u003e\u003cp\u003eYour lungs instantly fill with air, and continue to refill with air for the duration of the spell. When the spell\u0026#39;s duration expires, you can continue to hold your breath as if you had just gulped down a lungful of air.\u003c/p\u003e\u003c/b\u003e\u003c/b\u003e\u003cp\u003eYou can cast this spell with an instant utterance, quickly enough to save yourself from drowning after being suddenly plunged into water.\u003c/p\u003e","descriptors":"Air","divine_focus_component":"0","duration":"1 round/level","effect":"","id":4350,"material_component":"0","meta_breath_component":"0","name":"Deep Breath","page":61,"rulebook":"Spell Compendium","saving_throw":"","school":"Conjuration","somatic_component":"0","spell_range":"Personal","spell_resistance":"","subschool":"Creation","target":"You","true_name_component":"0","verbal_component":"1","xp_component":"0"}}