{"id":4354,"created":1449242841,"modified":1449242841,"data":{"arcane_focus_component":"0","area":"","casting_time":"1 standard action","corrupt_component":"0","description_html":"\u003cp\u003e\u003cem\u003eYou call out to your deity, declaring your foe\u0026#39;s crimes and asking your deity to punish him.\u003c/em\u003e\u003c/p\u003e\u003c/b\u003e\u003c/b\u003e\u003cp\u003eThis spell deals 1d6 points of damage per two caster levels (maximum 5d6), or 1d6 points per caster level (maximum 10d6) if the target is undead.\u003c/p\u003e","descriptors":"","divine_focus_component":"1","duration":"Instantaneous","effect":"","id":4354,"material_component":"0","meta_breath_component":"0","name":"Deific Vengeance","page":62,"rulebook":"Spell Compendium","saving_throw":"Will half","school":"Conjuration","somatic_component":"1","spell_range":"Close (25 ft. + 5 ft./2 levels)","spell_resistance":"Yes","subschool":"Summoning","target":"One creature","true_name_component":"0","verbal_component":"1","xp_component":"0"}}