{"id":4362,"created":1449242841,"modified":1449242841,"data":{"arcane_focus_component":"1","area":"","casting_time":"3 rounds","corrupt_component":"0","description_html":"\u003cp\u003e\u003cem\u003eYou cast this spell and are surrounded with a nimbus of green light. In your mind, a map unfolds of the surrounding area, showing the cities, hamlets, and known ruins as if penned by a cartographer. The light fades but the knowledge of the map remains.\u003c/em\u003e\u003c/p\u003e\u003c/b\u003e\u003c/b\u003e\u003cp\u003eYou instantly gain an overview of the area around you. Lay of the land gives basic information relevant to major landmarks, such as rivers, lakes, and settlements (of at least hamlet size). It indicates the direction and distance to each from the current location. You have a good understanding of the terrain up to 50 miles from your current location.\u003c/p\u003e\u003c/b\u003e\u003c/b\u003e\u003cp\u003eUnlike \u003ca href=\"/spells/players-handbook-v35--6/find-the-path--2498/\"\u003e\u003cem\u003efind the path\u003c/em\u003e\u003c/a\u003e, this spell does not give information on traps, passwords, or impediments to a journey.\u003c/p\u003e\u003c/b\u003e\u003c/b\u003e\u003cp\u003eArcane Focus: A small piece of lodestone.\u003c/p\u003e","descriptors":"","divine_focus_component":"1","duration":"Instantaneous","effect":"","id":4362,"material_component":"0","meta_breath_component":"0","name":"Lay of the Land","page":131,"rulebook":"Spell Compendium","saving_throw":"","school":"Divination","somatic_component":"1","spell_range":"Personal","spell_resistance":"","subschool":"","target":"You","true_name_component":"0","verbal_component":"1","xp_component":"0"}}