{"id":4372,"created":1449242841,"modified":1449242841,"data":{"arcane_focus_component":"0","area":"","casting_time":"1 swift action","corrupt_component":"0","description_html":"\u003cp\u003e\u003cem\u003eYou cast the spell and a nimbus of yellow energy in the form of a lion surrounds you.\u003c/em\u003e\u003c/p\u003e\u003c/b\u003e\u003c/b\u003e\u003cp\u003eThis spell grants you the pounce special ability (MM 313), allowing you to make a full attack at the end of a charge.\u003c/p\u003e","descriptors":"","divine_focus_component":"0","duration":"1 round","effect":"","id":4372,"material_component":"0","meta_breath_component":"0","name":"Lion's Charge","page":133,"rulebook":"Spell Compendium","saving_throw":"","school":"Transmutation","somatic_component":"0","spell_range":"Personal","spell_resistance":"","subschool":"","target":"You","true_name_component":"0","verbal_component":"1","xp_component":"0"}}