{"id":4388,"created":1449242841,"modified":1449242841,"data":{"arcane_focus_component":"1","area":"","casting_time":"1 standard action","corrupt_component":"0","description_html":"\u003cp\u003e\u003cem\u003eThe eternal energies of light and darkness you call upon to cast this spell cause the ambient light near you to coalesce around the crystal rod in your hand. The light erupts in a coruscating beam of radiance shaped like a needle-sharp lance.\u003c/em\u003e\u003c/p\u003e\u003c/b\u003e\u003c/b\u003e\u003cp\u003eYou must succeed on a ranged touch attack with the ray to strike a target. A creature struck is blinded for 1 round, and dazzled for 1 round per caster level. A creature sensitive to bright light (such as a drow, duergar, or kuo-toa) takes penalties as if it had been exposed to full daylight for 1 round if struck by the beam, even if it resists the spell\u0026#39;s other effects.\u003c/p\u003e\u003c/b\u003e\u003c/b\u003e\u003cp\u003eIn addition to this dazzling effect, lucent lance deals damage based on the level of light available within your square. In bright light, it deals 1d6 points of damage per caster level (maximum 15d6). In shadowy illumination, it deals 1d4 points of damage per caster level (maximum 15d4). If no light is present in your square, the spell cannot be cast at all.\u003c/p\u003e\u003c/b\u003e\u003c/b\u003e\u003cp\u003eFocus: A clear glass or crystal rod.\u003c/p\u003e","descriptors":"Light","divine_focus_component":"0","duration":"Instantaneous","effect":"Ray","id":4388,"material_component":"0","meta_breath_component":"0","name":"Lucent Lance","page":134,"rulebook":"Spell Compendium","saving_throw":"None","school":"Transmutation","somatic_component":"1","spell_range":"Close (25 ft. + 5 ft./2 levels)","spell_resistance":"Yes; see text","subschool":"","target":"","true_name_component":"0","verbal_component":"1","xp_component":"0"}}