{"id":4437,"created":1449242842,"modified":1449242842,"data":{"arcane_focus_component":"0","area":"","casting_time":"1 Standard Action","corrupt_component":"0","description_html":"\u003cp\u003e\u003cem\u003eA silver aura surrounds the touched shield for a moment before it appears to transform into the chosen type of energy. The shield hums with power.\u003c/em\u003e\u003c/p\u003e\u003c/b\u003e\u003c/b\u003e\u003cp\u003eWhen this spell is cast, the shield touched appears to be made entirely out of one type of energy (fire, cold, electricity, acid, or sonic). Whoever bears the shield gains resistance 5 against the chosen energy type. Additionally, if the wielder successfully hits someone with  the shield with a shield bash attack, the victim takes 1d6 points of the appropriate energy damage in addition to the normal shield bash damage. The energy type must be chosen when the spell is cast and cannot be changed during the duration of the spell. The energy resistance overlaps (and does not stack) with \u003ca href=\"/spells/psionics-handbook-30--46/resist-elements--3789/\"\u003e\u003cem\u003eresist elements\u003c/em\u003e\u003c/a\u003e. A given shield cannot be the subject of more than one \u003cem\u003elesser energized shield\u003c/em\u003e or \u003ca href=\"/spells/spell-compendium--86/energized-shield--4438/\"\u003e\u003cem\u003eenergized shield\u003c/em\u003e\u003c/a\u003e spell at the same time.\u003c/p\u003e\u003c/b\u003e\u003c/b\u003e\u003cp\u003eThe descriptor of this spell is the same as the energy type you choose when you cast it.\u003c/p\u003e","descriptors":"see text","divine_focus_component":"1","duration":"1 round/level","effect":"","id":4437,"material_component":"0","meta_breath_component":"0","name":"Energized Shield, Lesser","page":79,"rulebook":"Spell Compendium","saving_throw":"None","school":"Abjuration","somatic_component":"1","spell_range":"Touch","spell_resistance":"No","subschool":"","target":"Shield touched","true_name_component":"0","verbal_component":"1","xp_component":"0"}}