{"id":4456,"created":1449242843,"modified":1449242843,"data":{"arcane_focus_component":"0","area":"","casting_time":"1 round","corrupt_component":"0","description_html":"\u003cp\u003e\u003cem\u003eAs you mutter this spell, your words burrow into your foes\u0026#39; minds like hungry maggots, spawning dark and disturbing thoughts.\u003c/em\u003e\u003c/p\u003e\u003c/b\u003e\u003c/b\u003e\u003cp\u003eYou can choose to inflict one of the following conditions upon any creatures that fail their saving throws:\u003c/p\u003e\u003c/b\u003e\u003c/b\u003e\u003cp\u003e\u003cstrong\u003eHysteria:\u003c/strong\u003e The subjects fall into fits of uncontrollable laughing or crying (equal chance for either). This hysteria affects subjects as though they were nauseated; they are unable to attack, cast spells, concentrate on spells, or do anything else requiring attention. The only action a subject can take is a single move action per turn.\u003c/p\u003e\u003c/b\u003e\u003c/b\u003e\u003cp\u003e\u003cstrong\u003ePanic:\u003c/strong\u003e The subjects become panicked. If cornered, a panicked creature cowers.\u003c/p\u003e\u003c/b\u003e\u003c/b\u003e\u003cp\u003e\u003cstrong\u003eViolent Hallucinations:\u003c/strong\u003e The subjects perceive any nearby creatures as dangerous enemies, attacking the nearest ones and fighting until the subjects are slain or until no more creatures are in sight.\u003c/p\u003e\u003c/b\u003e\u003c/b\u003e\u003cp\u003e\u003cstrong\u003eStupor:\u003c/strong\u003e The subjects curl up on the floor and remain oblivious to events around them. Characters in a stupor are effectively stunned and prone.\u003c/p\u003e","descriptors":"Mind-Affecting","divine_focus_component":"0","duration":"1 round/level","effect":"","id":4456,"material_component":"0","meta_breath_component":"0","name":"Maddening Whispers","page":135,"rulebook":"Spell Compendium","saving_throw":"Will negates","school":"Enchantment","somatic_component":"0","spell_range":"Close (25 ft. + 5 ft./2 levels)","spell_resistance":"Yes","subschool":"Compulsion","target":"One creature/level","true_name_component":"0","verbal_component":"1","xp_component":"0"}}