{"id":4463,"created":1449242843,"modified":1449242843,"data":{"arcane_focus_component":"0","area":"","casting_time":"1 standard action","corrupt_component":"0","description_html":"\u003cp\u003e\u003cem\u003eYou toss the bit of earth against the wall and it glitters and burns as it strikes the stone. The rock vaporizes where it hits and a passage opens before you, burrowing into the wall.\u003c/em\u003e\u003c/p\u003e\u003c/b\u003e\u003c/b\u003e\u003cp\u003eAs with \u003cem\u003epasswall\u003c/em\u003e (\u003cem\u003ePH\u003c/em\u003e 259), this spell allows you to create a passage through wooden, plaster, or stone walls, but not through metal or harder materials, if a wall\u0026#39;s thickness is more than 1 foot per caster level, then a single \u003cem\u003eexcavate\u003c/em\u003e spell simply makes a niche or short tunnel with the stated dimensions. Several \u003cem\u003eexcavate\u003c/em\u003e spells can be used in succession to breach very thick walls by forming a continuing passage. Unlike \u003cem\u003epasswall\u003c/em\u003e, \u003cem\u003eexcavate\u003c/em\u003e is an instantaneous effect that does not end and cannot be dispelled; any passage it creates is permanent.\u003c/p\u003e\u003c/b\u003e\u003c/b\u003e\u003cp\u003e\u003cem\u003eMaterial Component:\u003c/em\u003e A pinch of excavated earth.\u003c/p\u003e","descriptors":"","divine_focus_component":"0","duration":"Instantaneous","effect":"","id":4463,"material_component":"1","meta_breath_component":"0","name":"Excavate","page":85,"rulebook":"Spell Compendium","saving_throw":"None","school":"Transmutation","somatic_component":"1","spell_range":"Close (25 ft. + 5 ft./2 levels)","spell_resistance":"No","subschool":"","target":"One 5-ft.-by-5-ft. opening, 1 ft./level deep","true_name_component":"0","verbal_component":"1","xp_component":"0"}}