{"id":4464,"created":1449242843,"modified":1449242843,"data":{"arcane_focus_component":"0","area":"","casting_time":"1 swift action","corrupt_component":"0","description_html":"\u003cp\u003e_This spell functions like \u003cem\u003eexpeditious retreat\u003c/em\u003e (\u003cem\u003ePH\u003c/em\u003e 228), except as noted above.\u003c/p\u003e","descriptors":"","divine_focus_component":"0","duration":"1 round","effect":"","id":4464,"material_component":"0","meta_breath_component":"0","name":"Expeditious Retreat, Swift","page":85,"rulebook":"Spell Compendium","saving_throw":"","school":"Transmutation","somatic_component":"0","spell_range":"","spell_resistance":"","subschool":"","target":"","true_name_component":"0","verbal_component":"1","xp_component":"0"}}