{"id":4468,"created":1449242843,"modified":1449242843,"data":{"arcane_focus_component":"0","area":"","casting_time":"1 standard action","corrupt_component":"0","description_html":"\u003cp\u003e\u003cem\u003eYour voice traits off into whispers as you near the end of the spell\u0026#39;s complex ritual. The whispers begin to build upon one another, echoing in the air around you, swirling and twisting until they become a steady cacophony. The wind gathers speed, creating a spherical vortex around you.\u003c/em\u003e\u003c/p\u003e\u003c/b\u003e\u003c/b\u003e\u003cp\u003eWith this spell, you create a swirling miniature storm that provides a measure of protection, but leaves you and those near you unaffected.\u003c/p\u003e\u003c/b\u003e\u003c/b\u003e\u003cp\u003eThe storm that surrounds you has hurricane-force winds spinning in a circle with you at the center. Normal ranged attacks through the hurricane\u0026#39;s windy area are impossible, and even heavier projectiles such as siege weapons and giant boulders take a -8 penalty on the attack roll.\u003c/p\u003e\u003c/b\u003e\u003c/b\u003e\u003cp\u003eCreatures who move inside the spell\u0026#39;s area suffer effects depending on their size and whether they¿re airborne. Each creature must make a saving throw at the beginning of its turn or when in enters the affected area.\u003c/p\u003e\u003c/b\u003e\u003c/b\u003e\u003cp\u003eMedium or smaller creatures mus succeed on a Fortitude save or be knocked 1d4\u0026#215;10 feet away from the eye of the hurricane\u0026#39;s center and take 1d4 points of nonlethal damage per10 feet traveled in this manner. Creatures blown away are knocked prone as well. Flying creatures are blown back 2d6\u0026#215;10 feet and take 2d6 points of nonlethal damage.\u003c/p\u003e\u003c/b\u003e\u003c/b\u003e\u003cp\u003eLarge creatures must succeed on a Fortitude save or be knocked prone by the force of the wind. Flying creatures are instead blown back 1d6\u0026#215;10 feet.\u003c/p\u003e\u003c/b\u003e\u003c/b\u003e\u003cp\u003eHuge creatures must succeed on a Fortitude save or be checked. Flying creatures are instead blown back 1d6\u0026#215;5 feet.\u003c/p\u003e\u003c/b\u003e\u003c/b\u003e\u003cp\u003eGargantuan and Colossal creatures can move through the spell\u0026#39;s area without adverse consequences.\u003c/p\u003e\u003c/b\u003e\u003c/b\u003e\u003cp\u003eEven creatures that succeed on their saving throws must attempt them again whenever they start a turn inside the spell\u0026#39;s area or whenever they move back into it.\u003c/p\u003e\u003c/b\u003e\u003c/b\u003e\u003cp\u003eThe spell\u0026#39;s area is effectively a sphere. Although the area is centered on you, you\u0026#39;re not within the wind. if you move, the eye of the hurricane moves as well to keep you in the center. If you cast \u003cem\u003eeye of the hurricane\u003c/em\u003e so that creatures are inside the eye when the spell begins, they must make Fortitude saves when your movement brings the area of wind upon them. Thereafter, if you move the spell area into a square occupied by another creature, that creature makes a Fortitude save at the beginning of its next turn (assuming the windy area of the spell is still on it).\u003c/p\u003e","descriptors":"Air","divine_focus_component":"0","duration":"1 round/level","effect":"","id":4468,"material_component":"0","meta_breath_component":"0","name":"Eye of the Hurricane","page":86,"rulebook":"Spell Compendium","saving_throw":"Fortitude negates; see text","school":"Abjuration","somatic_component":"1","spell_range":"40-ft. radius emanation centered on your, with 10-ft.-radius quiet area centered on you","spell_resistance":"Yes","subschool":"","target":"","true_name_component":"0","verbal_component":"1","xp_component":"0"}}