{"id":448,"created":1449242757,"modified":1449242757,"data":{"arcane_focus_component":"0","area":null,"casting_time":"1 round","corrupt_component":"0","description_html":"\u003cp\u003eYou seal a door, chest, or similar closure with a prominent magical sigil that bars entry and prevents opening.\u003cbr /\u003eA door or object protected by this spell can be opened only by breaking (add 10 to the normal break DC) or by the use of knock or dispel magic.\u003cbr /\u003eIf the door or object is forced open by any means (magical or physical), the sign of sealing deals 1d4 points of damage per caster level (maximum 10d4) in a 30-foot radius (Reflex half).\u003cbr /\u003eA knock spell doesn\u0026#39;t negate or automatically bypass a sign of sealing, but will suppress the sign for 10 minutes on a successful caster level check (DC 11 + the caster level of the sign\u0026#39;s creator).\u003cbr /\u003eA sign of sealing is a magical trap that can be disarmed with a successful DC 28 Disable Device check.\u003cbr /\u003eYou can pass your own sign safely, and it remains set behind you.\u003cbr /\u003eMaterial Component: A crushed emerald worth 100 gp.\u003c/p\u003e","descriptors":"","divine_focus_component":"0","duration":"Permanent","effect":null,"id":448,"material_component":"1","meta_breath_component":"0","name":"Sign of Sealing","page":null,"rulebook":"Complete Arcane","saving_throw":"Reflex half; see text","school":"Abjuration","somatic_component":"1","spell_range":"Close (25 ft. + 5 ft./2 levels)","spell_resistance":"No","subschool":"","target":"One door, chest, or portal up to 30 sq. ft./level in size","true_name_component":"0","verbal_component":"1","xp_component":"0"}}