{"id":4486,"created":1449242843,"modified":1449242843,"data":{"arcane_focus_component":"0","area":"","casting_time":"10 minutes","corrupt_component":"0","description_html":"\u003cp\u003e\u003cem\u003eBy binding the subject to your deity, you give it the ability to crush the deity\u0026#39;s enemies.\u003c/em\u003e\u003c/p\u003e\u003c/b\u003e\u003c/b\u003e\u003cp\u003eOnce this spell is cast, the zealot pact remains dormant until the subject successfully hits a foe whose alignment is exactly opposite that of your deity. The subject\u0026#39;s subsequent melee attacks gain a +4 bonus and deal double damage. Once the spell is active, the subject must attack foes of opposite alignment every round if able to do so, or the spell effect ends. The subject knows which creatures within 60 feet are of opposite alignment.\u003c/p\u003e\u003c/b\u003e\u003c/b\u003e\u003cp\u003eIf you create a zealot pact with a neutral deity (such as Obad-Hai), choose one alignment from among the following that triggers the zealot pact: lawful good, lawful evil, chaotic evil, or -chaotic good.\u003c/p\u003e\u003c/b\u003e\u003c/b\u003e\u003cp\u003eA creature can be subject to only one zealot pact at a time. Casting zealot pact on a subject that already has an untriggered zealot pact voids the earlier pact.\u003c/p\u003e\u003c/b\u003e\u003c/b\u003e\u003cp\u003eXP Cost: 500 XP.\u003c/p\u003e","descriptors":"","divine_focus_component":"1","duration":"Permanent until triggered; then 1 round/level","effect":"","id":4486,"material_component":"0","meta_breath_component":"0","name":"Zealot Pact","page":244,"rulebook":"Spell Compendium","saving_throw":"Will negates (harmless)","school":"Evocation","somatic_component":"1","spell_range":"Touch","spell_resistance":"Yes (harmless)","subschool":"","target":"Willing living creature touched","true_name_component":"0","verbal_component":"1","xp_component":"1"}}