{"id":4502,"created":1449242844,"modified":1449242844,"data":{"arcane_focus_component":"0","area":"","casting_time":"1 standard action","corrupt_component":"0","description_html":"\u003cp\u003e\u003cem\u003eYou touch the target, and it bursts into flames that do not harm it, although the heat you feel from the fire seems quite real to you.\u003c/em\u003e\u003c/p\u003e\u003c/b\u003e\u003c/b\u003e\u003cp\u003eThe creature you touch bursts into magical flames that do not harm the subject, but are capable of harming anyone else who comes into contact with the creature.\u003c/p\u003e\u003c/b\u003e\u003c/b\u003e\u003cp\u003eWith a successful melee attack, the subject deals an extra 1 point of fire damage per caster level (maximum +15). If the defender has spell resistance, it applies to this effect. Creatures that make successful melee attacks against the subject are susceptible to the same damage unless they attack with weapons that have reach, such as longspears.\u003c/p\u003e\u003c/b\u003e\u003c/b\u003e\u003cp\u003eThe subject of \u003cem\u003efires of purity\u003c/em\u003e takes only half damage from fire-based attacks. If such an attack allows a Reflex save for half damage, the subject takes no damage on a successful save.\u003c/p\u003e","descriptors":"Fire","divine_focus_component":"1","duration":"1 round/level","effect":"","id":4502,"material_component":"0","meta_breath_component":"0","name":"Fires of Purity","page":94,"rulebook":"Spell Compendium","saving_throw":"See text","school":"Evocation","somatic_component":"1","spell_range":"Touch","spell_resistance":"Yes (harmless); see text","subschool":"","target":"Creature touched","true_name_component":"0","verbal_component":"1","xp_component":"0"}}