{"id":4504,"created":1449242844,"modified":1449242844,"data":{"arcane_focus_component":"0","area":"","casting_time":"1 standard action","corrupt_component":"0","description_html":"\u003cp\u003e\u003cem\u003eThe complicated gestures of the spell end with a punch of your fist, which now has the texture and look of stone.\u003c/em\u003e\u003c/p\u003e\u003c/b\u003e\u003c/b\u003e\u003cp\u003eYou transform one of your hands into a mighty fist of living stone, gaining a +6 enhancement bonus to Strength for the purpose of attack rolls, grapple checks or breaking and crushing items. In addition, you gain the ability to make one natural slam attack, dealing 1d6 points of damage + your new Strength bonus (or 1-1/2 times your Strength bonus if you make no other attacks in that round). You can make the slam attack as a natural secondary attack, with the normal -5 penalty, or a -2 penalty if you have the Multiattack feat (\u003cem\u003eMM\u003c/em\u003e 304), as part of a full attack action. However, you cannot gain more than one slam attack per round with this spell due to a high base attack bonus (+6 or higher).\u003c/p\u003e\u003c/b\u003e\u003c/b\u003e\u003cp\u003eYour fist undergoes no change in size or form, remaining as flexible and responsive as it would normally be while under the spell\u0026#39;s effect.\u003c/p\u003e\u003c/b\u003e\u003c/b\u003e\u003cp\u003e\u003cem\u003eMaterial Component:\u003c/em\u003e A pebble inscribed with a stylized fist design.\u003c/p\u003e","descriptors":"Earth","divine_focus_component":"0","duration":"1 minute","effect":"","id":4504,"material_component":"1","meta_breath_component":"0","name":"Fist of Stone","page":94,"rulebook":"Spell Compendium","saving_throw":"","school":"Transmutation","somatic_component":"1","spell_range":"Personal","spell_resistance":"","subschool":"","target":"You","true_name_component":"0","verbal_component":"1","xp_component":"0"}}