{"id":451,"created":1449242757,"modified":1449242757,"data":{"arcane_focus_component":"0","area":null,"casting_time":"1 standard action","corrupt_component":"0","description_html":"\u003cp\u003eYou conjure a number of shining metallic bands out of thin air, encircling a Medium or smaller creature.\u003cbr /\u003eThe victim must succeed on a Reflex save or be immobilized (helpless).\u003cbr /\u003eIf the saving throw succeeds, the victim is only partially trapped by the bands (treat as entangled).\u003cbr /\u003eA creature immobilized by the bands can attempt escape as a fullround action, either by bursting free (Strength DC 18) or wriggling out (Escape Artist DC 18).\u003cbr /\u003eAn entangled creature can use a full-round action to break or disentangle itself with a DC 13 Strength check or a DC 13 Escape Artist check.\u003cbr /\u003eLarge or larger creatures are too big to be captured or impeded by the bands.\u003cbr /\u003eMaterial Component: Three small silver hoops, interlocked.\u003c/p\u003e","descriptors":"","divine_focus_component":"0","duration":"1 round/level","effect":null,"id":451,"material_component":"1","meta_breath_component":"0","name":"Bands of Steel","page":null,"rulebook":"Complete Arcane","saving_throw":"Reflex partial","school":"Conjuration","somatic_component":"1","spell_range":"Medium (100 ft. + 10 ft./level)","spell_resistance":"No","subschool":"Creation","target":"One creature","true_name_component":"0","verbal_component":"1","xp_component":"0"}}