{"id":4516,"created":1449242844,"modified":1449242844,"data":{"arcane_focus_component":"0","area":"","casting_time":"1 standard action","corrupt_component":"0","description_html":"\u003cp\u003e\u003cem\u003eYou invoke the powers of chaos, and a flickering yellow field of anarchic energy surrounds you.\u003c/em\u003e\u003c/p\u003e\u003c/b\u003e\u003c/b\u003e\u003cp\u003eThe power of this spell grants you spell resistance equal to 12 + your caster level against spells with the lawful descriptor.\u003c/p\u003e","descriptors":"Chaos","divine_focus_component":"0","duration":"10 minutes/level (D)","effect":"","id":4516,"material_component":"0","meta_breath_component":"0","name":"Mantle of Chaos","page":137,"rulebook":"Spell Compendium","saving_throw":"None","school":"Abjuration","somatic_component":"1","spell_range":"Personal","spell_resistance":"Yes","subschool":"","target":"You","true_name_component":"0","verbal_component":"1","xp_component":"0"}}