{"id":4517,"created":1449242844,"modified":1449242844,"data":{"arcane_focus_component":"0","area":"","casting_time":"1 standard action","corrupt_component":"0","description_html":"\u003cp\u003e\u003cem\u003eLetting the mercury drip to the ground you create a slightly concave disk of energy. It hovers several feet above the ground.\u003c/em\u003e\u003c/p\u003e\u003c/b\u003e\u003c/b\u003e\u003cp\u003eThis spell functions like _Tenser\u0026#39;s Floating disk (\u003cem\u003ePH\u003c/em\u003e 294), except that the created disk does not need to stay within 3 feet of the surface beneath it. However, the disk must remain within 15 feet of you at all times. You can concentrate (as a standard action) on the disk to make it move with a fly speed of 20 feet (perfect). This allows you to sit on the disk and command it to carry you about.\u003c/p\u003e\u003c/b\u003e\u003c/b\u003e\u003cp\u003e\u003cem\u003eMaterial Component:\u003c/em\u003e A drop of mercury.\u003c/p\u003e","descriptors":"Force","divine_focus_component":"0","duration":"1 hour/level","effect":"3-ft.-diameter disk of force","id":4517,"material_component":"1","meta_breath_component":"0","name":"Floating Disk, Greater","page":96,"rulebook":"Spell Compendium","saving_throw":"None","school":"Evocation","somatic_component":"1","spell_range":"Close (25 ft. + 5 ft./2 levels)","spell_resistance":"No","subschool":"","target":"","true_name_component":"0","verbal_component":"1","xp_component":"0"}}