{"id":4522,"created":1449242844,"modified":1449242844,"data":{"arcane_focus_component":"0","area":"","casting_time":"1 standard action","corrupt_component":"0","description_html":"\u003cp\u003e\u003cem\u003eHolding aloft the weapon, you name the kind of creature you wish to slay. With a flash, the weapon takes on a blue glow that quickly fades to a barely perceptible aura surrounding it.\u003c/em\u003e\u003c/p\u003e\u003c/b\u003e\u003c/b\u003e\u003cp\u003eWhen you cast this spell, choose one of your favore enemies. Agains creatures of the selected enemy kind, the weapon acts as a +5 magic weapon and deals an extra 2d6 points of damage. Furghermore, while you wield the weapon, you gain a +4 resistance bonus on saving throws against effects created by creatures of that kind. \u003c/p\u003e\u003c/b\u003e\u003c/b\u003e\u003cp\u003eThe spell is automatically canceled 1 round after the weapon leaves your hand for any reason. You cannot have more than one foebane weapon active at a time.\u003c/p\u003e\u003c/b\u003e\u003c/b\u003e\u003cp\u003eIf this spell is cast on a magic weapon, the powers of the spell supersede any that the weapon normally has, rendering the normal enhancement bonus and powers of the weapon inoperative for the duration of the spell. This spell is not cumulative with any other spell that might modify the weapon in any way. This spell does not work on artifacts.\u003c/p\u003e","descriptors":"","divine_focus_component":"0","duration":"1 round/level (D)","effect":"","id":4522,"material_component":"0","meta_breath_component":"0","name":"Foebane","page":96,"rulebook":"Spell Compendium","saving_throw":"Will negates (harmless, object)","school":"Evocation","somatic_component":"1","spell_range":"Touch","spell_resistance":"Yes (harmless, object)","subschool":"","target":"Weapon touched","true_name_component":"0","verbal_component":"1","xp_component":"0"}}