{"id":4529,"created":1449242844,"modified":1449242844,"data":{"arcane_focus_component":"0","area":"","casting_time":"1 standard action","corrupt_component":"0","description_html":"\u003cp\u003e\u003cem\u003eAs you touch the creature, a chill sweeps through you and down your arm. As the spell takes effect, the creature\u0026#39;s body changes hue, becoming an icy blue.\u003c/em\u003e\u003c/p\u003e\u003c/b\u003e\u003c/b\u003e\u003cp\u003eThe subject creature gains the cold subtype, granting it immunity to cold and vulnerability to fire (the creature takes half again as much damage from fire effects). A fire creature subjected to this spell does not gain the cold subtype, but it loses the fire subtype for the duration.\u003c/p\u003e\u003c/b\u003e\u003c/b\u003e\u003cp\u003eMaterial Component: A pinch of sapphire dust worth 10 gp.\u003c/p\u003e","descriptors":"Cold","divine_focus_component":"0","duration":"1 hour/level","effect":"","id":4529,"material_component":"1","meta_breath_component":"0","name":"Mantle of the Icy Soul","page":138,"rulebook":"Spell Compendium","saving_throw":"Will negates","school":"Transmutation","somatic_component":"1","spell_range":"Touch","spell_resistance":"Yes","subschool":"","target":"Creature touched","true_name_component":"0","verbal_component":"1","xp_component":"0"}}