{"id":4533,"created":1449242845,"modified":1449242845,"data":{"arcane_focus_component":"0","area":"","casting_time":"1 standard action","corrupt_component":"0","description_html":"\u003cp\u003e\u003cem\u003eBy pointing your finger at one of your favored enemies, you mark it with a glowing rune that only you can see.\u003c/em\u003e\u003c/p\u003e\u003c/b\u003e\u003c/b\u003e\u003cp\u003eYour favored enemy bonuses against a foe with a mark of the hunter are 4 higher than they would otherwise be.\u003c/p\u003e\u003c/b\u003e\u003c/b\u003e\u003cp\u003eFurthermore, the rune limns your enemy, making the foe easier for you to attack. The subject of a mark of the hunter spell gains no bonus to Armor Class against your attacks from any cover less than total cover, nor does it gain a miss chance against your attacks from any concealment less than total concealment. Other effects that grant a miss chance (such as incorporeality) work normally.\u003c/p\u003e\u003c/b\u003e\u003c/b\u003e\u003cp\u003eMaterial Component: A bit of skin or bone from the relevant favored enemy type or subtype.\u003c/p\u003e","descriptors":"","divine_focus_component":"0","duration":"1 minute/level","effect":"","id":4533,"material_component":"1","meta_breath_component":"0","name":"Mark of the Hunter","page":138,"rulebook":"Spell Compendium","saving_throw":"Will negates","school":"Divination","somatic_component":"1","spell_range":"Medium (100 ft. + 10 ft./level)","spell_resistance":"Yes","subschool":"","target":"One creature, which must be a favored enemy","true_name_component":"0","verbal_component":"1","xp_component":"0"}}