{"id":4563,"created":1449242845,"modified":1449242845,"data":{"arcane_focus_component":"0","area":"","casting_time":"1 standard action","corrupt_component":"0","description_html":"\u003cp\u003e\u003cem\u003eYou uncork the vial and pour out its contents, and the armor you designate begins to soften and flow.\u003c/em\u003e\u003c/p\u003e\u003c/b\u003e\u003c/b\u003e\u003cp\u003eYou alter the physical properties of a metal object so that it runs like water. The melted metal does not change temperature but flows as a liquid for 1 round and then returns to its normal solid state, usually in a form resembling a puddle. An item in a creature\u0026#39;s possession is allowed a Will save, using the creature\u0026#39;s saving throw bonus unless its own is higher.\u003c/p\u003e\u003c/b\u003e\u003c/b\u003e\u003cp\u003eMaterial Component: A drop of mercury in a vial.\u003c/p\u003e","descriptors":"Fire","divine_focus_component":"0","duration":"1 round","effect":"","id":4563,"material_component":"1","meta_breath_component":"0","name":"Metal Melt","page":140,"rulebook":"Spell Compendium","saving_throw":"Will negates (object)","school":"Transmutation","somatic_component":"1","spell_range":"Close (25 ft. + 5 ft./2 levels)","spell_resistance":"Yes (object)","subschool":"","target":"Nonmagical metal object weighing up to 5 lb./level","true_name_component":"0","verbal_component":"1","xp_component":"0"}}