{"id":4565,"created":1449242845,"modified":1449242845,"data":{"arcane_focus_component":"0","area":"","casting_time":"1 standard action","corrupt_component":"0","description_html":"\u003cp\u003e\u003cem\u003eYou spit on your fingers and whip your hand in a snakelike motion, imbuing it with poisoning magic.\u003c/em\u003e\u003c/p\u003e\u003c/b\u003e\u003c/b\u003e\u003cp\u003eYou infect the subject with a poison that saps willpower, dealing 1d10 points of Wisdom damage immediately and another 1d10 points of Wisdom damage 1 minute later. Each instance of damage can be negated by a Fortitude save (DC 10 + 1/2 your caster level + your Int or Cha modifier, for wizards or sorcerers, respectively).\u003c/p\u003e\u003c/b\u003e\u003c/b\u003e\u003cp\u003eMaterial Component: A piece of a toadstool.\u003c/p\u003e","descriptors":"","divine_focus_component":"0","duration":"Instantaneous; see text","effect":"","id":4565,"material_component":"1","meta_breath_component":"0","name":"Mind Poison","page":141,"rulebook":"Spell Compendium","saving_throw":"Fortitude negates; see text","school":"Necromancy","somatic_component":"1","spell_range":"Touch","spell_resistance":"Yes","subschool":"","target":"Living creature touched","true_name_component":"0","verbal_component":"1","xp_component":"0"}}