{"id":4587,"created":1449242846,"modified":1449242846,"data":{"arcane_focus_component":"0","area":"","casting_time":"1 immediate action","corrupt_component":"0","description_html":"\u003cp\u003e\u003cem\u003eYou suffuse your ally with a brief, blue glow. He jerks away from you, as if he can anticipate your next action.\u003c/em\u003e\u003c/p\u003e\u003c/b\u003e\u003c/b\u003e\u003cp\u003eYou cast this spell when you and your party roll for initiative. Unlike other immediate actions, you can cast this spell while flat-footed. You enhance the subject\u0026#39;s reactions in combat, granting it a +5 bonus on its initiative check for the current encounter. If the subject does not make an initiative check within 1 round, this spell has no effect.\u003c/p\u003e","descriptors":"","divine_focus_component":"0","duration":"1 round","effect":"","id":4587,"material_component":"0","meta_breath_component":"0","name":"Nerveskitter","page":146,"rulebook":"Spell Compendium","saving_throw":"None (harmless)","school":"Transmutation","somatic_component":"1","spell_range":"Close (25 ft. + 5 ft./2 levels)","spell_resistance":"Yes","subschool":"","target":"One creature","true_name_component":"0","verbal_component":"1","xp_component":"0"}}