{"id":4596,"created":1449242846,"modified":1449242846,"data":{"arcane_focus_component":"0","area":"","casting_time":"1 round","corrupt_component":"0","description_html":"\u003cp\u003e\u003cem\u003eA brief supplication gives you a vision that hints at how dangerous the immediate future is likely to be.\u003c/em\u003e\u003c/p\u003e\u003c/b\u003e\u003c/b\u003e\u003cp\u003eBased on an assessment of your immediate surroundings and chosen path of travel, you receive one of three visions that reflect the next hour\u0026#39;s journey: safety, peril, or great danger.\u003c/p\u003e\u003c/b\u003e\u003c/b\u003e\u003cp\u003eThe base chance for receiving an accurate reply is 70% +1% per caster level, to a maximum of 90%; the DM makes the roll secretly.\u003c/p\u003e\u003c/b\u003e\u003c/b\u003e\u003cp\u003eIf the omen of peril is successful, you get one of three visions, which lasts just a second or two.\u003c/p\u003e\u003c/b\u003e\u003c/b\u003e\u003cul\u003e\u003c/b\u003e\u003cli\u003eSafety: You aren\u0026#39;t in any immediate danger. If you continue on your present course (or remain where you are if you have been stationary for some time before casting the spell), you will face no significant monsters, traps, or other challenges for the next hour or so.\u003c/li\u003e\u003c/b\u003e\u003c/ul\u003e\u003c/b\u003e\u003c/b\u003e\u003cul\u003e\u003c/b\u003e\u003cli\u003ePeril: You will face challenges typical of an adventure: challenging but not overwhelming monsters, dangerous traps, and other hazards for the next hour or so.\u003c/li\u003e\u003c/b\u003e\u003c/ul\u003e\u003c/b\u003e\u003c/b\u003e\u003cul\u003e\u003c/b\u003e\u003cli\u003eGreat Danger: Your very life is at grave risk. You will likely face powerful NPCs or deadly traps in the next hour.\u003c/li\u003e\u003c/b\u003e\u003c/ul\u003e\u003c/b\u003e\u003c/b\u003e\u003cp\u003eIf the roll fails, you get one of the two incorrect results, determined randomly by the DM, and you don\u0026#39;t necessarily know that you failed because the DM rolls secretly.\u003c/p\u003e\u003c/b\u003e\u003c/b\u003e\u003cp\u003eChoosing which vision is \u0026quot;correct\u0026quot; takes some educated guesswork on the part of the DM, who should assess the characters\u0026#39; likely courses of action and what dangers they\u0026#39;re likely to face.\u003c/p\u003e\u003c/b\u003e\u003c/b\u003e\u003cp\u003eThe exact form that an omen of peril takes depends on whether you worship a specific deity, venerate nature as a druid, or simply uphold abstract principles. A druid might see a white dove for safety, a dark cloud obscuring the sun for peril, and a forest fire for great danger. A cleric of Fharlanghn might get a vision of a straight road for safety, a crossroads for peril, and a washed-out bridge for great danger.\u003c/p\u003e\u003c/b\u003e\u003c/b\u003e\u003cp\u003eUnlike the more powerful \u003ca href=\"/spells/players-handbook-v35--6/augury--2478/\"\u003e\u003cem\u003eaugury\u003c/em\u003e\u003c/a\u003e spell (PH 202), an omen of peril doesn\u0026#39;t respond to a specific question. It indicates only the level of danger likely for the next hour, not what form the danger will take.\u003c/p\u003e\u003c/b\u003e\u003c/b\u003e\u003cp\u003eFocus: A set of marked sticks, bones, or similar tokens worth at least 25 gp.\u003c/p\u003e","descriptors":"","divine_focus_component":"1","duration":"Instantaneous","effect":"","id":4596,"material_component":"0","meta_breath_component":"0","name":"Omen of Peril","page":149,"rulebook":"Spell Compendium","saving_throw":"","school":"Divination","somatic_component":"0","spell_range":"Personal","spell_resistance":"","subschool":"","target":"You","true_name_component":"0","verbal_component":"1","xp_component":"0"}}