{"id":4597,"created":1449242846,"modified":1449242846,"data":{"arcane_focus_component":"0","area":"","casting_time":"1 standard action","corrupt_component":"0","description_html":"\u003cp\u003e\u003cem\u003eYou cast the spell and are bathed in a golden-green light from above. As it fades, you feel in touch with your natural surroundings.\u003c/em\u003e\u003c/p\u003e\u003c/b\u003e\u003c/b\u003e\u003cp\u003eYou forge a strong link with nature that gives you greater insight into your environment. You gain a +2 competence bonus on Handle Animal, Hide, Move Silently, Search, Survival, and wild empathy checks.\u003c/p\u003e","descriptors":"","divine_focus_component":"0","duration":"1 hour/level","effect":"","id":4597,"material_component":"0","meta_breath_component":"0","name":"One With the Land","page":149,"rulebook":"Spell Compendium","saving_throw":"","school":"Transmutation","somatic_component":"1","spell_range":"Personal","spell_resistance":"","subschool":"","target":"You","true_name_component":"0","verbal_component":"1","xp_component":"0"}}