{"id":4605,"created":1449242846,"modified":1449242846,"data":{"arcane_focus_component":"0","area":"","casting_time":"1 standard action","corrupt_component":"0","description_html":"\u003cp\u003eThis spell functions like \u003ca href=\"/spells/spell-compendium--86/orb-of-acid--4607/\"\u003e\u003cem\u003eorb of acid\u003c/em\u003e\u003c/a\u003e, except that it deals cold damage. In addition, a creature struck by an orb of cold must make a Fortitude save or be blinded for 1 round instead of being sickened.\u003c/p\u003e","descriptors":"Cold","divine_focus_component":"0","duration":"Instantaneous","effect":"One orb of cold","id":4605,"material_component":"0","meta_breath_component":"0","name":"Orb of Cold","page":151,"rulebook":"Spell Compendium","saving_throw":"Fortitude partial; see text","school":"Conjuration","somatic_component":"1","spell_range":"Close (25 ft. + 5 ft./2 levels)","spell_resistance":"No","subschool":"Creation","target":"","true_name_component":"0","verbal_component":"1","xp_component":"0"}}