{"id":4611,"created":1449242846,"modified":1449242846,"data":{"arcane_focus_component":"0","area":"","casting_time":"1 standard action","corrupt_component":"0","description_html":"\u003cp\u003e\u003cem\u003eAs you gather the energies of the spell, you feel against your palm a spherical weight that seems almost bonded to your skin. The sphere grows, until with a final precise movement, you release the translucent blue orb, sending it hurtling toward your intended target.\u003c/em\u003e\u003c/p\u003e\u003c/b\u003e\u003c/b\u003e\u003cp\u003eYou create a globe of force 3 inches across, which streaks from your palm toward your target. You must succeed on a ranged touch attack to hit the target. The orb deals 1d6 points of damage per caster level (maximum 10d6).\u003c/p\u003e","descriptors":"Force","divine_focus_component":"0","duration":"Instantaneous","effect":"One orb of force","id":4611,"material_component":"0","meta_breath_component":"0","name":"Orb of Force","page":151,"rulebook":"Spell Compendium","saving_throw":"None","school":"Conjuration","somatic_component":"1","spell_range":"Medium (100 ft. + 10 ft./level)","spell_resistance":"No","subschool":"Creation","target":"","true_name_component":"0","verbal_component":"1","xp_component":"0"}}