{"id":4615,"created":1449242846,"modified":1449242846,"data":{"arcane_focus_component":"0","area":"","casting_time":"1 standard action","corrupt_component":"0","description_html":"\u003cp\u003e\u003cem\u003eAs you cast this spell, your face is overlaid with the image of a snow owl. The image fades as you bestow your ally with comprehension.\u003c/em\u003e\u003c/p\u003e\u003c/b\u003e\u003c/b\u003e\u003cp\u003eThe subject gains an insight bonus to Wisdom equal to 1/2 your caster level.\u003c/p\u003e","descriptors":"","divine_focus_component":"0","duration":"1 hour","effect":"","id":4615,"material_component":"0","meta_breath_component":"0","name":"Owl's Insight","page":152,"rulebook":"Spell Compendium","saving_throw":"Fortitude negates (harmless)","school":"Transmutation","somatic_component":"1","spell_range":"Touch","spell_resistance":"Yes (harmless)","subschool":"","target":"Creature touched","true_name_component":"0","verbal_component":"1","xp_component":"0"}}