{"id":4622,"created":1449242846,"modified":1449242846,"data":{"arcane_focus_component":"0","area":"","casting_time":"1 round","corrupt_component":"0","description_html":"\u003cp\u003e\u003cem\u003eThe ghostly image of a great bear appears before you. It rises silently on its hind legs and violently falls onto its forepaws, still making no sound. Then it opens its mouth, releasing a tremendous roar.\u003c/em\u003e\u003c/p\u003e\u003c/b\u003e\u003c/b\u003e\u003cp\u003eThis spell functions like \u003ca href=\"/spells/spell-compendium--86/phantom-wolf--4630/\"\u003e\u003cem\u003ephantom wolf\u003c/em\u003e\u003c/a\u003e (page 157), except that you conjure an incorporeal bear with a fearsome roar.\u003c/p\u003e\u003c/b\u003e\u003c/b\u003e\u003cp\u003e\u003cstrong\u003ePhantom Bear \u0026#8211; CR 14\u003c/strong\u003e\u003c/p\u003e\u003c/b\u003e\u003c/b\u003e\u003cp\u003eN Huge magical beast (incorporeal)\u003cbr /\u003eInit +9; Senses: darkvision 60 ft.; Listen +20, Spot +20\u003c/p\u003e\u003c/b\u003e\u003c/b\u003e\u003cp\u003eAC 25, touch 25, flat-footed 16; Dodge, Mobility\u003cbr /\u003ehp 147 (14 HD)\u003cbr /\u003eFort +13, Ref +17, Will +7\u003c/p\u003e\u003c/b\u003e\u003c/b\u003e\u003cp\u003eSpeed: fly 60 ft. (good)\u003cbr /\u003eMelee: 2 claws +23 incorporeal touch (2d6 plus 3d6 cold) and bite +22 incorporeal touch (2d8 plus 3d6 cold)\u003cbr /\u003eSpace: 15 ft.; Reach 15 ft.\u003cbr /\u003eBase Atk: +14; Grp \u0026#8212;\u003cbr /\u003eAtk Options: Combat Reflexes\u003cbr /\u003eSpecial Actions: fearsome roar\u003c/p\u003e\u003c/b\u003e\u003c/b\u003e\u003cp\u003eAbilities: Str \u0026#8212;, Dex 29, Con 20, Int 11, Wis 17, Cha 28\u003cbr /\u003eSQ: incorporeal traits\u003cbr /\u003eFeats: Combat Reflexes, Dodge, Mobility, Multiattack, Weapon Focus (bite)\u003cbr /\u003eSkills: Listen +20, Spot +20\u003c/p\u003e\u003c/b\u003e\u003c/b\u003e\u003cp\u003e\u003cstrong\u003eFearsome Roar (Su)\u003c/strong\u003e: 120-ft. radius, once every 1d4 rounds, Will DC 26 negates. Creatures within 30 feet become panicked, others within the area become frightened for 3d6 rounds if they fail their saves.\u003c/p\u003e","descriptors":"","divine_focus_component":"1","duration":"Concentration, up to 1 round/level","effect":"One summoned phantom bear","id":4622,"material_component":"0","meta_breath_component":"0","name":"Phantom Bear","page":155,"rulebook":"Spell Compendium","saving_throw":"None","school":"Conjuration","somatic_component":"1","spell_range":"Medium (100 ft. + 10 ft./level)","spell_resistance":"No","subschool":"Summoning","target":"","true_name_component":"0","verbal_component":"1","xp_component":"0"}}