{"id":4624,"created":1449242847,"modified":1449242847,"data":{"arcane_focus_component":"0","area":"","casting_time":"1 standard action","corrupt_component":"0","description_html":"\u003cp\u003e\u003cem\u003ePutting your fingers to your lips to whistle, you blow a deer\u0026#39;s call, and a great ghostly stag appears before you.\u003c/em\u003e\u003c/p\u003e\u003c/b\u003e\u003c/b\u003e\u003cp\u003eYou conjure a Large, corporeal staglike creature that bears you or a person you designate into combat or overland at great speed. A phantom stag has a black body and head with sharp, silvery antlers, and smoke-colored, insubstantial hooves that make no sound. It has no saddle, bridle, or bit, but it is exceptionally alert to the nudges and balance changes of its rider.\u003c/p\u003e\u003c/b\u003e\u003c/b\u003e\u003cp\u003eThe phantom stag has an AC of 20 (-1 size, +6 natural armor, +5 Dex) and 40 hit points +5 hit points per caster level. It attacks with its antlers at a +10 bonus, dealing 1d8+9 points of damage (doubled on a successful charge). It can also trample Medium or smaller foes, who must succeed on a Reflex save (18 + 1/2 your caster level) or take 1d6+9 points of damage as the stag moves through their space.\u003c/p\u003e\u003c/b\u003e\u003c/b\u003e\u003cp\u003eA phantom stag has a speed of 20 feet per caster level, to a maximum of 300 feet. It can bear its rider\u0026#39;s weight plus up to 10 pounds per caster level in other gear. It ignores terrain elements such as undergrowth, rubble, or mud that would slow its movement.\u003c/p\u003e\u003c/b\u003e\u003c/b\u003e\u003cp\u003ePhantom stags gain certain powers according to caster level. A mount\u0026#39;s abilities include those associated with any lower caster levels.\u003c/p\u003e\u003c/b\u003e\u003c/b\u003e\u003cp\u003e\u003cstrong\u003e12th Level:\u003c/strong\u003e The phantom stag can use \u003ca href=\"/spells/players-handbook-v35--6/air-walk--2772/\"\u003e\u003cem\u003eair walk\u003c/em\u003e\u003c/a\u003e at will (as the spell, PH 196, no action required to activate this ability) for up to 1 round at a time, after which it falls to the ground. The phantom stag gains a +2 deflection bonus to AC.\u003c/p\u003e\u003c/b\u003e\u003c/b\u003e\u003cp\u003e\u003cstrong\u003e14th Level:\u003c/strong\u003e The phantom stag can fly at its speed (average maneuverability). The phantom stag gains a +4 deflection bonus to AC.\u003c/p\u003e\u003c/b\u003e\u003c/b\u003e\u003cp\u003e\u003cstrong\u003e16th Level:\u003c/strong\u003e The phantom stag\u0026#39;s antlers have the ghost touch (\u003cspan class=\"caps\"\u003eDMG\u003c/span\u003e 224) and wounding (\u003cspan class=\"caps\"\u003eDMG\u003c/span\u003e 226) weapon special abilities. The phantom stag gains a +6 deflection bonus to AC.\u003c/p\u003e\u003c/b\u003e\u003c/b\u003e\u003cp\u003e\u003cstrong\u003e18th Level:\u003c/strong\u003e The phantom stag can use \u003ca href=\"/spells/players-handbook-v35--6/etherealness--2810/\"\u003e\u003cem\u003eetherealness\u003c/em\u003e\u003c/a\u003e on behalf of its rider (as the spell, PH 228, caster level 18th). The phantom stag gains a +8 deflection bonus to AC.\u003c/p\u003e","descriptors":"","divine_focus_component":"0","duration":"1 hour/level (D)","effect":"One quasi-real, staglike creature","id":4624,"material_component":"0","meta_breath_component":"0","name":"Phantom Stag","page":157,"rulebook":"Spell Compendium","saving_throw":"None; see text","school":"Conjuration","somatic_component":"1","spell_range":"0 ft.","spell_resistance":"No","subschool":"Creation","target":"","true_name_component":"0","verbal_component":"1","xp_component":"0"}}