{"id":4632,"created":1449242847,"modified":1449242847,"data":{"arcane_focus_component":"0","area":"","casting_time":"1 round","corrupt_component":"0","description_html":"\u003cp\u003eThis spell functions like \u003ca href=\"/spells/spell-compendium--86/planar-exchange-lesser--4634/\"\u003e\u003cem\u003elesser planar exchange\u003c/em\u003e\u003c/a\u003e, except as noted here. You trade places with a leonal guardinal (MM 142), barbed devil (MM 51), or hezrou demon (MM 44). The called creature has full access to all its abilities, with one exception: A demon or devil you conjure can\u0026#39;t summon other creatures. If the creature is slain, you take 4d6 points of damage and the spell ends.\u003c/p\u003e","descriptors":"see text for lesser planar exchange","divine_focus_component":"1","duration":"1 round/level (D)","effect":"One called creature","id":4632,"material_component":"0","meta_breath_component":"0","name":"Planar Exchange, Greater","page":159,"rulebook":"Spell Compendium","saving_throw":"None","school":"Conjuration","somatic_component":"1","spell_range":"0 ft.","spell_resistance":"No","subschool":"Calling","target":"","true_name_component":"0","verbal_component":"1","xp_component":"0"}}