{"id":4637,"created":1449242847,"modified":1449242847,"data":{"arcane_focus_component":"0","area":"10-ft.-radius/level spread","casting_time":"1 standard action","corrupt_component":"0","description_html":"\u003cp\u003e\u003cem\u003eYou hold the crown of ivy leaves aloft, invoking the powers of nature, and an explosion of plant growth fills the area\u0026#8212;plants over which you have control.\u003c/em\u003e\u003c/p\u003e\u003c/b\u003e\u003c/b\u003e\u003cp\u003eYou create and direct the rapid growth of vines. When you cast the spell, choose one of the following effects:\u003c/p\u003e\u003c/b\u003e\u003c/b\u003e\u003cul\u003e\u003c/b\u003e\u003cli\u003eClimbing aid (treat as knotted ropes)\u003c/li\u003e\u003c/b\u003e\u003cli\u003eBind helpless targets (Escape Artist DC 25 to escape)\u003c/li\u003e\u003c/b\u003e\u003cli\u003eHamper movement (as heavy undergrowth)\u003c/li\u003e\u003c/b\u003e\u003cli\u003eCamouflage (add +4 competence bonus on Hide checks)\u003c/li\u003e\u003c/b\u003e\u003c/ul\u003e\u003c/b\u003e\u003c/b\u003e\u003cp\u003eAs a standard action, you can redirect the vines\u0026#39; growth (thus changing the effect).\u003c/p\u003e\u003c/b\u003e\u003c/b\u003e\u003cp\u003eMaterial Component: A crown of ivy leaves.\u003c/p\u003e","descriptors":"","divine_focus_component":"0","duration":"10 minutes/level","effect":"","id":4637,"material_component":"1","meta_breath_component":"0","name":"Vine Mine","page":230,"rulebook":"Spell Compendium","saving_throw":"See text","school":"Conjuration","somatic_component":"1","spell_range":"Medium (100 ft. + 10 ft./level)","spell_resistance":"Yes","subschool":"Creation","target":"","true_name_component":"0","verbal_component":"1","xp_component":"0"}}