{"id":4656,"created":1449242847,"modified":1449242847,"data":{"arcane_focus_component":"0","area":"","casting_time":"1 minute","corrupt_component":"0","description_html":"\u003cp\u003e\u003cem\u003eReaching out with your thoughts, you break through your target\u0026#39;s mental defenses and reap answers to your desires.\u003c/em\u003e\u003c/p\u003e\u003c/b\u003e\u003c/b\u003e\u003cp\u003eAll of the subject\u0026#39;s memories and knowledge are accessible to you, ranging from memories deep below the surface to those still easily called to mind. You can learn the answer to one question per round, to the best of the subject\u0026#39;s knowledge. You pose the questions telepathically, and the answers to those questions are imparted directly to your mind. You and the subject do not need to speak the same language, though less intelligent creatures might yield up only appropriate visual images in answer to your questions. The subject is not aware that its mind is being probed, unless you wish to make it aware.\u003c/p\u003e\u003c/b\u003e\u003c/b\u003e\u003cp\u003eIf the subject moves beyond the range of the spell, the effect ends.\u003c/p\u003e","descriptors":"Mind-Affecting","divine_focus_component":"0","duration":"Concentration, up to 1 round/level","effect":"","id":4656,"material_component":"0","meta_breath_component":"0","name":"Probe Thoughts","page":162,"rulebook":"Spell Compendium","saving_throw":"Will negates; see text","school":"Divination","somatic_component":"1","spell_range":"Close (25 ft. + 5 ft./2 levels)","spell_resistance":"Yes","subschool":"","target":"","true_name_component":"0","verbal_component":"1","xp_component":"0"}}