{"id":466,"created":1449242757,"modified":1449242757,"data":{"arcane_focus_component":"0","area":null,"casting_time":"1 standard action","corrupt_component":"0","description_html":"\u003cp\u003eThis spell functions like orb of acid, except that it deals electricity damage.\u003cbr /\u003eIn addition, a creature wearing metal armor struck by an orb of electricity must make a Fortitude save or be entangled for 1 round instead of being sickened.\u003c/p\u003e","descriptors":"Electricity","divine_focus_component":"0","duration":"Instantaneous","effect":"One orb of electricity","id":466,"material_component":"0","meta_breath_component":"0","name":"Orb of Electricity","page":null,"rulebook":"Complete Arcane","saving_throw":"Fortitude partial","school":"Conjuration","somatic_component":"1","spell_range":"Close (25 ft. + 5 ft./2 levels)","spell_resistance":"No","subschool":"Creation","target":null,"true_name_component":"0","verbal_component":"1","xp_component":"0"}}