{"id":4693,"created":1449242848,"modified":1449242848,"data":{"arcane_focus_component":"0","area":"","casting_time":"1 standard action","corrupt_component":"0","description_html":"\u003cp\u003e\u003cem\u003eWith a wave of your hand and a few hissed words, you cause the target creature to suffer as if it had been toiling for hours on end under the merciless hammer of the desert sun.\u003c/em\u003e\u003c/p\u003e\u003c/b\u003e\u003c/b\u003e\u003cp\u003eIf the target creature fails to resist the spell, it immediately becomes fatigued. If it is already fatigued, it instead becomes exhausted. The subject takes 2d6 points of nonlethal damage from the oppressive heat as well, even if it makes the Fortitude saving throw to avoid fatigue or exhaustion.\u003c/p\u003e\u003c/b\u003e\u003c/b\u003e\u003cp\u003eA creature wearing heavy armor takes a -4 penalty on its save. Creatures with immunity or resistance to fire are not affected by this spell.\u003c/p\u003e","descriptors":"","divine_focus_component":"0","duration":"Instantaneous","effect":"","id":4693,"material_component":"0","meta_breath_component":"0","name":"Heatstroke","page":113,"rulebook":"Spell Compendium","saving_throw":"Fortitude partial","school":"Transmutation","somatic_component":"1","spell_range":"Medium (100 ft. + 10 ft./level)","spell_resistance":"Yes","subschool":"","target":"One creature","true_name_component":"0","verbal_component":"1","xp_component":"0"}}