{"id":4713,"created":1449242848,"modified":1449242848,"data":{"arcane_focus_component":"0","area":"","casting_time":"1 standard action","corrupt_component":"0","description_html":"\u003cp\u003e\u003cem\u003eYour eyes glow red, but you see the world as normal except when you look at your target. A small glowing dot reveals the creature\u0026#39;s weakest point.\u003c/em\u003e\u003c/p\u003e\u003c/b\u003e\u003c/b\u003e\u003cp\u003eThis transmutation makes a bow strike true. Your first hit with a bow (not including crossbows) in the next round is automatically a critical hit. If you don\u0026#39;t hit in the round following the casting of this spell, the effect is wasted.\u003c/p\u003e","descriptors":"","divine_focus_component":"0","duration":"1 round","effect":"","id":4713,"material_component":"0","meta_breath_component":"0","name":"Hunter's Mercy","page":117,"rulebook":"Spell Compendium","saving_throw":"","school":"Transmutation","somatic_component":"1","spell_range":"Personal","spell_resistance":"","subschool":"","target":"You","true_name_component":"0","verbal_component":"0","xp_component":"0"}}