{"id":4715,"created":1449242849,"modified":1449242849,"data":{"arcane_focus_component":"0","area":"50-ft.-radius emanation centered on you","casting_time":"1 standard action","corrupt_component":"0","description_html":"\u003cp\u003e\u003cem\u003eYour heart light and joyful, you feel a sense of optimism as you launch into an inspiring melody.\u003c/em\u003e\u003c/p\u003e\u003c/b\u003e\u003c/b\u003e\u003cp\u003eYou can strike up a rousing, inspirational song that temporarily boosts by 2 the effective caster level of each good-aligned divine spellcaster within range. This increase does not grant access to additional spells, but it does improve all spell effects that are dependent on caster level. Within the spell\u0026#39;s area, each good-aligned divine spellcaster gains a +4 sacred bonus on Charisma checks to turn undead, and each evil-aligned divine spellcaster takes a -4 sacred penalty on Charisma checks to rebuke undead.\u003c/p\u003e","descriptors":"Good, Sonic","divine_focus_component":"0","duration":"1 round/level (D)","effect":"","id":4715,"material_component":"0","meta_breath_component":"0","name":"Hymn of Praise","page":117,"rulebook":"Spell Compendium","saving_throw":"Will negates","school":"Evocation","somatic_component":"1","spell_range":"50 ft.","spell_resistance":"Yes","subschool":"","target":"","true_name_component":"0","verbal_component":"1","xp_component":"0"}}