{"id":4731,"created":1449242849,"modified":1449242849,"data":{"arcane_focus_component":"0","area":"","casting_time":"1 standard action","corrupt_component":"0","description_html":"\u003cp\u003e\u003cem\u003eA churning in your stomach overtakes you as you complete the spell. Something slithers up your throat, and you vomit serpents.\u003c/em\u003e\u003c/p\u003e\u003c/b\u003e\u003c/b\u003e\u003cp\u003eThis spell summons 1d4+1 celestial or fiendish Medium vipers (\u003cem\u003eMM\u003c/em\u003e 280), which leap forth from your mouth to attack your enemies.\u003c/p\u003e\u003c/b\u003e\u003c/b\u003e\u003cp\u003eA celestial viper summoned by this spell has resistance to acid 5, cold 5, and electricity 5; spell resistance 7; and a smite evil attack that provides a +2 bonus on one damage roll.\u003c/p\u003e\u003c/b\u003e\u003c/b\u003e\u003cp\u003eA fiendish viper summoned by this spell has resistance to acid 5 and fire 5; spell resistance 7; and a smite good attack that provides a +2 bonus on one damage roll.\u003c/p\u003e\u003c/b\u003e\u003c/b\u003e\u003cp\u003eStarting in the round you complete the spell, you can spit three vipers as a standard action or one viper as a move action. (Thus, if you move and then cast this spell, you cannot spit any vipers until your next turn, but if you cast this spell without moving, you can spit forth one viper as your move action in that round.) Spat vipers land at your feet in an adjacent square of your choice and act on the same round, on your turn, just as creatures summoned by a \u003cem\u003esummon monster\u003c/em\u003e spell do.\u003c/p\u003e\u003c/b\u003e\u003c/b\u003e\u003cp\u003eThe snakes are not actually present in your mouth, and they do not interfere with your breathing. However, until you have brought forth all the snakes summoned by the spell, you cannot speak, cast spells with verbal components, or activate items that require speech. When the spell\u0026#39;s duration expires, all the vipers disappear, and any not yet brought forth are lost.\u003c/p\u003e\u003c/b\u003e\u003c/b\u003e\u003cp\u003eWhen you use a summoning spell to summon a good creature or an evil creature, it is a spell of that type.\u003c/p\u003e\u003c/b\u003e\u003c/b\u003e\u003cp\u003e\u003cem\u003eMaterial Component:\u003c/em\u003e A snakeskin.\u003c/p\u003e","descriptors":"see text","divine_focus_component":"0","duration":"1 round/level","effect":"1d4+3 summoned creatures","id":4731,"material_component":"1","meta_breath_component":"0","name":"Vipergout","page":230,"rulebook":"Spell Compendium","saving_throw":"None","school":"Conjuration","somatic_component":"1","spell_range":"Close (25 ft. + 5 ft./2 levels)","spell_resistance":"Yes","subschool":"Summoning","target":"","true_name_component":"0","verbal_component":"1","xp_component":"0"}}