{"id":4748,"created":1449242849,"modified":1449242849,"data":{"arcane_focus_component":"0","area":"","casting_time":"1 standard action","corrupt_component":"0","description_html":"\u003cp\u003e\u003cem\u003eYou touch your ally, and her eyes mist over momentarily. You know she is seeing an image of her deity, imploring her to battle in his name.\u003c/em\u003e\u003c/p\u003e\u003c/b\u003e\u003c/b\u003e\u003cp\u003eYou give the subject creature a brief vision of a divine entity that is giving it support and inspiring it to continue. The creature gets a morale bonus equal to your Charisma modifier on a single saving throw. It must choose to use the bonus before making the roll to which it applies. Using the bonus discharges the spell.\u003c/p\u003e","descriptors":"","divine_focus_component":"1","duration":"1 minute or until discharged","effect":"","id":4748,"material_component":"0","meta_breath_component":"0","name":"Vision of Glory","page":231,"rulebook":"Spell Compendium","saving_throw":"None","school":"Divination","somatic_component":"1","spell_range":"Touch","spell_resistance":"Yes","subschool":"","target":"Creature touched","true_name_component":"0","verbal_component":"1","xp_component":"0"}}