{"id":4751,"created":1449242849,"modified":1449242849,"data":{"arcane_focus_component":"0","area":"Hollow cylinder (40-ft. radius, 20 ft. high, with a 5-ft.-radius safe zone at the center)","casting_time":"1 standard action","corrupt_component":"0","description_html":"\u003cp\u003e\u003cem\u003eA huge school of transparent piranhas swims rapidly through the air in the area you indicate. These magic fish are made of force and tear into the bodies of creatures as though ravenous.\u003c/em\u003e\u003c/p\u003e\u003c/b\u003e\u003c/b\u003e\u003cp\u003eCreatures in the area take 3d8 points of damage per round at the beginning of your turn. Because this spell is a force effect, it harms incorporeal creatures.\u003c/p\u003e\u003c/b\u003e\u003c/b\u003e\u003cp\u003e\u003cem\u003eMaterial Component:\u003c/em\u003e A fish tooth.\u003c/p\u003e","descriptors":"Force","divine_focus_component":"0","duration":"1 round/level (D)","effect":"","id":4751,"material_component":"1","meta_breath_component":"0","name":"Vortex of Teeth","page":232,"rulebook":"Spell Compendium","saving_throw":"None","school":"Evocation","somatic_component":"1","spell_range":"Medium (100 ft. + 10 ft./level)","spell_resistance":"Yes","subschool":"","target":"","true_name_component":"0","verbal_component":"1","xp_component":"0"}}