{"id":4768,"created":1449242850,"modified":1449242850,"data":{"arcane_focus_component":"0","area":"","casting_time":"1 standard action","corrupt_component":"0","description_html":"\u003cp\u003e\u003cem\u003eYou evoke the powers of the sky, and the wind picks up around you. It blows from your back, now, and wraps itself around your allies\u0026#39; missiles, sending them to their targets more surely.\u003c/em\u003e\u003c/p\u003e\u003c/b\u003e\u003c/b\u003e\u003cp\u003eYou call on the wind to assist your allies\u0026#39; accuracy. A wind tunnel improves the accuracy of your allies\u0026#39; ranged weapons, granting each subject a +5 competence bonus on ranged attacks. Further, it doubles the range increment of these weapons.\u003c/p\u003e","descriptors":"","divine_focus_component":"0","duration":"1 round/level","effect":"","id":4768,"material_component":"0","meta_breath_component":"0","name":"Wind Tunnel","page":239,"rulebook":"Spell Compendium","saving_throw":"Fortitude negates (harmless)","school":"Evocation","somatic_component":"1","spell_range":"Close (25 ft. + 5 ft./2 levels)","spell_resistance":"Yes (harmless)","subschool":"","target":"One creature/level","true_name_component":"0","verbal_component":"1","xp_component":"0"}}