{"id":4782,"created":1449242850,"modified":1449242850,"data":{"arcane_focus_component":"0","area":"","casting_time":"1 standard action","corrupt_component":"0","description_html":"\u003cp\u003e\u003cem\u003eThe words of this spell produce hissing, sibilant echoes that spin around you, invoking doom upon those who dare to harm you.\u003c/em\u003e\u003c/p\u003e\u003c/b\u003e\u003c/b\u003e\u003cp\u003eAny creature striking you with its body or a handheld weapon takes 1d6 points of sonic damage +1 point per caster level. If a creature has spell resistance, it applies to this damage. Weapons with reach, such as longspears, do not endanger their users in this way.\u003c/p\u003e\u003c/b\u003e\u003c/b\u003e\u003cp\u003eYou cannot use this spell to deal damage to another target (for instance, with an unarmed attack or by forcing the whispers against a target). Only if another creature touches you does the effect deal damage.\u003c/p\u003e","descriptors":"Sonic","divine_focus_component":"0","duration":"1 round/level (D)","effect":"","id":4782,"material_component":"0","meta_breath_component":"0","name":"Wounding Whispers","page":242,"rulebook":"Spell Compendium","saving_throw":"","school":"Abjuration","somatic_component":"1","spell_range":"Personal","spell_resistance":"","subschool":"","target":"You","true_name_component":"0","verbal_component":"1","xp_component":"0"}}