{"id":480,"created":1449242757,"modified":1449242757,"data":{"arcane_focus_component":"0","area":null,"casting_time":"1 round","corrupt_component":"0","description_html":"\u003cp\u003eYou conjure a tremendously powerful creature known as an elemental monolith (see page 156).\u003cbr /\u003eIt appears at the spot you designate and acts immediately on your turn, attacking your opponents to the best of its ability.\u003cbr /\u003eIf you speak the elemental monolith\u0026#39;s language and are close enough to communicate with it, you can direct it not to attack, to attack particular enemies, or to perform other actions.\u003cbr /\u003eThe monolith can\u0026#39;t be summoned into an environment hostile to it in any way (for example, you couldn\u0026#39;t summon a fire monolith underwater or an earth monolith high in mid-air).\u003cbr /\u003eWhen you use a summoning spell to summon an air, earth, fire, or water creature, it becomes a spell of that type.\u003cbr /\u003eArcane Material Component: A gem worth 100 gp\u0026#8212;\u003cbr /\u003eaquamarine for air, tourmaline for earth, garnet for fire, or pearl for water.\u003c/p\u003e","descriptors":"see text","divine_focus_component":"1","duration":"Concentration, up to 1 round/level (D)","effect":"One summoned elemental monolith","id":480,"material_component":"1","meta_breath_component":"0","name":"Summon Elemental Monolith","page":null,"rulebook":"Complete Arcane","saving_throw":"None","school":"Conjuration","somatic_component":"1","spell_range":"Medium (100 ft. + 10 ft./level)","spell_resistance":"No","subschool":"Summoning","target":null,"true_name_component":"0","verbal_component":"1","xp_component":"0"}}