{"id":4801,"created":1449242850,"modified":1449242850,"data":{"arcane_focus_component":"0","area":"","casting_time":"1 standard action","corrupt_component":"0","description_html":"\u003cp\u003eWhen this spell is cast upon a living construct, it takes on more of the qualities of a true construct. The living construct gains the moderate fortification armor special quality, negating critical hits and sneak attacks 75% of the time. As well, the living construct gains low-light vision and immunity to nonlethal damage and stunning.\u003c/p\u003e\u003c/b\u003e\u003c/b\u003e\u003cp\u003eThis spell counters and dispels lesser humanoid essence. If this spell is cast on a creature under the effect of lesser humanoid essence, both spells are dispelled and have no effect. It has no effect if cast on a creature under the effect of humanoid essence or greater humanoid essence.\u003c/p\u003e","descriptors":"","divine_focus_component":"0","duration":"1 minute/level","effect":"","id":4801,"material_component":"0","meta_breath_component":"0","name":"Construct Essence, Lesser","page":184,"rulebook":"Races of Eberron","saving_throw":"Will negates (harmless)","school":"Transmutation","somatic_component":"1","spell_range":"Touch","spell_resistance":"Yes (harmless)","subschool":"","target":"Living construct touched","true_name_component":"0","verbal_component":"1","xp_component":"0"}}