{"id":4804,"created":1449242850,"modified":1449242850,"data":{"arcane_focus_component":"0","area":"","casting_time":"1 round","corrupt_component":"0","description_html":"\u003cp\u003eBy taking a standard action to concentrate, you can see the true form of creatures within 60 feet. Each round, you can examine one creature you can see to determine whether it is polymorphed, disguised, or transmuted, and what its true form is. If you look at a shapechanger in its true form, you immediately sense its shapechanging ability, but you can\u0026#39;t determine what other forms it might be capable of assuming.\u003c/p\u003e\u003c/b\u003e\u003c/b\u003e\u003cp\u003eFor the purpose of this spell, a shapechanger is any creature with the shapechanger type or a supernatural or extraordinary ability that allows it to assume an alternate form. A wizard who knows alter self is not a shapechanger (since a spell is not a supernatural or extraordinary ability), but a barghest is (since it has the supernatural ability to assume alternate forms, even though its type is outsider).\u003c/p\u003e\u003c/b\u003e\u003c/b\u003e\u003cp\u003eMaterial Component: A balm of honey and lotus flower, applied to your eyelids.\u003c/p\u003e","descriptors":"","divine_focus_component":"0","duration":"1 round/level","effect":"","id":4804,"material_component":"1","meta_breath_component":"0","name":"Discern Shapechanger","page":184,"rulebook":"Races of Eberron","saving_throw":"","school":"Divination","somatic_component":"1","spell_range":"Personal","spell_resistance":"","subschool":"","target":"You","true_name_component":"0","verbal_component":"1","xp_component":"0"}}