{"id":4806,"created":1449242851,"modified":1449242851,"data":{"arcane_focus_component":"0","area":"","casting_time":"1 swift action","corrupt_component":"0","description_html":"\u003cp\u003eYou use divine energy to enhance the power of your shifting ability. This spell functions only if cast while you are shifting, and lasts until your shifting ends. While shifting, you receive the following benefits:\u003c/p\u003e\u003c/b\u003e\u003c/b\u003e\u003cul\u003e\u003c/b\u003e\u003cli\u003eThe bonus granted to the ability score governed by your shifter trait improves from +2 to +4.\u003c/li\u003e\u003c/b\u003e\u003cli\u003eIf you gain a natural weapon while shifting, you gain a bonus on damage rolls with that natural weapon of +1 per four caster levels (maximum +5).\u003c/li\u003e\u003c/b\u003e\u003cli\u003eIf you gain a new form of movement while shifting (or if an existing form of movement is improved), you gain an enhancement bonus of +10 feet to that movement form.\u003c/li\u003e\u003c/b\u003e\u003cli\u003eThe duration of your shifting is extended by 1 round per 4 caster levels (maximum +5 rounds).\u003c/li\u003e\u003c/b\u003e\u003c/ul\u003e","descriptors":"","divine_focus_component":"0","duration":"See text","effect":"","id":4806,"material_component":"0","meta_breath_component":"0","name":"Enhanced Shifting","page":185,"rulebook":"Races of Eberron","saving_throw":"","school":"Transmutation","somatic_component":"0","spell_range":"Personal","spell_resistance":"","subschool":"","target":"You","true_name_component":"0","verbal_component":"1","xp_component":"0"}}