{"id":4810,"created":1449242851,"modified":1449242851,"data":{"arcane_focus_component":"0","area":"","casting_time":"1 standard action","corrupt_component":"0","description_html":"\u003cp\u003eTotal repair enables you to transmute the structure of a construct to wipe away damage and affl ictions. It immediately ends any and all of the following adverse conditions affecting the target: ability damage, blinded, confused, dazed, dazzled, deafened, feebleminded, and insanity. It also repairs 10 points of damage per level of the caster, to a maximum of 150 points at 15th level.\u003c/p\u003e","descriptors":"","divine_focus_component":"0","duration":"Instantaneous","effect":"","id":4810,"material_component":"0","meta_breath_component":"0","name":"Total Repair","page":116,"rulebook":"Eberron Campaign Setting","saving_throw":"Will negates (harmless)","school":"Transmutation","somatic_component":"1","spell_range":"Touch","spell_resistance":"Yes (harmless)","subschool":"","target":"Construct touched","true_name_component":"0","verbal_component":"1","xp_component":"0"}}