{"id":4832,"created":1449242851,"modified":1449242851,"data":{"arcane_focus_component":"0","area":"","casting_time":"1 standard action","corrupt_component":"0","description_html":"\u003cp\u003eThis spell causes an object to radiate distracting shadows in a 10-foot-radius spread. Casual scrutiny of an affected area doesn\u0026#39;t reveal anything out of the ordinary; however, cracks, crannies, corners, hidden traps, and secret entrances or exits within the area become harder to spot.\u003c/p\u003e\u003c/b\u003e\u003c/b\u003e\u003cp\u003eCreatures within the area or looking into it are subliminally confused by the distracting shadows, and take a -5 penalty on all Spot and Search checks. However, the shadows do not provide sufficient concealment for a creature to make a Hide check.\u003c/p\u003e\u003c/b\u003e\u003c/b\u003e\u003cp\u003eDistracting shadows counters or dispels any light or darkness spell of equal or lower level.\u003c/p\u003e\u003c/b\u003e\u003c/b\u003e\u003cp\u003eDistracting shadows can be made permanent with a permanency spell (minimum caster level 10th; cost 1,000 XP).\u003c/p\u003e\u003c/b\u003e\u003c/b\u003e\u003cp\u003e\u003cem\u003eSpecial:\u003c/em\u003e A character with any Mark of Shadow dragonmark, or with the Favored in House feat (Phiarlan or Thuranni), can cast this spell to fill a 20-foot-radius spread.\u003c/p\u003e\u003c/b\u003e\u003c/b\u003e\u003cp\u003e\u003cem\u003eMaterial Component:\u003c/em\u003e A bit of bat fur and either a drop of pitch or a piece of coal.\u003c/p\u003e","descriptors":"Darkness","divine_focus_component":"0","duration":"24 hours (D)","effect":"","id":4832,"material_component":"1","meta_breath_component":"0","name":"Distracting Shadows","page":95,"rulebook":"Magic of Eberron","saving_throw":"None","school":"Evocation","somatic_component":"0","spell_range":"Touch","spell_resistance":"No","subschool":"","target":"Object touched","true_name_component":"0","verbal_component":"1","xp_component":"0"}}