{"id":4845,"created":1449242851,"modified":1449242851,"data":{"arcane_focus_component":"0","area":"","casting_time":"1 standard action","corrupt_component":"0","description_html":"\u003cp\u003eYou ward a creature against scrying, granting it defenses capable of terribly wounding any would-be scryer. If the subject of this spell comes within 10 feet of a sensor created by a divination (scrying) spell, the scry trap automatically activates. The caster of the scrying spell takes 1d6 points of damage per your caster level (maximum 15d6) and is blinded for 1 minute. A successful Will save halves the damage and negates the blindness; spell resistance also applies against this effect.\u003c/p\u003e\u003c/b\u003e\u003c/b\u003e\u003cp\u003eIn addition, the caster of the scrying spell must succeed on a caster level check (DC 10 + your caster level) or the scrying spell is dispelled immediately (spell resistance does not apply against this effect). The subject of scry trap becomes automatically aware when the spell triggers, although the subject gains no knowledge as to the nature of the scrying spell or its caster.\u003c/p\u003e\u003c/b\u003e\u003c/b\u003e\u003cp\u003e\u003cem\u003eSpecial:\u003c/em\u003e A character with any Mark of Detection dragonmark, or with the Favored in House feat (Medani), casts this spell at +1 caster level.\u003c/p\u003e\u003c/b\u003e\u003c/b\u003e\u003cp\u003e\u003cem\u003eMaterial Component:\u003c/em\u003e Powdered glass from a broken mirror.\u003c/p\u003e","descriptors":"","divine_focus_component":"0","duration":"1 hour/level","effect":"","id":4845,"material_component":"1","meta_breath_component":"0","name":"Scry Trap","page":101,"rulebook":"Magic of Eberron","saving_throw":"See text","school":"Abjuration","somatic_component":"1","spell_range":"Touch","spell_resistance":"See text","subschool":"","target":"Creature touched","true_name_component":"0","verbal_component":"1","xp_component":"0"}}