{"id":4847,"created":1449242851,"modified":1449242851,"data":{"arcane_focus_component":"0","area":"","casting_time":"1 standard action","corrupt_component":"0","description_html":"\u003cp\u003eYou grant the subject of the spell insight into the vulnerability of a single opponent. Once over the next 24 hours, the subject can automatically confirm a single critical threat. The subject must declare the use of the spell after the threat is rolled but before rolling to confirm the critical hit (so the spell cannot be used to reroll a failed critical confirmation roll).\u003c/p\u003e","descriptors":"","divine_focus_component":"0","duration":"24 hours","effect":"","id":4847,"material_component":"0","meta_breath_component":"0","name":"Sense Weakness","page":101,"rulebook":"Magic of Eberron","saving_throw":"Will negates (harmless)","school":"Divination","somatic_component":"1","spell_range":"Touch","spell_resistance":"Yes (harmless)","subschool":"","target":"Creature touched","true_name_component":"0","verbal_component":"1","xp_component":"0"}}