{"id":487,"created":1449242757,"modified":1449242757,"data":{"arcane_focus_component":"0","area":null,"casting_time":"1 standard action","corrupt_component":"0","description_html":"\u003cp\u003eWhen you cast this spell, you negatively influence the randomness of fortune for the target.\u003cbr /\u003eWhenever the affected creature undertakes an action involving random chance (specifically, whenever any die roll is made for the creature, including attack rolls, damage rolls, and saving throws), two separate rolls are made and the worse result applied.\u003cbr /\u003eA creature carrying a stone of good luck is immune to the effect of unluck, but the stone\u0026#39;s effects do not function for the duration of the spell if the creature fails its save.\u003cbr /\u003eMaterial Component: A piece of a broken mirror.\u003c/p\u003e","descriptors":"","divine_focus_component":"0","duration":"1 round/level","effect":null,"id":487,"material_component":"1","meta_breath_component":"0","name":"Unluck","page":null,"rulebook":"Complete Arcane","saving_throw":"Will negates","school":"Divination","somatic_component":"1","spell_range":"Close (25 ft. + 5 ft./2 levels)","spell_resistance":"Yes","subschool":"","target":"One creature","true_name_component":"0","verbal_component":"1","xp_component":"0"}}