{"id":4870,"created":1449242852,"modified":1449242852,"data":{"arcane_focus_component":"0","area":"","casting_time":"1 standard action","corrupt_component":"0","description_html":"\u003cp\u003e\u003cem\u003eWith a simple gesture and utterance, you entangle the target in strands of energy that erupt from its own dragonmark.\u003c/em\u003e\u003c/p\u003e\u003c/b\u003e\u003c/b\u003e\u003cp\u003eA target that fails its saving throw is entangled for the duration of the spell.\u003c/p\u003e\u003c/b\u003e\u003c/b\u003e\u003cp\u003e\u003cem\u003eDragonmark:\u003c/em\u003e Any true or aberrant dragonmark.\u003c/p\u003e","descriptors":"","divine_focus_component":"0","duration":"1 round/level","effect":"","id":4870,"material_component":"0","meta_breath_component":"0","name":"Entangling Dragonmark","page":151,"rulebook":"Dragonmarked","saving_throw":"Fortitude negates","school":"Transmutation","somatic_component":"1","spell_range":"Medium (100 ft. + 10 ft./level)","spell_resistance":"Yes","subschool":"","target":"One dragonmarked creature","true_name_component":"0","verbal_component":"1","xp_component":"0"}}