{"id":4879,"created":1449242852,"modified":1449242852,"data":{"arcane_focus_component":"0","area":"","casting_time":"1 standard action","corrupt_component":"0","description_html":"\u003cp\u003eThis spell empowers you with the ability to use three ray attacks, one per round, during a period of one round per level. Using a ray attack is a standard action. The ray affects one living creature, clouding his mind so that he takes no actions. The subject is dazed, not stunned, so attackers get no special advantage against him.\u003c/p\u003e","descriptors":"Mind-Affecting","divine_focus_component":"0","duration":"1 rounds/level","effect":"","id":4879,"material_component":"0","meta_breath_component":"0","name":"Bolts of Bedevilment","page":109,"rulebook":"Eberron Campaign Setting","saving_throw":"Will negates","school":"Enchantment","somatic_component":"1","spell_range":"Medium (100 ft. + 10 ft./level)","spell_resistance":"Yes","subschool":"","target":"Up to three creatures","true_name_component":"0","verbal_component":"1","xp_component":"0"}}