{"id":4885,"created":1449242852,"modified":1449242852,"data":{"arcane_focus_component":"0","area":"","casting_time":"1 action","corrupt_component":"0","description_html":"\u003cp\u003eA touch from your hand causes the subject\u0026#39;s body to weaken and wither. \u003c/p\u003e\u003c/b\u003e\u003c/b\u003e\u003cp\u003eWith a successful melee touch attack, you deal 1 point of Strength damage and 1 point of Constitution damage per two caster levels to the target. If you score a critical hit, the damage from the hit is ability drain instead of ability damage.\u003c/p\u003e","descriptors":"","divine_focus_component":"0","duration":"Instantaneous","effect":"","id":4885,"material_component":"0","meta_breath_component":"0","name":"Withering Palm","page":117,"rulebook":"Eberron Campaign Setting","saving_throw":"Fortitude negates","school":"Necromancy","somatic_component":"1","spell_range":"Touch","spell_resistance":"Yes","subschool":"","target":"Living creature touched","true_name_component":"0","verbal_component":"1","xp_component":"0"}}