{"id":4893,"created":1449242852,"modified":1449242852,"data":{"arcane_focus_component":"0","area":"","casting_time":"1 Standard action","corrupt_component":"0","description_html":"\u003cp\u003eThe subject cannot keep from screaming, gibbering, and leaping about as though completely mad. This spell makes it impossible for the subject to do anything other than race about caterwauling. \u003c/p\u003e\u003c/b\u003e\u003c/b\u003e\u003cp\u003eThe Armor Class of the creature takes a \u0026#8212;4 penalty, it succeeds on Reflex saving throws only on a roll of 20, and it does not benefit from any shield it may be bearing.\u003c/p\u003e","descriptors":"","divine_focus_component":"0","duration":"1d4+1 rounds","effect":"","id":4893,"material_component":"0","meta_breath_component":"0","name":"Maddening Scream","page":113,"rulebook":"Eberron Campaign Setting","saving_throw":"None","school":"Enchantment","somatic_component":"0","spell_range":"Touch","spell_resistance":"Yes","subschool":"Compulsion","target":"Living creature touched","true_name_component":"0","verbal_component":"1","xp_component":"0"}}