{"id":49,"created":1449242748,"modified":1449242748,"data":{"arcane_focus_component":"0","area":null,"casting_time":"1 standard action","corrupt_component":"0","description_html":"\u003cp\u003eWith this spell, the caster compels the target creature to divulge information it may be hiding.\u003cbr /\u003eIf the target fails its save, it is forced to reply to the caster\u0026#39;s questions (one question per three caster levels), speak truthfully, and not respond in such a way that the answers provided may be misleading.\u003cbr /\u003eThe questions posed may be answered with a simple yes or no, or they may require a more detailed response.\u003cbr /\u003eThis spell cannot be used to force the target to divulge information it doesn\u0026#39;t know, and the target creature is unable to fabricate lies of any kind while under the spell\u0026#39;s hold.\u003cbr /\u003eSacrifice: 1d4 points of Constitution damage.\u003c/p\u003e","descriptors":"Mind-Affecting","divine_focus_component":"0","duration":"See text","effect":null,"id":49,"material_component":"0","meta_breath_component":"0","name":"Inquisition","page":null,"rulebook":"Book of Exalted Deeds","saving_throw":"Will negates","school":"Enchantment","somatic_component":"0","spell_range":"Close (25 ft. + 5 ft./2 levels)","spell_resistance":"Yes","subschool":"Compulsion","target":"One creature with an Intelligence of 6 or more","true_name_component":"0","verbal_component":"0","xp_component":"0"}}