{"id":4907,"created":1449242853,"modified":1449242853,"data":{"arcane_focus_component":"0","area":"","casting_time":"1 round","corrupt_component":"0","description_html":"\u003cp\u003eAs \u003ca href=\"/spells/players-handbook-v35--6/protection-from-energy--2347/\"\u003e\u003cem\u003eprotection from energy\u003c/em\u003e\u003c/a\u003e, except that the target must be a construct.\u003c/p\u003e","descriptors":"","divine_focus_component":"0","duration":"10 minutes/level or until discharged","effect":"","id":4907,"material_component":"0","meta_breath_component":"0","name":"Construct Energy Ward, Greater","page":109,"rulebook":"Eberron Campaign Setting","saving_throw":"Will negates (harmless)","school":"Abjuration","somatic_component":"1","spell_range":"Touch","spell_resistance":"Yes (harmless)","subschool":"","target":"Construct touched","true_name_component":"0","verbal_component":"0","xp_component":"0"}}