{"id":505,"created":1449242758,"modified":1449242758,"data":{"arcane_focus_component":"1","area":null,"casting_time":"1 round","corrupt_component":"0","description_html":"\u003cp\u003eThis spell creates a deadly raging heat in the internal organs of the targets, causing them to burst into flame from within.\u003cbr /\u003eTargets that fail a Fortitude save die instantly.\u003cbr /\u003eThose who save successfully take 6d6 points of fire damage +1 point per caster level (maximum +20) instead.\u003cbr /\u003eFocus: An iron brazier filled with red-hot charcoal.\u003c/p\u003e","descriptors":"Fire","divine_focus_component":"0","duration":"Instantaneous","effect":null,"id":505,"material_component":"0","meta_breath_component":"0","name":"Internal Fire","page":null,"rulebook":"Complete Arcane","saving_throw":"Fortitude partial","school":"Evocation","somatic_component":"1","spell_range":"Medium (100 ft. + 10 ft./level)","spell_resistance":"Yes","subschool":"","target":"Up to 1 HD/level of creatures, no two of which can be more than 20 ft. apart","true_name_component":"0","verbal_component":"1","xp_component":"0"}}