{"id":51,"created":1449242748,"modified":1449242748,"data":{"arcane_focus_component":"0","area":null,"casting_time":"1 standard action","corrupt_component":"0","description_html":"\u003cp\u003eYour gentle touch fills the target with tremendous feelings of love and compassion, and has the power to unnerve and debilitate evil creatures.\u003cbr /\u003eYou must succeed on a melee touch attack to affect an unwilling target.\u003cbr /\u003eIt has no effect on a creature that you do not know is evil.\u003cbr /\u003eAn evil creature touched by the spell must wrestle with the pleasant feelings invoked by the spell.\u003cbr /\u003eRoll on the table below at the beginning of the creature\u0026#39;s turn each round to see what condition applies to the subject in that round.\u003cbr /\u003eInstead of rolling on the table above, the caster may elect to leave the creature shaken for the duration of the spell.\u003cbr /\u003eMaterial Component: A peach seed.\u003c/p\u003e","descriptors":"Good, Mind-Affecting","divine_focus_component":"0","duration":"1 round/level","effect":null,"id":51,"material_component":"1","meta_breath_component":"0","name":"Lastai's Caress","page":null,"rulebook":"Book of Exalted Deeds","saving_throw":"None","school":"Enchantment","somatic_component":"1","spell_range":"Touch","spell_resistance":"Yes","subschool":"Compulsion","target":"One known evil creature touched","true_name_component":"0","verbal_component":"1","xp_component":"0"}}