{"id":511,"created":1449242758,"modified":1449242758,"data":{"arcane_focus_component":"1","area":null,"casting_time":"1 standard action","corrupt_component":"0","description_html":"\u003cp\u003eYou cause a blade of pale green force to appear and strike the opponent you designate, starting with one attack in the round when the spell is cast and continuing each round thereafter.\u003cbr /\u003eThough it makes regular melee attacks, the sword strikes as a spell, not a weapon (and so can strike incorporeal creatures).\u003cbr /\u003eA sword of deception always strikes from your direction, and so it can\u0026#39;t be used to flank along with your regular attack, but it could flank along with your allies.\u003cbr /\u003eThe blade attacks with a base attack bonus equal to your caster level, dealing 1d4 points of damage per hit and threatening a critical hit on a roll of 19-20.\u003cbr /\u003eIn addition, each successful hit provides a -1 penalty on the target\u0026#39;s next saving throw roll (-2 on a successful critical hit).\u003cbr /\u003eThis penalty is cumulative (to a maximum of -5 on a single creature) and lasts until the creature is forced to make a saving throw in a dangerous situation or receives the benefit of a remove curse spell.\u003cbr /\u003eEach round, a sword of deception continues to attack the previous round\u0026#39;s target unless you use a standard action to switch it to a new target within range.\u003cbr /\u003eOn any round when the weapon switches targets, it gets one attack as a standard action (as it does in the round when the spell is cast).\u003cbr /\u003eThe weapon can make multiple attack rolls against a single target with a full attack action if its base attack bonus permits.\u003cbr /\u003eA sword of deception cannot be attacked or damaged (though it can be dispelled as any other spell).\u003cbr /\u003eIf an attacked creature has spell resistance, make a caster level check the first time the sword attacks.\u003cbr /\u003eIf successful, the sword can attack that creature with normal effect for the duration of the spell.\u003cbr /\u003eIf not, the sword of deception is dispelled.\u003cbr /\u003eIf it goes beyond the spell range or out of your sight, the sword of deception returns to you and hovers.\u003cbr /\u003eFocus: A miniature replica of a sword and a set of loaded dice.\u003c/p\u003e","descriptors":"","divine_focus_component":"0","duration":"1 round/level (D)","effect":"Pale green blade of force","id":511,"material_component":"0","meta_breath_component":"0","name":"Sword of Deception","page":null,"rulebook":"Complete Arcane","saving_throw":"None","school":"Evocation","somatic_component":"1","spell_range":"Medium (100 ft. + 10 ft./level)","spell_resistance":"Yes","subschool":"","target":null,"true_name_component":"0","verbal_component":"1","xp_component":"0"}}