{"id":525,"created":1449242758,"modified":1449242758,"data":{"arcane_focus_component":"0","area":null,"casting_time":"1 standard action","corrupt_component":"0","description_html":"\u003cp\u003eWith a sweep of your hand, invisible bolts of force slam into your targets, instantly slaying each target by driving its heart from its body unless it succeeds on a Fortitude save.\u003cbr /\u003eHeart ripper affects a number of creatures with Hit Dice totaling your caster level, none of which can have more than 4 HD.\u003cbr /\u003eCreatures with the fewest Hit Dice are affected first, with creatures of equal Hit Dice affected according to which is closest to the spell\u0026#39;s point of origin.\u003cbr /\u003eExtra Hit Dice not sufficient to affect remaining creatures are wasted.\u003cbr /\u003eCreatures that don\u0026#39;t depend on their hearts for survival (such as undead and constructs) and creatures with no anatomy (such as oozes) are unaffected by the spell.\u003c/p\u003e","descriptors":"","divine_focus_component":"0","duration":"Instantaneous","effect":null,"id":525,"material_component":"0","meta_breath_component":"0","name":"Heart Ripper","page":null,"rulebook":"Complete Arcane","saving_throw":"Fortitude negates","school":"Necromancy","somatic_component":"1","spell_range":"Close (25 ft. + 5 ft./2 levels)","spell_resistance":"Yes","subschool":"","target":"One or more creatures, no two of which can be more than 30 ft. apart; see text","true_name_component":"0","verbal_component":"1","xp_component":"0"}}