{"id":54,"created":1449242748,"modified":1449242748,"data":{"arcane_focus_component":"0","area":null,"casting_time":"1 standard action","corrupt_component":"0","description_html":"\u003cp\u003eThe target creature, which must be evil, is struck by pangs of conscience and remorse.\u003cbr /\u003eThe creature instantaneously takes Wisdom and Charisma damage according to the magnitude of its evil.\u003cbr /\u003eThe creature regains lost abilities normally; they do not automatically return when the spell\u0026#39;s duration expires.\u003cbr /\u003eThis effect is not language-dependent.\u003c/p\u003e","descriptors":"Good, Mind-Affecting","divine_focus_component":"1","duration":"Instantaneous; see text","effect":null,"id":54,"material_component":"0","meta_breath_component":"0","name":"Sword of Conscience","page":null,"rulebook":"Book of Exalted Deeds","saving_throw":"Will negates","school":"Enchantment","somatic_component":"0","spell_range":"Close (25 ft. + 5 ft./2 levels)","spell_resistance":"Yes","subschool":"Compulsion","target":"One evil creature","true_name_component":"0","verbal_component":"1","xp_component":"0"}}