{"id":555,"created":1449242759,"modified":1449242759,"data":{"arcane_focus_component":"0","area":null,"casting_time":"1 round","corrupt_component":"0","description_html":"\u003cp\u003eWhen you cast this spell, you shrink to Tiny, Diminutive, or Fine size, depending on your caster level).\u003cbr /\u003eYour Strength, Dexterity, Constitution, size modifier to Armor Class and attack rolls, and space and reach all change as shown on the accompanying table.\u003cbr /\u003e(You need not assume the smallest size you are capable of; you can choose to shrink only to a larger size if you wish).\u003cbr /\u003eNone of your ability scores can be reduced below 1 by this spell.\u003cbr /\u003eAll your equipment changes size with you, allowing you to use weapons or magic items effectively in your smaller form.\u003cbr /\u003eSee Table 2-3: Decreasing Weapon Damage by Size, page 28 of the Dungeon Master\u0026#39;s Guide, to determine the damage dealt by any weapons carried when you cast minute form.\u003cbr /\u003eMaterial Component: A flea.\u003c/p\u003e","descriptors":"","divine_focus_component":"0","duration":"1 minute","effect":null,"id":555,"material_component":"1","meta_breath_component":"0","name":"Minute Form","page":null,"rulebook":"Complete Arcane","saving_throw":null,"school":"Transmutation","somatic_component":"1","spell_range":"Personal","spell_resistance":null,"subschool":"","target":"You","true_name_component":"0","verbal_component":"1","xp_component":"0"}}