{"id":566,"created":1449242759,"modified":1449242759,"data":{"arcane_focus_component":"1","area":null,"casting_time":"1 standard action","corrupt_component":"0","description_html":"\u003cp\u003eA needle flicked from your fingers magically penetrates a spirit creature\u0026#39;s aura.\u003cbr /\u003eIf you hit with a normal ranged attack, the spirit loses the protective benefits of being incorporeal and is held in place (losing any Dexterity bonus to Armor Class and giving attackers a +4 bonus on attack rolls against it).\u003cbr /\u003eThough the spirit cannot move for the duration of the spell, it can still take standard and full-round actions (including attacks).\u003cbr /\u003eA pinned spirit is unable to use any supernatural or spell-like ability that would transport it from its current location (such as dimension door or teleport) or alter its substance or state (such as gaseous form or ethereal jaunt).\u003cbr /\u003eThe spirit cannot remove the needle that pins it in place, but another creature can do so as a standard action.\u003cbr /\u003eFocus: A long metal needle.\u003c/p\u003e","descriptors":"","divine_focus_component":"0","duration":"1 round/level","effect":null,"id":566,"material_component":"0","meta_breath_component":"0","name":"Spirit Needle","page":null,"rulebook":"Complete Arcane","saving_throw":"None","school":"Transmutation","somatic_component":"1","spell_range":"Close (25 ft. + 5 ft./2 levels)","spell_resistance":"Yes","subschool":"","target":"One spirit creature","true_name_component":"0","verbal_component":"1","xp_component":"0"}}