{"id":567,"created":1449242759,"modified":1449242759,"data":{"arcane_focus_component":"0","area":null,"casting_time":null,"corrupt_component":"0","description_html":"\u003cp\u003eAs earthen grasp (see page 104), except the stony arm can appear from any natural surface, including unworked rock, earth, mud, grass, or sand.\u003cbr /\u003eThe stone arm has AC 18, hardness 8, and 4 hit points per caster level.\u003cbr /\u003eMaterial Component: A miniature hand sculpted from stone.\u003c/p\u003e","descriptors":"Earth","divine_focus_component":"0","duration":"1 round/level","effect":"Animated stone arm","id":567,"material_component":"0","meta_breath_component":"0","name":"Stony Grasp","page":null,"rulebook":"Complete Arcane","saving_throw":null,"school":"Transmutation","somatic_component":"0","spell_range":null,"spell_resistance":null,"subschool":"","target":null,"true_name_component":"0","verbal_component":"0","xp_component":"0"}}