{"id":58,"created":1449242749,"modified":1449242749,"data":{"arcane_focus_component":"0","area":null,"casting_time":"1 standard action","corrupt_component":"0","description_html":"\u003cp\u003eThis spell compels a creature up to 4 HD more than the caster\u0026#39;s level to fight in a merciful manner.\u003cbr /\u003eSpecifically, the creature deals nonlethal damage with its attacks, avoids using damaging spells or spell-like abilities, and does not deliver a coup de grace to a helpless foe.\u003cbr /\u003eAbstinence Component: You must not have dealt damage, by spell or any other means, to another living creature within the last 8 hours before casting this spell.\u003c/p\u003e","descriptors":"Good, Mind-Affecting","divine_focus_component":"0","duration":"1 round/level","effect":null,"id":58,"material_component":"0","meta_breath_component":"0","name":"Yoke of Mercy","page":null,"rulebook":"Book of Exalted Deeds","saving_throw":"Will negates","school":"Enchantment","somatic_component":"0","spell_range":"Close (25 ft. + 5 ft./2 levels)","spell_resistance":"No","subschool":"Compulsion","target":"One creature","true_name_component":"0","verbal_component":"1","xp_component":"0"}}