{"id":581,"created":1449242759,"modified":1449242759,"data":{"arcane_focus_component":"0","area":"20-ft.-radius emanation or 60-ft.-radius burst, centered on you","casting_time":"1 standard action","corrupt_component":"0","description_html":"\u003cp\u003eA rush of divine energy flows through your holy symbol, infusing your body with the essence of the divine ethos. When you cast this spell, choose one non-neutral aspect of your own alignment\u0026#8212;chaos, evil, good, or law. (If you are neutral, you can select whichever alignment you wish each time you cast this spell). You are immediately surrounded in a 20-foot aura of invisible energy associated with the chosen alignment component. Anyone in that area who shares that alignment component gains a bonus, and anyone with the opposed alignment component must make a Fortitude save or take a penalty. The values of these modifiers and the features to which they apply are given on the following table. These modifiers end when the affected creature leaves the spell\u0026#39;s area.\u003c/p\u003e\u003c/b\u003e\u003c/b\u003e\u003ctable\u003e\u003c/b\u003e\u003ctr\u003e\u003c/b\u003e\u003cth\u003eAlignment \u003c/th\u003e\u003c/b\u003e\u003cth\u003eBonus \u003c/th\u003e\u003c/b\u003e\u003cth\u003ePenalty \u003c/th\u003e\u003c/b\u003e\u003c/tr\u003e\u003c/b\u003e\u003ctr\u003e\u003c/b\u003e\u003ctd\u003e Chaos \u003c/td\u003e\u003c/b\u003e\u003ctd\u003e +1 on attack rolls \u003c/td\u003e\u003c/b\u003e\u003ctd\u003e -1 on saving throws \u003c/td\u003e\u003c/b\u003e\u003c/tr\u003e\u003c/b\u003e\u003ctr\u003e\u003c/b\u003e\u003ctd\u003e Evil \u003c/td\u003e\u003c/b\u003e\u003ctd\u003e +1 on damage rolls \u003c/td\u003e\u003c/b\u003e\u003ctd\u003e -1 to Armor Class \u003c/td\u003e\u003c/b\u003e\u003c/tr\u003e\u003c/b\u003e\u003ctr\u003e\u003c/b\u003e\u003ctd\u003e Good \u003c/td\u003e\u003c/b\u003e\u003ctd\u003e +1 on saving throws \u003c/td\u003e\u003c/b\u003e\u003ctd\u003e -1 on attack rolls \u003c/td\u003e\u003c/b\u003e\u003c/tr\u003e\u003c/b\u003e\u003ctr\u003e\u003c/b\u003e\u003ctd\u003e Law \u003c/td\u003e\u003c/b\u003e\u003ctd\u003e +1 to Armor Class \u003c/td\u003e\u003c/b\u003e\u003ctd\u003e -1 on damage rolls \u003c/td\u003e\u003c/b\u003e\u003c/tr\u003e\u003c/b\u003e\u003c/table\u003e\u003c/b\u003e\u003c/b\u003e\u003cp\u003eAt any point before the duration expires, you can choose to unleash the spell\u0026#39;s remaining power in a 60-foot burst that deals 1d4 points of damage per round of duration remaining (maximum 15d4) to each creature of the opposed alignment in the area. Each affected creature can attempt a Fortitude save for half damage. The burst also heals 1 point of damage per round of duration remaining (maximum 15 points) for each creature of the same alignment in the area. Once this option is invoked, the spell ends immediately.\u003c/p\u003e","descriptors":"","divine_focus_component":"1","duration":"1 round/level or until discharged","effect":"","id":581,"material_component":"0","meta_breath_component":"0","name":"Aligned Aura","page":null,"rulebook":"Complete Champion","saving_throw":"Fortitude partial","school":"Abjuration","somatic_component":"1","spell_range":"20 ft. or 60 ft.","spell_resistance":"Yes","subschool":"","target":"","true_name_component":"0","verbal_component":"1","xp_component":"0"}}