{"id":588,"created":1449242759,"modified":1449242759,"data":{"arcane_focus_component":"0","area":null,"casting_time":"1 swift action","corrupt_component":"0","description_html":"\u003cp\u003eA warm, comforting glow surrounds your holy symbol, renewing your faith and causing the wicked monsters before you to recoil in fear.\u003cbr /\u003eThis spell grants you a sacred (if you are good or neutral) or profane (if you are evil) bonus equal to one-half your divine caster level (maximum +5) on your next turning check.\u003c/p\u003e","descriptors":"Good","divine_focus_component":"1","duration":"1 round/level, or until discharged","effect":null,"id":588,"material_component":"0","meta_breath_component":"0","name":"Light of Faith","page":null,"rulebook":"Complete Champion","saving_throw":"None","school":"Abjuration","somatic_component":"1","spell_range":"Touch","spell_resistance":"No","subschool":"","target":"Holy symbol touched","true_name_component":"0","verbal_component":"1","xp_component":"0"}}