{"id":59,"created":1449242749,"modified":1449242749,"data":{"arcane_focus_component":"0","area":null,"casting_time":"1 standard action","corrupt_component":"0","description_html":"\u003cp\u003eYou infuse an amber sphere with magical power and hurl it toward the target.\u003cbr /\u003eIf you succeed on a ranged touch attack, the amber strikes the target and envelops it in coruscating energy that hardens immediately, trapping the target within a translucent, immobile amber shell.\u003cbr /\u003eThe target is perfectly preserved and held in stasis, unharmed yet unable to take any actions.\u003cbr /\u003eWithin the amber sarcophagus, the target is protected against all attacks, including purely mental ones.\u003cbr /\u003eThe amber sarcophagus has hardness 5 and 10 hp per caster level (maximum 200 hp).\u003cbr /\u003eIf it is reduced to 0 hp, it shatters and crumbles to worthless amber dust, at which point the target is released from stasis (although it is flat-footed until its next turn).\u003cbr /\u003eLeft alone, the amber sarcophagus traps the target for the duration of the spell, then disappears before releasing the target from captive stasis.\u003cbr /\u003eMaterial Component: An amber sphere worth at least 500 gp.\u003c/p\u003e","descriptors":"","divine_focus_component":"0","duration":"1 day/level","effect":null,"id":59,"material_component":"1","meta_breath_component":"0","name":"Amber Sarcophagus","page":null,"rulebook":"Book of Exalted Deeds","saving_throw":"None","school":"Evocation","somatic_component":"1","spell_range":"Close (25 ft. + 5 ft./2 levels)","spell_resistance":"Yes","subschool":"","target":"One creature","true_name_component":"0","verbal_component":"1","xp_component":"0"}}