{"id":596,"created":1449242760,"modified":1449242760,"data":{"arcane_focus_component":"0","area":null,"casting_time":"1 standard action","corrupt_component":"0","description_html":"\u003cp\u003eYou feel yourself pulled forward, into the undead creature you have touched.\u003cbr /\u003eYour flesh and soul grow cold, and after an instant of maddening emptiness, you reappear elsewhere.\u003cbr /\u003eYou can use the Negative Energy Plane as a conduit in the same fashion that most teleportation magic uses the Astral Plane.\u003cbr /\u003eUpon casting this spell, you can literally step into an undead creature and emerge from another designated undead creature up to 100 miles away per caster level.\u003cbr /\u003eIf you do not know the precise location of the destination undead, you can select the undead creature you control nearest your desired exit point.\u003cbr /\u003eBoth undead creatures must be your size category or larger and either willing or under your control.\u003cbr /\u003e(Mindless undead are considered willing only if you control them).\u003cbr /\u003eIf you worship Wee Jas, Vecna, or another deity associated with both death and magic, you gain a +4 bonus to your caster level for the purpose of determining the maximum distance you can travel.\u003cbr /\u003eYou can bring along objects as long as their weight doesn\u0026#39;t exceed your maximum load, but you cannot bring other creatures with you.\u003cbr /\u003eSpecial: A dread necromancer can learn this spell through the advanced learning class feature, even though it is not a necromancy spell.\u003c/p\u003e","descriptors":"","divine_focus_component":"0","duration":"Instantaneous","effect":null,"id":596,"material_component":"0","meta_breath_component":"0","name":"Door of Decay","page":null,"rulebook":"Complete Champion","saving_throw":null,"school":"Conjuration","somatic_component":"1","spell_range":"See text","spell_resistance":null,"subschool":"Teleportation","target":"You","true_name_component":"0","verbal_component":"1","xp_component":"0"}}