{"id":602,"created":1449242760,"modified":1449242760,"data":{"arcane_focus_component":"0","area":null,"casting_time":"1 standard action","corrupt_component":"0","description_html":"\u003cp\u003eWhen you pray for the power to restore that which your friend has lost, a beam of sun breaks through the clouds and bathes your hands in golden light.\u003cbr /\u003eCasting touch of restoration lets you use your lay on hands ability to cure ability damage.\u003cbr /\u003eWhile this spell is active, you can cure 1 point of ability damage per caster level by laying on hands, and you can split these points among different creatures if desired.\u003cbr /\u003eFor every point of ability damage you cure in this manner, you must subtract 1 from your effective level when determining how many hit points of damage you can heal with your standard lay on hands ability for the remainder of the day.\u003c/p\u003e","descriptors":"","divine_focus_component":"0","duration":"1 minute","effect":null,"id":602,"material_component":"0","meta_breath_component":"0","name":"Touch of Restoration","page":null,"rulebook":"Complete Champion","saving_throw":null,"school":"Conjuration","somatic_component":"1","spell_range":"Personal","spell_resistance":null,"subschool":"Healing","target":"You","true_name_component":"0","verbal_component":"1","xp_component":"0"}}