{"id":609,"created":1449242760,"modified":1449242760,"data":{"arcane_focus_component":"0","area":"","casting_time":"1 round","corrupt_component":"0","description_html":"\u003cp\u003e\u003cem\u003eYou feel your deity speaking through you to other gods, filling the space around you with diverse divine energies that strengthen your ally.\u003c/em\u003e\u003c/p\u003e\u003c/b\u003e\u003c/b\u003e\u003cp\u003eWhen you cast \u003cem\u003einterfaith blessing\u003c/em\u003e, every creature within range is individually blessed by its own deity for the duration of the spell. The specific blessing gained depends on the particular deity worshiped, as given on the table below. A subject that venerates more than one deity must roll randomly to determine which blessing is received.\u003c/p\u003e\u003c/b\u003e\u003c/b\u003e\u003ctable\u003e\u003c/b\u003e\u003ctr\u003e\u003c/b\u003e\u003cth\u003eDeity \u003c/th\u003e\u003c/b\u003e\u003cth\u003eBlessing \u003c/th\u003e\u003c/b\u003e\u003c/tr\u003e\u003c/b\u003e\u003ctr\u003e\u003c/b\u003e\u003ctd\u003e Bahamut, St. Cuthbert, or Yondalla \u003c/td\u003e\u003c/b\u003e\u003ctd\u003e +1 on attack rolls and saves \u003c/td\u003e\u003c/b\u003e\u003c/tr\u003e\u003c/b\u003e\u003ctr\u003e\u003c/b\u003e\u003ctd\u003e Boccob, Corellon Larethian, Vecna, or Wee Jas \u003c/td\u003e\u003c/b\u003e\u003ctd\u003e +1 on attack rolls and skill checks \u003c/td\u003e\u003c/b\u003e\u003c/tr\u003e\u003c/b\u003e\u003ctr\u003e\u003c/b\u003e\u003ctd\u003e Ehlonna, Obad-Hai, or the general worship of nature \u003c/td\u003e\u003c/b\u003e\u003ctd\u003e +1 on attack rolls and to AC \u003c/td\u003e\u003c/b\u003e\u003c/tr\u003e\u003c/b\u003e\u003ctr\u003e\u003c/b\u003e\u003ctd\u003e Erythnul, Gruumsh, or Lolth \u003c/td\u003e\u003c/b\u003e\u003ctd\u003e +2 on damage rolls \u003c/td\u003e\u003c/b\u003e\u003c/tr\u003e\u003c/b\u003e\u003ctr\u003e\u003c/b\u003e\u003ctd\u003e Fharlanghn, Moradin, or Pelor \u003c/td\u003e\u003c/b\u003e\u003ctd\u003e +2 to AC \u003c/td\u003e\u003c/b\u003e\u003c/tr\u003e\u003c/b\u003e\u003ctr\u003e\u003c/b\u003e\u003ctd\u003e Garl Glittergold, Olidammara, or no deity \u003c/td\u003e\u003c/b\u003e\u003ctd\u003e Roll 1d8 to determine blessing; a result of 6 is player\u0026#39;s choice \u003c/td\u003e\u003c/b\u003e\u003c/tr\u003e\u003c/b\u003e\u003ctr\u003e\u003c/b\u003e\u003ctd\u003e Heironeous, Hextor, or Nerull \u003c/td\u003e\u003c/b\u003e\u003ctd\u003e +2 on attack rolls \u003c/td\u003e\u003c/b\u003e\u003c/tr\u003e\u003c/b\u003e\u003ctr\u003e\u003c/b\u003e\u003ctd\u003e Kord, Kurtulmak, or Tiamat \u003c/td\u003e\u003c/b\u003e\u003ctd\u003e +1 on attack rolls and damage rolls \u003c/td\u003e\u003c/b\u003e\u003c/tr\u003e\u003c/b\u003e\u003c/table\u003e","descriptors":"Mind-Affecting","divine_focus_component":"1","duration":"1 minute/level","effect":"","id":609,"material_component":"0","meta_breath_component":"0","name":"Interfaith Blessing","page":null,"rulebook":"Complete Champion","saving_throw":"Will negates (harmless)","school":"Enchantment","somatic_component":"1","spell_range":"20 ft. Area: 20-ft.-radius burst centered on you","spell_resistance":"Yes (harmless)","subschool":"Compulsion","target":"","true_name_component":"0","verbal_component":"1","xp_component":"0"}}