{"id":616,"created":1449242760,"modified":1449242760,"data":{"arcane_focus_component":"0","area":null,"casting_time":"1 standard action","corrupt_component":"0","description_html":"\u003cp\u003eYour touch thins the blood of your target, causing it to spill with unnatural ease.\u003cbr /\u003eFor the duration of the spell, the subject bleeds profusely through any open wound.\u003cbr /\u003eEach new hit from a piercing or slashing weapon or effect that deals damage to the subject also deals 1 point of Constitution damage.\u003cbr /\u003eThis ability damage is not multiplied on a critical hit.\u003cbr /\u003eBecause this spell thins the subject\u0026#39;s blood, repeated uses cause additional difficulty.\u003cbr /\u003eIn addition to the extra damage, a target subjected to a second use of this spell before the first has expired also takes a -4 penalty on Fortitude saves against disease, poison, or the sickened and nauseated conditions.\u003cbr /\u003eCreatures with no discernible anatomy (such as plants and oozes) and those immune to critical hits (such as undead and constructs) are immune to this spell.\u003c/p\u003e","descriptors":"","divine_focus_component":"0","duration":"1 round/level (D)","effect":null,"id":616,"material_component":"0","meta_breath_component":"0","name":"Bleed","page":null,"rulebook":"Complete Champion","saving_throw":"Fortitude negates","school":"Necromancy","somatic_component":"1","spell_range":"Touch","spell_resistance":"Yes","subschool":"","target":"Living creature touched","true_name_component":"0","verbal_component":"1","xp_component":"0"}}