{"id":62,"created":1449242749,"modified":1449242749,"data":{"arcane_focus_component":"0","area":"100-ft.-radius emanation + 10-ft. radius per level","casting_time":"1 standard action","corrupt_component":"0","description_html":"\u003cp\u003eThis spell causes a divine glow to radiate from any reflective objects worn or carried by the caster, including metal armor.\u003cbr /\u003eEvil creatures within the spell\u0026#39;s area are blinded unless they succeed on a Fortitude saving throw.\u003cbr /\u003eNonevil characters perceive the brilliant light emanating from the caster, but are not blinded by it and do not suffer any negative effects from it.\u003cbr /\u003eEvil characters that make their saving throw are not blinded, but are distracted, taking a -1 penalty on any attacks made within the spell\u0026#39;s area for the duration of the spell.\u003cbr /\u003eCreatures must be able to see visible light to be affected by this spell.\u003cbr /\u003eSacrifice: 1d3 points of Strength damage.\u003c/p\u003e","descriptors":"Good","divine_focus_component":"0","duration":"1d4 rounds","effect":null,"id":62,"material_component":"0","meta_breath_component":"0","name":"Brilliant Emanation","page":null,"rulebook":"Book of Exalted Deeds","saving_throw":"Fortitude partial","school":"Evocation","somatic_component":"0","spell_range":"100 ft. + 10 ft./level","spell_resistance":"Yes","subschool":"","target":null,"true_name_component":"0","verbal_component":"0","xp_component":"0"}}