{"id":629,"created":1449242760,"modified":1449242760,"data":{"arcane_focus_component":"0","area":null,"casting_time":"10 minutes","corrupt_component":"0","description_html":"\u003cp\u003eThe power of your deity courses through you, re-placing what you once knew with different ideas and abilities.\u003cbr /\u003eUpon casting substitute domain, you can swap one of your current domains for another that your deity offers.\u003cbr /\u003eYou gain the granted power of the new domain, as well as access to any of its spells that you can cast\u0026#8212;though you must still prepare the spells normally.\u003cbr /\u003eWhile substitute domain is in effect, you lose the granted powers and spells of the domain to which you have given up access.\u003cbr /\u003eFor example, Saera, a cleric of Pelor, normally has access to the Strength and Sun domains.\u003cbr /\u003eShe casts substitute domain.\u003cbr /\u003eon herself and chooses to swap the Strength domain for another of the domains that Pelor normally grants\u0026#8212;\u003cbr /\u003enamely Healing.\u003cbr /\u003eWhile she can now access the spells and granted power of the Healing domain, Saera cannot tap the abilities and spells normally associated with the Strength domain.\u003c/p\u003e","descriptors":"","divine_focus_component":"1","duration":"1 day/level (D)","effect":null,"id":629,"material_component":"0","meta_breath_component":"0","name":"Substitute Domain","page":null,"rulebook":"Complete Champion","saving_throw":null,"school":"Transmutation","somatic_component":"1","spell_range":"Personal","spell_resistance":null,"subschool":"","target":"You","true_name_component":"0","verbal_component":"1","xp_component":"0"}}