{"id":634,"created":1449242760,"modified":1449242760,"data":{"arcane_focus_component":"0","area":null,"casting_time":"1 standard action","corrupt_component":"0","description_html":"\u003cp\u003eYou surround yourself with a purifying, swirling mist with a radius of 5 feet per caster level that washes the air clean of smoke dust, and poisons.\u003cbr /\u003eNonmagical contaminants, including inhaled poisons, are automatically negated within the cloud.\u003cbr /\u003eMagical effects, including acid fog, cloudkill, and green dragon breath, are negated only if your level is greater than the offending spell\u0026#39;s caster level (or the dragon\u0026#39;s HD).\u003cbr /\u003eIf your level is lower than the caster level, the dance of the unicorn grants everyone within the mist a +4 bonus on their saving throws against the effect.\u003cbr /\u003eThe cloud of mist leaves everything within its area damp.\u003c/p\u003e","descriptors":"","divine_focus_component":"0","duration":"1 min./level (D)","effect":null,"id":634,"material_component":"0","meta_breath_component":"0","name":"Dance of the Unicorn","page":null,"rulebook":"Complete Divine","saving_throw":null,"school":"Abjuration","somatic_component":"1","spell_range":"Personal","spell_resistance":null,"subschool":"","target":"You","true_name_component":"0","verbal_component":"1","xp_component":"0"}}