{"id":641,"created":1449242761,"modified":1449242761,"data":{"arcane_focus_component":"0","area":null,"casting_time":"1 standard action","corrupt_component":"0","description_html":"\u003cp\u003eYou invoke a divine shield to protect you as you close with a chosen opponent.\u003cbr /\u003eChoose a foe as you cast this spell.\u003cbr /\u003eYou gain a +4 deflection bonus to your AC against all attacks of opportunity from opponents other than the chosen foe.\u003cbr /\u003eAlso, you can move through enemies as if they were allies for the duration of this spell, as long as you finish your movement closer to your chosen foe than when you began it.\u003c/p\u003e","descriptors":"","divine_focus_component":"0","duration":"1 round/level","effect":null,"id":641,"material_component":"0","meta_breath_component":"0","name":"Zeal","page":null,"rulebook":"Complete Divine","saving_throw":null,"school":"Abjuration","somatic_component":"1","spell_range":"Personal","spell_resistance":null,"subschool":"","target":"You","true_name_component":"0","verbal_component":"1","xp_component":"0"}}