{"id":644,"created":1449242761,"modified":1449242761,"data":{"arcane_focus_component":"0","area":"","casting_time":"1 standard action","corrupt_component":"0","description_html":"\u003cp\u003eYou conjure a bright, glowing comet, which appears in midair above your enemies, then strikes the ground with tremendous force. The comet appears 5 feet per caster level above the ground or at the ceiling, whichever is lower. The comet immediately falls, dealing 2d6 points of damage per 10 feet fallen to everything in the 10-foot-square area directly below it (maximum 20d6).\u003c/p\u003e\u003c/b\u003e\u003c/b\u003e\u003cp\u003eThe force of the comet can also knock creatures prone. Creatures who failed their Reflex save are subject to a trip attempt. The comet has a +11 bonus (+7 for effective Strength of 25 and +4 for being Large) on the trip check.\u003c/p\u003e\u003c/b\u003e\u003c/b\u003e\u003cp\u003eThe comet breaks apart on impact, filling the 10 -foot-square area with dense rubble (as described on page 90 of the \u003cem\u003eDungeon Master\u0026#39;s Guide\u003c/em\u003e).\u003c/p\u003e","descriptors":"","divine_focus_component":"1","duration":"Instantaneous","effect":"400-pound ball of rock and ice","id":644,"material_component":"0","meta_breath_component":"0","name":"Cometfall","page":159,"rulebook":"Complete Divine","saving_throw":"Reflex half","school":"Conjuration","somatic_component":"1","spell_range":"Medium (100 ft. + 10 ft./level)","spell_resistance":"No","subschool":"Creation","target":"","true_name_component":"0","verbal_component":"1","xp_component":"0"}}