{"id":652,"created":1449242761,"modified":1449242761,"data":{"arcane_focus_component":"0","area":null,"casting_time":"1 standard action","corrupt_component":"0","description_html":"\u003cp\u003eYou conjure a Large, corporeal staglike creature that bears you or a person you designate into combat or overland at great speed.\u003cbr /\u003eA phantom stag has a black body and head with sharp, silvery antlers, and smoke-colored, insubstantial hooves that make no sound.\u003cbr /\u003eIt has no saddle, bridle, or bit, but it is exceptionally alert to the nudges and balance changes of its rider.\u003cbr /\u003eThe phantom stag has an AC of 20 (-1 size, +6 natural armor, +5 Dex) and 40 hit points +5 hit points per caster level.\u003cbr /\u003eIt attacks with its antlers at a +10 bonus, dealing 1d8+9 points of damage (doubled on a successful charge).\u003cbr /\u003eIt can also trample Medium or smaller foes, who must succeed on a Reflex save or take 1d6+9 points of damage as the stag moves through their space.\u003cbr /\u003eA phantom stag has a speed of 20 feet per caster level, to a maximum of 300 feet.\u003cbr /\u003eIt can bear its rider\u0026#39;s weight plus up to 10 pounds per caster level.\u003cbr /\u003eIt ignores terrain elements such as undergrowth, rubble, or mud that would slow its movement.\u003cbr /\u003ePhantom stags gain certain powers according to caster level.\u003cbr /\u003eA mount\u0026#39;s abilities include those of mounts of lower caster levels.\u003cbr /\u003eThus, a mount created by a 16th-level caster has the 12th and 14th caster level abilities as well.\u003cbr /\u003e12th Level: The phantom stag can use air walk at will (as the spell, no action required to activate this ability) for up to 1 round at a time, after which it falls to the ground.\u003cbr /\u003eThe phantom stag gains a +2 deflection bonus to AC.\u003cbr /\u003e14th Level: The phantom stag can fly at its speed (average maneuverability).\u003cbr /\u003eThe phantom stag gains a +4 deflection bonus to AC.\u003cbr /\u003e16th Level: The phantom stag\u0026#39;s antlers have the wounding and ghost touch weapon qualities.\u003cbr /\u003eThe phantom stag gains a +6 deflection bonus to AC.\u003cbr /\u003e18th Level: The phantom stag can use etherealness on behalf of its rider (as the spell, caster level 18th).\u003cbr /\u003eThe phantom stag gains a +8 deflection bonus to AC.\u003c/p\u003e","descriptors":"","divine_focus_component":"0","duration":"1 hour/level (D)","effect":"One quasi-real, staglike creature","id":652,"material_component":"0","meta_breath_component":"0","name":"Phantom Stag","page":null,"rulebook":"Complete Divine","saving_throw":"None; see text","school":"Conjuration","somatic_component":"1","spell_range":"0 ft.","spell_resistance":"No","subschool":"Creation","target":null,"true_name_component":"0","verbal_component":"1","xp_component":"0"}}