{"id":654,"created":1449242761,"modified":1449242761,"data":{"arcane_focus_component":"0","area":"","casting_time":"1 round","corrupt_component":"0","description_html":"\u003cp\u003eYou summon a number of swarms of rats (one per two levels, to a maximum of six swarms at 12th level). The swarms must be summoned so that each one is adjacent to at least one other swarm (that is, the swarms must fill one contiguous area). You may summon the rat swarms so that they share the area of other creatures. Each swarm attacks any creatures occupying its area. The swarms are stationary after being summoned, and won\u0026#39;t pursue creatures that flee.\u003c/p\u003e\u003c/b\u003e\u003c/b\u003e\u003cp\u003eSee the \u003cem\u003eMonster Manual\u003c/em\u003e for details on rat swarms.\u003c/p\u003e","descriptors":"","divine_focus_component":"1","duration":"1 round/level","effect":"One swarm of rats/two levels, each of which must be adjacent to at least one other swarm","id":654,"material_component":"0","meta_breath_component":"0","name":"Plague of Rats","page":null,"rulebook":"Complete Divine","saving_throw":"None","school":"Conjuration","somatic_component":"1","spell_range":"Medium (100 ft. + 10 ft./level)","spell_resistance":"No","subschool":"Summoning","target":"","true_name_component":"0","verbal_component":"1","xp_component":"0"}}