{"id":657,"created":1449242761,"modified":1449242761,"data":{"arcane_focus_component":"0","area":"All allies within a 60-ft.-radius burst centered on you","casting_time":"1 standard action","corrupt_component":"0","description_html":"\u003cp\u003e\u003cem\u003eBy reciting a sacred passage or declaration, you invoke your deity\u0026#39;s blessing upon yourself and your allies while causing confusion and weakness among your enemies.\u003c/em\u003e\u003c/p\u003e\u003c/b\u003e\u003c/b\u003e\u003cp\u003eThe spell affects all allies and foes within the spell\u0026#39;s area at the moment you cast it. Your allies gain a +2 luck bonus on attack rolls and saving throws, or a +3 luck bonus if they worship the same patron deity as you.\u003c/p\u003e\u003c/b\u003e\u003c/b\u003e\u003cp\u003eDivine Focus: In addition to your holy symbol, this spell requires a sacred text as a divine focus.\u003c/p\u003e","descriptors":"","divine_focus_component":"1","duration":"1 round/level","effect":"","id":657,"material_component":"0","meta_breath_component":"0","name":"Recitation","page":null,"rulebook":"Complete Divine","saving_throw":"None","school":"Conjuration","somatic_component":"1","spell_range":"60 ft.","spell_resistance":"Yes","subschool":"Creation","target":"","true_name_component":"0","verbal_component":"1","xp_component":"0"}}