{"id":658,"created":1449242761,"modified":1449242761,"data":{"arcane_focus_component":"0","area":null,"casting_time":"1 standard action","corrupt_component":"0","description_html":"\u003cp\u003eWith this spell, you create a temporary cocoon of energy around a creature you touch that provides healing and a measure of protection.\u003cbr /\u003eWhen you cast the spell, the cocoon forms around the target.\u003cbr /\u003eThe glowing, yellow-green cocoon is made of force, but it is somewhat flexible and responds to pressure from the inside of the cocoon.\u003cbr /\u003eThe cocoon initially forms a few inches from the target, but deforms enough to allow the target to reach into a backpack, cast a spell with a somatic component, draw a weapon, or perform similar actions.\u003cbr /\u003eThe target can\u0026#39;t move from the space it is in while cocooned, however.\u003cbr /\u003eNor can it leave the rejuvenation cocoon early without using teleportation magic or dealing enough damage to destroy the cocoon.\u003cbr /\u003eThe cocoon has hardness 10 and 10 hit points per caster level.\u003cbr /\u003eIf it is destroyed, the spell ends.\u003cbr /\u003eOne round after the cocoon forms, it heals the target of 10 points of damage per caster level and purges the target of poison and disease.\u003cbr /\u003eAt the end of the second round, the rejuvenation cocoon dissipates and the target emerges, able to move and act freely.\u003cbr /\u003eMaterial Component: Cocoon from a butterfly.\u003c/p\u003e","descriptors":"","divine_focus_component":"0","duration":"2 rounds","effect":null,"id":658,"material_component":"1","meta_breath_component":"0","name":"Rejuvenation Cocoon","page":null,"rulebook":"Complete Divine","saving_throw":"Will negates (harmless)","school":"Conjuration","somatic_component":"1","spell_range":"Touch","spell_resistance":"Yes (harmless)","subschool":"Healing","target":"Willing creature touched","true_name_component":"0","verbal_component":"1","xp_component":"0"}}