{"id":659,"created":1449242761,"modified":1449242761,"data":{"arcane_focus_component":"0","area":null,"casting_time":"10 minutes","corrupt_component":"0","description_html":"\u003cp\u003eThis spell creates a pact between the target and a deity that uses divine energy to wipe away any of a host of conditions that may afflict the target.\u003cbr /\u003eOnce this spell is cast, the pact remains dormant until the target is subjected to one or more of the following adverse conditions: ability damage, blinded, confused, dazed, dazzled, deafened, diseased, exhausted, fatigued, feebleminded,\u003cbr /\u003einsanity, nauseated, sickened, stunned, or poisoned.\u003cbr /\u003eOne round after the target is affected by a condition that triggers the renewal pact, the target receives a heal spell (caster level equal to the caster of the renewal pact.\u003cbr /\u003eA creature can be subject to only one renewal pact at a time.\u003cbr /\u003eCasting renewal pact on a target who already has an untriggered renewal pact voids the earlier pact.\u003cbr /\u003eXP Cost: 500 XP.\u003c/p\u003e","descriptors":"","divine_focus_component":"1","duration":"Permanent until triggered","effect":null,"id":659,"material_component":"0","meta_breath_component":"0","name":"Renewal Pact","page":null,"rulebook":"Complete Divine","saving_throw":"Will negates (harmless)","school":"Conjuration","somatic_component":"1","spell_range":"Touch","spell_resistance":"Yes (harmless)","subschool":"Healing","target":"Willing living creature touched","true_name_component":"0","verbal_component":"1","xp_component":"1"}}