{"id":664,"created":1449242761,"modified":1449242761,"data":{"arcane_focus_component":"0","area":null,"casting_time":"10 minutes","corrupt_component":"0","description_html":"\u003cp\u003eYou create a nonmagical, unattended object of any sort of matter.\u003cbr /\u003eItems created are permanent and cannot be negated by dispelling magics or negating powers.\u003cbr /\u003eFor all intents and purposes, these items are completely real.\u003cbr /\u003eThe volume of the item created cannot exceed 1 cubic foot per caster level.\u003cbr /\u003eYou must succeed on an appropriate skill check to make a complex item, such as a Craft (bowmaking) check to make straight arrow shafts or a Craft (gemcutting) check to make a cut and polished gem.\u003cbr /\u003eUnlike the items brought into being by the lower-level spells minor creation and major creation (see the Player\u0026#39;s Handbook for those spell descriptions), objects created by the casting of true creation can be used as material components.\u003cbr /\u003eMaterial Component: A small piece of matter of the same type of item you plan to create\u0026#8212;a sliver of wood to create arrow shafts, a tiny piece of the appropriate stone to create a polished gem, and so forth.\u003cbr /\u003eXP Cost: The item\u0026#39;s gold piece value in XP, or a minimum of 1 XP, whichever is more (see the Player\u0026#39;s Handbook for item costs).\u003c/p\u003e","descriptors":"","divine_focus_component":"0","duration":"Instantaneous","effect":"Unattended, nonmagical object of nonliving matter, up to 1 cu. ft./level","id":664,"material_component":"1","meta_breath_component":"0","name":"True Creation","page":null,"rulebook":"Complete Divine","saving_throw":"None","school":"Conjuration","somatic_component":"1","spell_range":"0 ft.","spell_resistance":"No","subschool":"Creation","target":null,"true_name_component":"0","verbal_component":"1","xp_component":"1"}}