{"id":671,"created":1449242761,"modified":1449242761,"data":{"arcane_focus_component":"0","area":null,"casting_time":"1 standard action","corrupt_component":"0","description_html":"\u003cp\u003eA wood wose is a translucent, green nature spirit that you can command to perform simple natural tasks.\u003cbr /\u003eIt can build a campfire, gather herbs, feed an animal companion, catch a fish, or perform any other simple task that doesn\u0026#39;t involve knowledge of technology.\u003cbr /\u003eIt cannot, for example, open a latched chest, since it doesn\u0026#39;t know how a latch works.\u003cbr /\u003eThe wose can perform only one activity at a time, but it repeats the same activity if told to do so.\u003cbr /\u003eThus, if you commanded it to gather leaves, it would continue to do so while you turned your attention elsewhere, as long as you remained within range.\u003cbr /\u003eThe wose has an effective Strength score of 2, so it can lift 20 pounds or drag 100 pounds.\u003cbr /\u003eIt can trigger traps, but the 20 pounds of force it can exert is not enough to activate most pressure plates.\u003cbr /\u003eIts speed is 15 feet in any direction, even up.\u003cbr /\u003eA wood wose cannot attack in any way; it is never allowed an attack roll or a saving throw.\u003cbr /\u003eIt cannot be killed, but it dissipates if it takes 6 points of damage from area attacks.\u003cbr /\u003eIf you attempt to send the wose beyond the spell\u0026#39;s range (measured from your current position), it ceases to exist.\u003c/p\u003e","descriptors":"","divine_focus_component":"1","duration":"1 hour/level","effect":"One nature servant","id":671,"material_component":"0","meta_breath_component":"0","name":"Wood Wose","page":null,"rulebook":"Complete Divine","saving_throw":"None","school":"Conjuration","somatic_component":"1","spell_range":"Close (25 ft. + 5 ft./2 levels)","spell_resistance":"No","subschool":"Creation","target":null,"true_name_component":"0","verbal_component":"1","xp_component":"0"}}