{"id":677,"created":1449242761,"modified":1449242761,"data":{"arcane_focus_component":"0","area":null,"casting_time":"1 minute","corrupt_component":"0","description_html":"\u003cp\u003eWith this spell, you become an unerring tracker, instantly aware of your quarry\u0026#39;s location whenever it\u0026#39;s on the move.\u003cbr /\u003eThe implacable pursuer spell gives you the direction and distance to the target creature whenever it finishes a turn more than 10 feet away from where it started.\u003cbr /\u003eThe difficulty of the save against implacable pursuer depends on your relationship to the subject.\u003cbr /\u003eYou apply your favored enemy bonus (if any) to the DC of the Will save the target attempts.\u003cbr /\u003eOnce you successfully target a creature with implacable pursuer, you\u0026#39;ll know its location as long as it\u0026#39;s moving, no matter where it goes on the same plane.\u003cbr /\u003eEven if it leaves the plane, implacable pursuer tells you what plane the target creature went to.\u003cbr /\u003eThe spell then provides no further information until you and the subject creature are on the same plane, in which case implacable pursuer resumes functioning normally.\u003c/p\u003e","descriptors":"","divine_focus_component":"0","duration":"1 hour/level (D)","effect":null,"id":677,"material_component":"0","meta_breath_component":"0","name":"Implacable Pursuer","page":null,"rulebook":"Complete Divine","saving_throw":"Will negates; see text","school":"Divination","somatic_component":"1","spell_range":"Long (400 ft. + 40 ft./level); see text","spell_resistance":"Yes","subschool":"","target":"One creature","true_name_component":"0","verbal_component":"1","xp_component":"0"}}