{"id":683,"created":1449242761,"modified":1449242761,"data":{"arcane_focus_component":"0","area":null,"casting_time":"1 standard action","corrupt_component":"0","description_html":"\u003cp\u003eThis spell grants you the ability to make one ray attack per round.\u003cbr /\u003eThe ray dazes one living creature, clouding its mind so that it takes no action for 1d3 rounds.\u003cbr /\u003eThe creature is not stunned (so attackers get no special advantage against it), but it can\u0026#39;t move, cast spells, use mental abilities, and so on.\u003c/p\u003e","descriptors":"Mind-Affecting","divine_focus_component":"0","duration":"1 round/level","effect":"Ray","id":683,"material_component":"0","meta_breath_component":"0","name":"Bolts of Bedevilment","page":null,"rulebook":"Complete Divine","saving_throw":"Will negates","school":"Enchantment","somatic_component":"1","spell_range":"Medium (100 ft. + 10 ft./level)","spell_resistance":"Yes","subschool":"","target":null,"true_name_component":"0","verbal_component":"1","xp_component":"0"}}