{"id":692,"created":1449242762,"modified":1449242762,"data":{"arcane_focus_component":"0","area":null,"casting_time":"1 standard action","corrupt_component":"0","description_html":"\u003cp\u003eYou create a flurry of air to encircle and hold your target.\u003cbr /\u003eThe binding winds do not move.\u003cbr /\u003eInstead, they become a physical barrier surrounding the subject.\u003cbr /\u003eThe subject may act normally, but she cannot move from her current location.\u003cbr /\u003eThe winds carry her voice away, so she can speak but cannot be heard, and she cannot hear anything but the roar of the winds.\u003cbr /\u003eFurthermore, no sonic or language-dependent spells or effects may be cast into or out of the binding winds (though spells cast by the caster upon himself function normally).\u003cbr /\u003eRanged attacks made into or out of the binding winds suffer a -2 penalty.\u003cbr /\u003eBinding winds hold flying creatures in mid-air.\u003c/p\u003e","descriptors":"","divine_focus_component":"0","duration":"Concentration","effect":null,"id":692,"material_component":"0","meta_breath_component":"0","name":"Binding Winds","page":null,"rulebook":"Complete Divine","saving_throw":"Reflex negates","school":"Evocation","somatic_component":"1","spell_range":"Medium (100 ft. + 10 ft./level)","spell_resistance":"Yes","subschool":"","target":"One creature","true_name_component":"0","verbal_component":"1","xp_component":"0"}}