{"id":706,"created":1449242762,"modified":1449242762,"data":{"arcane_focus_component":"0","area":null,"casting_time":"1 standard action","corrupt_component":"0","description_html":"\u003cp\u003eYou infuse the subject with the spirit of nature.\u003cbr /\u003eThe affected creature gains a +10 morale bonus on attack and damage rolls and 1d8 temporary hit points per caster level, plus the effects of haste.\u003c/p\u003e","descriptors":"","divine_focus_component":"1","duration":"1 min./level","effect":null,"id":706,"material_component":"0","meta_breath_component":"0","name":"Nature's Avatar","page":null,"rulebook":"Complete Divine","saving_throw":"Will negates (harmless)","school":"Evocation","somatic_component":"1","spell_range":"Touch","spell_resistance":"Yes (harmless)","subschool":"","target":"Animal touched","true_name_component":"0","verbal_component":"1","xp_component":"0"}}