{"id":709,"created":1449242762,"modified":1449242762,"data":{"arcane_focus_component":"0","area":"Semicircular burst of sand 10 ft. long, centered on your hands","casting_time":"1 standard action","corrupt_component":"0","description_html":"\u003cp\u003eYou fire a hail of hot sand from your fingers, dealing 1d6 points of nonlethal damage to creatures in the arc.\u003cbr /\u003eAny creature that fails its Reflex save is also stunned for 1 round.\u003c/p\u003e","descriptors":"","divine_focus_component":"1","duration":"Instantaneous","effect":null,"id":709,"material_component":"0","meta_breath_component":"0","name":"Sandblast","page":null,"rulebook":"Complete Divine","saving_throw":"Reflex half","school":"Evocation","somatic_component":"1","spell_range":"10 ft.","spell_resistance":"Yes","subschool":"","target":null,"true_name_component":"0","verbal_component":"1","xp_component":"0"}}