{"id":720,"created":1449242762,"modified":1449242762,"data":{"arcane_focus_component":"0","area":null,"casting_time":"10 minutes","corrupt_component":"0","description_html":"\u003cp\u003eThis spell allows the target to enter into a binding agreement with your deity that brings the target back to life if she is slain.\u003cbr /\u003eWhen this spell is cast, the target\u0026#39;s Constitution is permanently lowered by 2 points.\u003cbr /\u003eIn exchange for this, if she ever dies, several spells are brought into effect.\u003cbr /\u003eFirst, she is teleported to a safe location designated by you at the time of casting as if with a word of recall spell.\u003cbr /\u003eSecond, the target is brought back from the dead with a raise dead spell with the standard loss of a level.\u003cbr /\u003eFinally, the target is healed with a heal spell.\u003cbr /\u003eShe does not regain the 2 Constitution points when returned to life.\u003cbr /\u003eIf a raise dead spell could not return the target to life (for example, if she was disintegrated or died of old age), the death pact cannot restore her to life.\u003cbr /\u003eIf the spell is dispelled before the target dies, she does not regain her 2 lost Constitution points.\u003cbr /\u003eMaterial Component: A diamond worth at least 500 gp.\u003cbr /\u003eXP cost: 250 XP.\u003c/p\u003e","descriptors":"Evil","divine_focus_component":"1","duration":"Permanent until triggered","effect":null,"id":720,"material_component":"1","meta_breath_component":"0","name":"Death Pact","page":null,"rulebook":"Complete Divine","saving_throw":"None","school":"Necromancy","somatic_component":"1","spell_range":"Touch","spell_resistance":"No","subschool":"","target":"Willing living creature touched","true_name_component":"0","verbal_component":"1","xp_component":"1"}}