{"id":725,"created":1449242762,"modified":1449242762,"data":{"arcane_focus_component":"1","area":null,"casting_time":"1 standard action","corrupt_component":"0","description_html":"\u003cp\u003eThis nasty spell causes a major disease and weakness in those who fail their saving throws.\u003cbr /\u003eAfflicted creatures are immediately stricken with a sickening scourge that quickly spreads to cover their entire bodies.\u003cbr /\u003eThe subject suffers excruciatingly painful and highly debilitating blackened boils, magenta blotches, violet lesions, seeping abscesses, and malignant cysts.\u003cbr /\u003eThe disease deals 1d3 points of temporary Strength and Dexterity damage per day, unless the creature makes a successful Fortitude save on a particular day.\u003cbr /\u003eAs with mummy rot, successful saves do not allow the creature to recover.\u003cbr /\u003eThe symptoms persist until the creature finds some magical means to cure the disease (such as remove disease, heal, or restoration).\u003cbr /\u003eFocus: A black whip or riding crop, which is cracked in the direction of the intended victims during the casting of the spell.\u003c/p\u003e","descriptors":"","divine_focus_component":"1","duration":"Instantaneous","effect":null,"id":725,"material_component":"0","meta_breath_component":"0","name":"Scourge","page":null,"rulebook":"Complete Divine","saving_throw":"Fortitude negates","school":"Necromancy","somatic_component":"1","spell_range":"Long (400 ft. + 40 ft./level)","spell_resistance":"Yes","subschool":"","target":"One living creature/level, no two of which can be more than 50 ft. apart","true_name_component":"0","verbal_component":"1","xp_component":"0"}}