{"id":73,"created":1449242749,"modified":1449242749,"data":{"arcane_focus_component":"0","area":null,"casting_time":"1 standard action","corrupt_component":"0","description_html":"\u003cp\u003eA great warhammer of positive energy springs into existence, launches toward a target that you can see within the range of the spell, and strikes unerringly.\u003cbr /\u003eThe hammer of righteousness deals 1d6 points of damage per caster level to the target, or 1d8 points of damage per caster level if the target is evil.\u003cbr /\u003eThe caster can decide to deal nonlethal damage instead of lethal damage with the hammer, or can split the damage evenly between the two types.\u003cbr /\u003eHow the damage is split must be decided before damage is rolled.\u003cbr /\u003eThe hammer is considered a force effect and has no miss chance when striking an incorporeal target.\u003cbr /\u003eA successful Fortitude save halves the damage.\u003cbr /\u003eSacrifice: 1d3 points of Strength damage.\u003c/p\u003e","descriptors":"Force, Good","divine_focus_component":"0","duration":"Instantaneous","effect":"Magic warhammer of force","id":73,"material_component":"0","meta_breath_component":"0","name":"Hammer of Righteousness","page":null,"rulebook":"Book of Exalted Deeds","saving_throw":"Fortitude half","school":"Evocation","somatic_component":"1","spell_range":"Medium (100 ft. + 10 ft./level)","spell_resistance":"Yes","subschool":"","target":null,"true_name_component":"0","verbal_component":"1","xp_component":"0"}}