{"id":735,"created":1449242762,"modified":1449242762,"data":{"arcane_focus_component":"0","area":null,"casting_time":"1 standard action","corrupt_component":"0","description_html":"\u003cp\u003eYou change the coloring of your skin and clothing to match the environment around you.\u003cbr /\u003eThroughout the duration of the spell, your coloration changes instantly to match the background of any new environment you enter, with no effort on your part.\u003cbr /\u003eThis effect grants you a +10 circumstance bonus on Hide checks.\u003c/p\u003e","descriptors":"","divine_focus_component":"0","duration":"10 min./level","effect":null,"id":735,"material_component":"0","meta_breath_component":"0","name":"Camouflage","page":null,"rulebook":"Complete Divine","saving_throw":null,"school":"Transmutation","somatic_component":"1","spell_range":"Personal","spell_resistance":null,"subschool":"","target":"You","true_name_component":"0","verbal_component":"1","xp_component":"0"}}