{"id":742,"created":1449242763,"modified":1449242763,"data":{"arcane_focus_component":"0","area":null,"casting_time":"1 standard action","corrupt_component":"0","description_html":"\u003cp\u003eCalling on the divine power of your patron, you imbue a living creature with agility and skill in combat.\u003cbr /\u003eYou confer the base Reflex save bonus of a rogue of your total character level, a +4 enhancement bonus to Dexterity, and the Spring Attack feat on the target for the duration of the spell.\u003c/p\u003e","descriptors":"","divine_focus_component":"0","duration":"1 round/level","effect":null,"id":742,"material_component":"0","meta_breath_component":"0","name":"Divine Agility","page":null,"rulebook":"Complete Divine","saving_throw":"Will negates (harmless)","school":"Transmutation","somatic_component":"1","spell_range":"Touch","spell_resistance":"No","subschool":"","target":"Living creature touched","true_name_component":"0","verbal_component":"1","xp_component":"0"}}