{"id":75,"created":1449242749,"modified":1449242749,"data":{"arcane_focus_component":"0","area":"10-ft. wide to close range (25 ft. + 5 ft./2 levels)","casting_time":null,"corrupt_component":"0","description_html":"\u003cp\u003eAs heavenly lightning, except it has a greater range, can strike more targets, and deals 5d6 points of special celestial electricity damage.\u003c/p\u003e","descriptors":"Good","divine_focus_component":"0","duration":null,"effect":null,"id":75,"material_component":"0","meta_breath_component":"0","name":"Heavenly Lightning Storm","page":null,"rulebook":"Book of Exalted Deeds","saving_throw":null,"school":"Evocation","somatic_component":"0","spell_range":"Medium (100 ft. + 10 ft./level)","spell_resistance":null,"subschool":"","target":"Up to one creature per caster level","true_name_component":"0","verbal_component":"0","xp_component":"0"}}