{"id":755,"created":1449242763,"modified":1449242763,"data":{"arcane_focus_component":"0","area":null,"casting_time":"1 standard action","corrupt_component":"0","description_html":"\u003cp\u003eThe creature you touch grows thick tree roots that anchor him to the ground and provide him with life-sustaining healing.\u003cbr /\u003e(If the creature you touch isn\u0026#39;t touching the ground, the unyielding roots spell has no effect).\u003cbr /\u003eFor the duration of the spell, the touched creature can\u0026#39;t move from his current space, nor can he be moved from his space by bull rushes, overruns, magic such as Bigby\u0026#39;s forceful hand, or any effect short of a massive earthquake.\u003cbr /\u003eSuch attempts simply fail.\u003cbr /\u003eIf an overrun attempt is made against a creature with unyielding roots, the rooted creature must block rather than avoid the overrun.\u003cbr /\u003eThe rooted creature automatically wins the Strength check to stop the overrun and can make a Strength check (opposed by the overrunning creature\u0026#39;s Strength or Dexterity check) to knock the overrunning creature prone.\u003cbr /\u003eThe roots draw life energy from the ground that feed the touched creature, healing up to 30 points of damage per round, neutralizing poisons automatically, and wiping away negative levels (as the restoration spell).\u003cbr /\u003eThe touched creature gets a +4 bonus on Fortitude and Will saves as long as the roots remain, but a -4 penalty on Reflex saves.\u003c/p\u003e","descriptors":"","divine_focus_component":"1","duration":"1 min./level (D)","effect":null,"id":755,"material_component":"0","meta_breath_component":"0","name":"Unyielding Roots","page":null,"rulebook":"Complete Divine","saving_throw":"Fortitude negates (harmless)","school":"Transmutation","somatic_component":"1","spell_range":"Touch Area/Effect/Target: Willing creature touched","spell_resistance":"Yes (harmless)","subschool":"","target":null,"true_name_component":"0","verbal_component":"1","xp_component":"0"}}