{"id":756,"created":1449242763,"modified":1449242763,"data":{"arcane_focus_component":"0","area":null,"casting_time":null,"corrupt_component":"0","description_html":"\u003cp\u003eAs lesser visage of the deity, but you take on all the qualities of a celestial or fiendish creature (see the Monster Manual for complete details):\u003c/b\u003e\u003cul\u003e\u003c/b\u003e\u003cli\u003eYou take on a shining, metallic appearance (for good clerics) or a more fearsome appearance (for evil clerics).\u003c/li\u003e\u003c/b\u003e\u003cli\u003eYou gain the ability to smite evil (for good clerics) or good (for evil clerics) once a day.\u003c/li\u003e\u003c/b\u003e\u003c/ul\u003e\u003cbr /\u003eAdd your Charisma modifier to your attack roll and your character level to your damage roll against a foe of that alignment.\u003c/b\u003e\u003cul\u003e\u003c/b\u003e\u003cli\u003eYou gain darkvision to a range of 60 ft.\u003c/li\u003e\u003c/b\u003e\u003cli\u003eYou gain acid, cold, and electricity resistance 20 (for good clerics) or cold and fire resistance 20 (for evil clerics).\u003c/li\u003e\u003c/b\u003e\u003cli\u003eYou gain damage reduction 10/magic.\u003c/li\u003e\u003c/b\u003e\u003cli\u003eYou gain spell resistance 20.\u003c/li\u003e\u003c/b\u003e\u003c/ul\u003e\u003cbr /\u003eYour creature type does not change (you do not become an outsider).\u003c/p\u003e","descriptors":"Evil, Good","divine_focus_component":"0","duration":null,"effect":null,"id":756,"material_component":"0","meta_breath_component":"0","name":"Visage of the Deity","page":null,"rulebook":"Complete Divine","saving_throw":null,"school":"Transmutation","somatic_component":"0","spell_range":null,"spell_resistance":null,"subschool":"","target":null,"true_name_component":"0","verbal_component":"0","xp_component":"0"}}