{"id":761,"created":1449242763,"modified":1449242763,"data":{"arcane_focus_component":"0","area":null,"casting_time":"1 standard action","corrupt_component":"0","description_html":"\u003cp\u003eAs you make the final spell gesture, the look in your rival\u0026#39;s eyes gives evidence enough of the chaos rampaging through his mind.\u003cbr /\u003eYou affect the subject of the spell as if by the targeted variant of dispel magic.\u003cbr /\u003eAdditionally, if the subject is a spellcaster who fails a Will save, she loses one randomly determined prepared spell or spell slot from her highest level of available spells remaining.\u003cbr /\u003eThis spell or spell slot is lost as if it had been cast or used for the day.\u003cbr /\u003eMaterial Component: A broken eggshell.\u003c/p\u003e","descriptors":"","divine_focus_component":"0","duration":"Instantaneous","effect":null,"id":761,"material_component":"1","meta_breath_component":"0","name":"Arcane Turmoil","page":null,"rulebook":"Complete Mage","saving_throw":"None or Will partial; see text","school":"Abjuration","somatic_component":"1","spell_range":"Close (25 ft. + 5 ft./2 levels)","spell_resistance":"Yes","subschool":"","target":"One creature","true_name_component":"0","verbal_component":"1","xp_component":"0"}}