{"id":769,"created":1449242763,"modified":1449242763,"data":{"arcane_focus_component":"0","area":"20-ft.-radius emanation, centered on you","casting_time":"1 full round","corrupt_component":"0","description_html":"\u003cp\u003eYour skin tingles as you radiate a field of powerful magic.\u003cbr /\u003eWhen you cast this spell, designate either a school of magic or a subtype of magic (such as evil spells or fire spells).\u003cbr /\u003eSpells of that type are suppressed within the area of your spell.\u003cbr /\u003eAnyone attempting to cast such a spell in (or into) the area must succeed on a caster level check against a DC of 11 + your caster level.\u003cbr /\u003e(Abilities and feats that improve the ability to defeat spell resistance, such as Spell Penetration, apply here as well).\u003cbr /\u003eAnyone attempting to activate an item that produces a spell or effect of that type must make a similar roll, using the item\u0026#39;s caster level for the level check.\u003cbr /\u003eConstant items or precast effects make this check when first exposed to your suppressing field.\u003cbr /\u003eIf they succeed, they remain unaffected for the duration.\u003cbr /\u003eIf they fail, they are suppressed for the duration, resuming function (if their duration has not expired) when they leave the area.\u003c/p\u003e","descriptors":"","divine_focus_component":"0","duration":"10 minutes/level (D)","effect":"","id":769,"material_component":"0","meta_breath_component":"0","name":"Otiluke's Supressing Field","page":null,"rulebook":"Complete Mage","saving_throw":"None","school":"Abjuration","somatic_component":"1","spell_range":"20 ft.","spell_resistance":"No","subschool":"","target":"","true_name_component":"0","verbal_component":"1","xp_component":"0"}}