{"id":780,"created":1449242763,"modified":1449242763,"data":{"arcane_focus_component":"0","area":null,"casting_time":"1 swift action","corrupt_component":"0","description_html":"\u003cp\u003eYou feel the bond between yourself and your familiar strengthen, and then the animal stands before you.\u003cbr /\u003eYou instantly transport yourself to your familiar, or your familiar to you, as greater teleport.\u003cbr /\u003eYou can\u0026#39;t bring any other living creatures with you.\u003c/p\u003e","descriptors":"","divine_focus_component":"0","duration":"Instantaneous","effect":null,"id":780,"material_component":"0","meta_breath_component":"0","name":"Familiar Refuge","page":null,"rulebook":"Complete Mage","saving_throw":"None","school":"Conjuration","somatic_component":"0","spell_range":"Unlimited","spell_resistance":"No","subschool":"Teleportation","target":"You or your familiar","true_name_component":"0","verbal_component":"1","xp_component":"0"}}