{"id":782,"created":1449242763,"modified":1449242763,"data":{"arcane_focus_component":"0","area":null,"casting_time":"1 hour","corrupt_component":"0","description_html":"\u003cp\u003eAt your final word, the air around you hums and the region glows with a sudden flash of light.\u003cbr /\u003eIt fades swiftly, but you can now feel a presence, as though the environment itself watched you.\u003cbr /\u003eWith this spell, you grant the particular building or location a permanent \u0026quot;guardian spirit\u0026quot;.\u003cbr /\u003eYou must task the spirit with a specific purpose, and that purpose must in some manner involve protecting the building or region to which it is attached.\u003cbr /\u003eThe task can be very general (\u0026quot;Slay any creature who attempts to enter!\u0026quot;) or far more specific (\u0026quot;Kill any goblin who tries to take the red sword down off the wall\u0026quot;).\u003cbr /\u003eThe task can\u0026#39;t be so specific as to mention the names of individual creatures, or to require unseen knowledge such as alignments or allegiances.\u003cbr /\u003eFinally, it must be simple enough to clearly convey in one or two sentences.\u003cbr /\u003eIf the triggering event occurs, the genius loci manifests exactly where you cast the spell, taking the form of an elder elemental (choose air, earth, fire, or water when you cast the spell).\u003cbr /\u003eIt immediately attempts to carry out the designated task.\u003cbr /\u003eOnce the spell is complete, you have no special control over the spirit\u0026#39;s actions, and if you trigger the manifestation, it attacks you just as it would anyone else.\u003cbr /\u003eThe manifested spirit behaves in all ways as a normal elemental of its kind, within the parameters of the task assigned.\u003cbr /\u003eIf the spirit\u0026#39;s manifested form is slain, it is not destroyed and the spell is not broken.\u003cbr /\u003eHowever, it can\u0026#39;t manifest for 24 hours after being destroyed.\u003cbr /\u003eThe only way to permanently break a genius loci spell is with a miracle,Mordenkainen\u0026#39;s disjunction, or wish, or else to permanently defeat the guardian spirit\u0026#39;s purpose.\u003cbr /\u003eIf, for instance, the spirit was commanded to prevent a particular item from being destroyed, the destruction of that item renders its existence moot.\u003cbr /\u003eWhen not actively involved in protecting its territory or following its task, the spirit shows no sign of its existence.\u003cbr /\u003eWhen it manifests, the creature appears to come out of nowhere.\u003cbr /\u003eAnyone viewing the building or area with detect magic sees an overwhelming aura of conjuration; true seeing reveals the spirit wandering its territory, appearing as a vague, hazy silhouette of the creature it manifests as.\u003cbr /\u003eGenius loci becomes a spell of the same type as the elemental manifestation specified (air, earth, fire, or water).\u003cbr /\u003eMaterial Component: A paste made up of silver, mithral, and holy water, worth a total of 3,000 gp.\u003c/p\u003e","descriptors":"see text","divine_focus_component":"0","duration":"Permanent","effect":null,"id":782,"material_component":"1","meta_breath_component":"0","name":"Genius Loci","page":null,"rulebook":"Complete Mage","saving_throw":"None","school":"Conjuration","somatic_component":"1","spell_range":"0 ft.","spell_resistance":"No","subschool":"Creation","target":"One building, location, or discernible geographic area, up to a maximum area of one 10-ft. cube/caster level","true_name_component":"0","verbal_component":"1","xp_component":"0"}}