{"id":789,"created":1449242764,"modified":1449242764,"data":{"arcane_focus_component":"0","area":"Cone-shaped burst","casting_time":"1 standard action","corrupt_component":"0","description_html":"\u003cp\u003eYou flick a needle out in front of you.\u003cbr /\u003eInstantly, the area is filled with a burst of thousands of tiny needles, which vanish almost as swiftly as they appear.\u003cbr /\u003eCreatures in the cone take 1d4 points of damage per caster level (maximum 15d4).\u003cbr /\u003eMaterial Component: A 1-inch-long metal needle.\u003c/p\u003e","descriptors":"","divine_focus_component":"0","duration":"Instantaneous","effect":null,"id":789,"material_component":"1","meta_breath_component":"0","name":"Storm of Needles","page":null,"rulebook":"Complete Mage","saving_throw":"Reflex half","school":"Conjuration","somatic_component":"1","spell_range":"30 ft.","spell_resistance":"No","subschool":"Creation","target":null,"true_name_component":"0","verbal_component":"1","xp_component":"0"}}