{"id":804,"created":1449242764,"modified":1449242764,"data":{"arcane_focus_component":"0","area":null,"casting_time":"1 swift action","corrupt_component":"0","description_html":"\u003cp\u003eThe air around you seems to glow as the currents of magic running through the world become visible to your eyes.\u003cbr /\u003eYou gain a +2 insight bonus on dispel checks and caster level checks made to counterspell.\u003cbr /\u003eIf you have 5 or more ranks in Spellcraft, you also automatically recognize any spell being cast, as though you had succeeded on a Spellcraft check.\u003cbr /\u003eYou must have line of sight to the caster, but distance is otherwise not a factor.\u003cbr /\u003eIf you have 15 or more ranks in Spellcraft, you not only recognize any spell being cast, but you also know the caster level of any spell being cast.\u003cbr /\u003eAgain, you must have line of sight to the caster for this effect to function.\u003c/p\u003e","descriptors":"","divine_focus_component":"0","duration":"1 round/level","effect":null,"id":804,"material_component":"0","meta_breath_component":"0","name":"Spellcaster's Bane","page":null,"rulebook":"Complete Mage","saving_throw":null,"school":"Divination","somatic_component":"1","spell_range":"Personal","spell_resistance":null,"subschool":"","target":"You","true_name_component":"0","verbal_component":"1","xp_component":"0"}}