{"id":805,"created":1449242764,"modified":1449242764,"data":{"arcane_focus_component":"0","area":null,"casting_time":"1 standard action","corrupt_component":"0","description_html":"\u003cp\u003eYou focus your magic deep in your sold until it becomes a torrent that must be unleashed.\u003cbr /\u003eYour next single spell (if it is cast before the end of the next round) gains a +10 insight bonus on any caster level check made to overcome spell resistance.\u003c/p\u003e","descriptors":"","divine_focus_component":"0","duration":"One spell","effect":null,"id":805,"material_component":"0","meta_breath_component":"0","name":"True Casting","page":null,"rulebook":"Complete Mage","saving_throw":null,"school":"Divination","somatic_component":"1","spell_range":"Personal","spell_resistance":null,"subschool":"","target":"You","true_name_component":"0","verbal_component":"1","xp_component":"0"}}