{"id":807,"created":1449242764,"modified":1449242764,"data":{"arcane_focus_component":"0","area":null,"casting_time":"1 swift action","corrupt_component":"0","description_html":"\u003cp\u003eYou suddenly see two versions of your target, one a split second ahead of the other, allowing you to target the holes in his defenses.\u003cbr /\u003eYou gain temporary, intuitive insight into the actions of your foes.\u003cbr /\u003eYour next single attack roll (if it is made before the end of the next round) is considered a sneak attack, even if your foe is neither flat-footed nor flanked.\u003cbr /\u003eThis spell does not allow you to sneak attack creatures normally immune to such attacks, nor does it allow you to make use of other abilities\u0026#8212;such as certain feats\u0026#8212;that deal ability damage, or otherwise grant you extra benefits, when you make a sneak attack.\u003c/p\u003e","descriptors":"","divine_focus_component":"0","duration":"One attack","effect":null,"id":807,"material_component":"0","meta_breath_component":"0","name":"Vital Strike","page":null,"rulebook":"Complete Mage","saving_throw":null,"school":"Divination","somatic_component":"1","spell_range":"Personal","spell_resistance":null,"subschool":"","target":"You","true_name_component":"0","verbal_component":"0","xp_component":"0"}}