{"id":835,"created":1449242765,"modified":1449242765,"data":{"arcane_focus_component":"0","area":null,"casting_time":"1 standard action","corrupt_component":"0","description_html":"\u003cp\u003eAfter an instant to lock the appropriate image in your mind, your touch brings it to life, spreading a new image across the canvas of reality.\u003cbr /\u003eDeceptive facade allows you to alter the appearance of another being or object.\u003cbr /\u003eWhen cast on another creature, it functions as disguise self,\u003cbr /\u003eexcept that it can affect a target other than yourself.\u003cbr /\u003eWhen cast on an inanimate object or a structure, the spell allows you to alter the object\u0026#39;s visible characteristics.\u003cbr /\u003eYou might change its color, make it appear to be made of a different material or substance, increase or decrease its apparent size by up to 10 percent, or modify other cosmetic details.\u003cbr /\u003eDeceptive facade does not alter any other sensory properties of the target.\u003cbr /\u003eA creature that interacts with the glamer can make a Will save to recognize the illusion, just as with disguise self.\u003c/p\u003e","descriptors":"","divine_focus_component":"0","duration":"10 minutes/level (D)","effect":null,"id":835,"material_component":"0","meta_breath_component":"0","name":"Deceptive Facade","page":null,"rulebook":"Complete Mage","saving_throw":"Will negates (harmless, object) or Will disbelief (if interacted with, everyone else)","school":"Illusion","somatic_component":"1","spell_range":"Touch","spell_resistance":"Yes (harmless)","subschool":"Glamer","target":"Creature or object (up to 1 cu. ft./level) touched","true_name_component":"0","verbal_component":"1","xp_component":"0"}}