{"id":837,"created":1449242765,"modified":1449242765,"data":{"arcane_focus_component":"0","area":null,"casting_time":"1 standard action","corrupt_component":"0","description_html":"\u003cp\u003eYour subject takes on a shifty, dishonest demeanor.\u003cbr /\u003eFalse lie causes the subject to appear dishonest and deceptive.\u003cbr /\u003eSense Motive checks made against the subject take a -10 penalty, and any failure convinces the observer that the subject is lying, even if she is not.\u003cbr /\u003eAnyone who casts a spell that reveals lies (such as discern lie)\u003cbr /\u003ecan attempt a caster level check (DC 11 + your caster level); if this fails, the spell registers the individual as lying even when she is not.\u003cbr /\u003eMaterial Component: A serpent\u0026#39;s tongue.\u003c/p\u003e","descriptors":"","divine_focus_component":"0","duration":"1 hour/level","effect":null,"id":837,"material_component":"1","meta_breath_component":"0","name":"False Lie","page":null,"rulebook":"Complete Mage","saving_throw":"Will negates","school":"Illusion","somatic_component":"1","spell_range":"Close (25 ft. + 5 ft./2 levels)","spell_resistance":"Yes","subschool":"Glamer","target":"One creature","true_name_component":"0","verbal_component":"1","xp_component":"0"}}