{"id":845,"created":1449242765,"modified":1449242765,"data":{"arcane_focus_component":"0","area":"","casting_time":"1 standard action","corrupt_component":"0","description_html":"\u003cp\u003eYou delve into your subject\u0026#39;s mind and call forth a clinging, choking horror that drapes itself over him like a vile net.\u003cbr /\u003eYou fashion a nightmare creature from the subject\u0026#39;s mind.\u003cbr /\u003eOnly the subject can sense the assailant, which exists only in the subject\u0026#39;s mind.\u003cbr /\u003eWhen you cast the spell, the subject gets an immediate Will save to recognize the attacker as unreal, which ends the spell.\u003cbr /\u003eIf that save fails, the subject is treated as if it were grappling the phantasmal strangles.\u003cbr /\u003eEach round on your turn, a phantasmal strangler deals 2d6 points of damage to the subject.\u003cbr /\u003eIf the subject is reduced to -1 or fewer hit points, the spell ends.\u003cbr /\u003eEach round on the subject\u0026#39;s turn, it can attempt any of the actions normally allowed to a grappling character.\u003cbr /\u003eTreat a phantasmal strangler\u0026#39;s grapple modifier as equal to that of the subject (including modifiers for Strength, size, and all other factors).\u003cbr /\u003eA phantasmal strangler can\u0026#39;t be damaged, nor can it be pinned.\u003cbr /\u003eIf the subject escapes from the phantasmal strangler\u0026#39;s grasp, the spell ends.\u003c/p\u003e","descriptors":"Mind-Affecting, Fear","divine_focus_component":"0","duration":"5 rounds","effect":"","id":845,"material_component":"0","meta_breath_component":"0","name":"Phantasmal Strangler","page":null,"rulebook":"Complete Mage","saving_throw":"Will disbelief","school":"Illusion","somatic_component":"1","spell_range":"Medium (100 ft. + 10 ft./level)","spell_resistance":"Yes","subschool":"Phantasm","target":"One living creature","true_name_component":"0","verbal_component":"1","xp_component":"0"}}