{"id":846,"created":1449242765,"modified":1449242765,"data":{"arcane_focus_component":"0","area":null,"casting_time":"1 standard action","corrupt_component":"0","description_html":"\u003cp\u003eAs though drawn straight from your imagination, the image you envision springs into existence.\u003cbr /\u003eYou create an image or scene, which can incorporate not only sight but sound, smell, and thermal effects.\u003cbr /\u003eThis effect functions in all respects like major image, except that the illusion is a pattern rather than a figment, and thus has a mind-affecting element to it.\u003cbr /\u003eAnyone who successfully disbelieves the illusion endures a mental backlash that deals 1d6 points of damage +1 point of damage per caster level (maximum +15) and is dazed for 1 round.\u003cbr /\u003eA successful Will save halves the damage and negates the dazed effect.\u003c/p\u003e","descriptors":"Mind-Affecting","divine_focus_component":"0","duration":"Concentration + 3 rounds","effect":"Visual image that can extend as far as four 10-ft. cubes + one 10-ft. cube/level (S)","id":846,"material_component":"0","meta_breath_component":"0","name":"Retributive Image","page":null,"rulebook":"Complete Mage","saving_throw":"Will disbelief (if interacted with), then Will partial","school":"Illusion","somatic_component":"1","spell_range":"Long (400 ft. + 40 ft./level)","spell_resistance":"Yes","subschool":"Pattern","target":null,"true_name_component":"0","verbal_component":"1","xp_component":"0"}}