{"id":872,"created":1449242765,"modified":1449242765,"data":{"arcane_focus_component":"0","area":null,"casting_time":"1 standard action","corrupt_component":"0","description_html":"\u003cp\u003eYour target\u0026#39;s voice rends the air around her, shredding her from within.\u003cbr /\u003eEach time the subject casts a spell with a verbal component, she deals 2d6 points of sonic damage to all creatures within 10 feet of her (including herself).\u003cbr /\u003eShe must then succeed on a Concentration check (DC 15 + damage dealt + spell level) to avoid losing the spell.\u003c/p\u003e","descriptors":"Sonic","divine_focus_component":"0","duration":"24 hours","effect":null,"id":872,"material_component":"0","meta_breath_component":"0","name":"Discordant Malediction","page":null,"rulebook":"Complete Mage","saving_throw":"Will negates","school":"Transmutation","somatic_component":"1","spell_range":"Close (25 ft. + 5 ft./2 levels)","spell_resistance":"Yes","subschool":"","target":"1 creature","true_name_component":"0","verbal_component":"1","xp_component":"0"}}