{"id":877,"created":1449242765,"modified":1449242765,"data":{"arcane_focus_component":"0","area":null,"casting_time":"1 standard action","corrupt_component":"0","description_html":"\u003cp\u003eYou feel your flesh strengthen with the power of stone.\u003cbr /\u003eThis spell converts part of your body into elemental earth, which toughens you considerably.\u003cbr /\u003eYou gain a +8 bonus on checks to resist a bull rush, overrun, or trip attack.\u003cbr /\u003eYou also gain temporary hit points equal to twice your caster level (up to 30 hp).\u003cbr /\u003eFurthermore, while this spell is active, you can activate a stoneskin effect (as the spell) on yourself as a swift action.\u003cbr /\u003eThis benefit lasts for 1 round per level (or until the stoneskin\u0026#39;s total protection is consumed), at the end of which time the spell\u0026#39;s entire effect ends.\u003cbr /\u003eIf heart of earth is active on you at the same time as heart of air, heart of fire, or heart of water, you gain light fortification.\u003cbr /\u003eIf all four of these spells are active on you at the same time, you become immune to extra damage from critical hits and sneak attacks.\u003c/p\u003e","descriptors":"Earth","divine_focus_component":"0","duration":"1 hour/level (D) or until expended","effect":null,"id":877,"material_component":"0","meta_breath_component":"0","name":"Heart of Earth","page":null,"rulebook":"Complete Mage","saving_throw":null,"school":"Transmutation","somatic_component":"1","spell_range":"Personal","spell_resistance":null,"subschool":"","target":"You","true_name_component":"0","verbal_component":"1","xp_component":"0"}}