{"id":961,"created":1449242767,"modified":1449242767,"data":{"arcane_focus_component":"0","area":null,"casting_time":"1 action","corrupt_component":"0","description_html":"\u003cp\u003eYou can temporarily turn any single normal or masterwork melee weapon into a magical, flaming one.\u003cbr /\u003eFor the duration of the spell, the weapon acts as a +1 flaming burst weapon that deals an additional +1d6 points of fire damage.\u003cbr /\u003eOn a critical hit, the weapon deals +1d10 points of bonus fire damage if the weapon\u0026#39;s critical multiplier is x2, +2d10 points if the weapon\u0026#39;s multiplier is x3, and +3d10 points if the multiplier is x4.\u003cbr /\u003eThis spell effect does not stack with a weapon\u0026#39;s enhancement bonus or with a flaming or flaming burst weapon bonus.\u003cbr /\u003eMaterial Focus: A lump of phosphorus, touched to the target weapon.\u003c/p\u003e","descriptors":"","divine_focus_component":"0","duration":"1 round/level","effect":null,"id":961,"material_component":"1","meta_breath_component":"0","name":"Flame of Faith","page":null,"rulebook":"Defenders of the Faith: A Guidebook to Clerics and Paladins","saving_throw":"None","school":"Evocation","somatic_component":"1","spell_range":"Touch","spell_resistance":"No","subschool":"","target":"Nonmagical weapon touched","true_name_component":"0","verbal_component":"1","xp_component":"0"}}