{"id":979,"created":1449242767,"modified":1449242767,"data":{"arcane_focus_component":"0","area":null,"casting_time":"1 action","corrupt_component":"0","description_html":"\u003cp\u003eYou must be using your deity\u0026#39;s favored weapon to cast this spell.\u003cbr /\u003eYou may use the weapon as if you had proficiency with it even if you normally do not.\u003cbr /\u003eThe weapon gains a +1 enhancement bonus on attack and damage rolls and an additional special ability (see the list below).\u003cbr /\u003eA double weapon gains this enhancement bonus and special ability for only one of its two heads, as chosen by the caster.\u003cbr /\u003eWhen you reach 9th caster level, the enhancement bonus of the weapon increases to +2.\u003cbr /\u003eAt 12th level, the bonus rises to +3, at 15th level it is +4, and at 18th level it is +5.\u003c/p\u003e","descriptors":"","divine_focus_component":"1","duration":"1 round/level","effect":null,"id":979,"material_component":"0","meta_breath_component":"0","name":"Weapon of the Deity","page":null,"rulebook":"Defenders of the Faith: A Guidebook to Clerics and Paladins","saving_throw":null,"school":"Transmutation","somatic_component":"0","spell_range":"Personal","spell_resistance":null,"subschool":"","target":"Your weapon","true_name_component":"0","verbal_component":"1","xp_component":"0"}}