{"id":980,"created":1449242768,"modified":1449242768,"data":{"arcane_focus_component":"0","area":null,"casting_time":"1 action","corrupt_component":"0","description_html":"\u003cp\u003eThe spell envelops the warded creature in a shroud of flickering shadows.\u003cbr /\u003eThe shroud can, if the caster desires, conceal the wearer\u0026#39;s features.\u003cbr /\u003eIn any case, it grants the recipient a +3 deflection bonus to Armor Class plus an additional +1 for every four caster levels (maximum bonus +8).\u003cbr /\u003eThe subject can see through the armor as if it did not exist and is also afforded darkvision with a range of 60 feet.\u003cbr /\u003eFinally, the subject gains a +2 bonus on saving throws against any holy, good, or light spells or effects.\u003cbr /\u003eUndead creatures that are subjects of armor of darkness also gain +4 turn resistance.\u003c/p\u003e","descriptors":"Darkness","divine_focus_component":"1","duration":"10 minutes/level","effect":null,"id":980,"material_component":"0","meta_breath_component":"0","name":"Armor of Darkness","page":null,"rulebook":"Deities and Demigods","saving_throw":"Will negates (harmless)","school":"Abjuration","somatic_component":"1","spell_range":"Touch","spell_resistance":"Yes (harmless)","subschool":"","target":"Creature touched","true_name_component":"0","verbal_component":"1","xp_component":"0"}}