{"id":988,"created":1449242768,"modified":1449242768,"data":{"arcane_focus_component":"0","area":"A 20-ft.-radius emanation centered on a creature, object, or point in space","casting_time":"1 action","corrupt_component":"0","description_html":"\u003cp\u003eYou create an area of total darkness.\u003cbr /\u003eThe darkness is impenetrable to normal vision and darkvision, but you can see normally within the blacklit area.\u003cbr /\u003eCreatures outside the spell\u0026#39;s area, even you, cannot see through it.\u003cbr /\u003eYou can cast the spell on a point in space, but the effect is stationary unless you cast it on a mobile object.\u003cbr /\u003eYou can cast the spell on a creature, and the effect then radiates from the creature and moves as it moves.\u003cbr /\u003eUnattended objects and points in space do not get saving throws or benefit from spell resistance.\u003cbr /\u003eBlacklight counters or dispels any light spell of equal or lower level, such as daylight.\u003cbr /\u003eThe 3rd-level cleric spell daylight counters or dispels blacklight.\u003cbr /\u003eMaterial Component: A piece of coal and the dried eyeball of any creature.\u003c/p\u003e","descriptors":"Darkness","divine_focus_component":"0","duration":"1 round/level (D)","effect":null,"id":988,"material_component":"1","meta_breath_component":"0","name":"Blacklight","page":null,"rulebook":"Deities and Demigods","saving_throw":"Will negates or none (object)","school":"Evocation","somatic_component":"1","spell_range":"Close (25 ft. + 5 ft./2 levels)","spell_resistance":"Yes or no (object)","subschool":"","target":null,"true_name_component":"0","verbal_component":"1","xp_component":"0"}}